2026-02-24 13:43:43,373 [Worker-0: Loading available Gradle versions] INFO  o.e.b.c.i.u.g.PublishedGradleVersions - Gradle version information cache is not available. Remote download required.
2026-02-24 13:49:15,813 [Worker-9: 入門コンテンツのインポート] INFO  o.e.m.c.i.e.AbstractTransferListenerAdapter - Downloading https://repo.maven.apache.org/maven2/org/springframework/boot/spring-boot-starter-parent/4.0.3/spring-boot-starter-parent-4.0.3.pom
2026-02-24 13:49:15,857 [Worker-9: 入門コンテンツのインポート] INFO  o.e.m.c.i.e.AbstractTransferListenerAdapter - Downloaded https://repo.maven.apache.org/maven2/org/springframework/boot/spring-boot-starter-parent/4.0.3/spring-boot-starter-parent-4.0.3.pom
2026-02-24 13:49:15,926 [Worker-9: 入門コンテンツのインポート] INFO  o.e.m.c.i.e.AbstractTransferListenerAdapter - Downloading https://repo.maven.apache.org/maven2/org/springframework/boot/spring-boot-dependencies/4.0.3/spring-boot-dependencies-4.0.3.pom
2026-02-24 13:49:15,977 [Worker-9: 入門コンテンツのインポート] INFO  o.e.m.c.i.e.AbstractTransferListenerAdapter - Downloaded https://repo.maven.apache.org/maven2/org/springframework/boot/spring-boot-dependencies/4.0.3/spring-boot-dependencies-4.0.3.pom
2026-02-24 13:49:16,082 [Worker-9: 入門コンテンツのインポート] INFO  o.e.m.c.i.e.AbstractTransferListenerAdapter - Downloading https://repo.maven.apache.org/maven2/org/apache/activemq/activemq-bom/6.1.8/activemq-bom-6.1.8.pom
2026-02-24 13:49:16,114 [Worker-9: 入門コンテンツのインポート] INFO  o.e.m.c.i.e.AbstractTransferListenerAdapter - Downloaded https://repo.maven.apache.org/maven2/org/apache/activemq/activemq-bom/6.1.8/activemq-bom-6.1.8.pom
2026-02-24 13:49:16,162 [Worker-9: 入門コンテンツのインポート] INFO  o.e.m.c.i.e.AbstractTransferListenerAdapter - Downloading https://repo.maven.apache.org/maven2/org/apache/activemq/artemis-bom/2.43.0/artemis-bom-2.43.0.pom
2026-02-24 13:49:16,197 [Worker-9: 入門コンテンツのインポート] INFO  o.e.m.c.i.e.AbstractTransferListenerAdapter - Downloaded https://repo.maven.apache.org/maven2/org/apache/activemq/artemis-bom/2.43.0/artemis-bom-2.43.0.pom
2026-02-24 13:49:16,257 [Worker-9: 入門コンテンツのインポート] INFO  o.e.m.c.i.e.AbstractTransferListenerAdapter - Downloading https://repo.maven.apache.org/maven2/org/apache/activemq/artemis-project/2.43.0/artemis-project-2.43.0.pom
2026-02-24 13:49:16,297 [Worker-9: 入門コンテンツのインポート] INFO  o.e.m.c.i.e.AbstractTransferListenerAdapter - Downloaded https://repo.maven.apache.org/maven2/org/apache/activemq/artemis-project/2.43.0/artemis-project-2.43.0.pom
2026-02-24 13:49:16,362 [Worker-9: 入門コンテンツのインポート] INFO  o.e.m.c.i.e.AbstractTransferListenerAdapter - Downloading https://repo.maven.apache.org/maven2/org/apache/apache/35/apache-35.pom
2026-02-24 13:49:16,403 [Worker-9: 入門コンテンツのインポート] INFO  o.e.m.c.i.e.AbstractTransferListenerAdapter - Downloaded https://repo.maven.apache.org/maven2/org/apache/apache/35/apache-35.pom
2026-02-24 13:49:16,470 [Worker-9: 入門コンテンツのインポート] INFO  o.e.m.c.i.e.AbstractTransferListenerAdapter - Downloading https://repo.maven.apache.org/maven2/org/assertj/assertj-bom/3.27.7/assertj-bom-3.27.7.pom
2026-02-24 13:49:16,506 [Worker-9: 入門コンテンツのインポート] INFO  o.e.m.c.i.e.AbstractTransferListenerAdapter - Downloaded https://repo.maven.apache.org/maven2/org/assertj/assertj-bom/3.27.7/assertj-bom-3.27.7.pom
2026-02-24 13:49:16,556 [Worker-9: 入門コンテンツのインポート] INFO  o.e.m.c.i.e.AbstractTransferListenerAdapter - Downloading https://repo.maven.apache.org/maven2/io/zipkin/reporter2/zipkin-reporter-bom/3.5.1/zipkin-reporter-bom-3.5.1.pom
2026-02-24 13:49:16,590 [Worker-9: 入門コンテンツのインポート] INFO  o.e.m.c.i.e.AbstractTransferListenerAdapter - Downloaded https://repo.maven.apache.org/maven2/io/zipkin/reporter2/zipkin-reporter-bom/3.5.1/zipkin-reporter-bom-3.5.1.pom
2026-02-24 13:49:16,645 [Worker-9: 入門コンテンツのインポート] INFO  o.e.m.c.i.e.AbstractTransferListenerAdapter - Downloading https://repo.maven.apache.org/maven2/io/zipkin/brave/brave-bom/6.3.0/brave-bom-6.3.0.pom
2026-02-24 13:49:16,682 [Worker-9: 入門コンテンツのインポート] INFO  o.e.m.c.i.e.AbstractTransferListenerAdapter - Downloaded https://repo.maven.apache.org/maven2/io/zipkin/brave/brave-bom/6.3.0/brave-bom-6.3.0.pom
2026-02-24 13:49:16,739 [Worker-9: 入門コンテンツのインポート] INFO  o.e.m.c.i.e.AbstractTransferListenerAdapter - Downloading https://repo.maven.apache.org/maven2/org/apache/cassandra/java-driver-bom/4.19.2/java-driver-bom-4.19.2.pom
2026-02-24 13:49:16,773 [Worker-9: 入門コンテンツのインポート] INFO  o.e.m.c.i.e.AbstractTransferListenerAdapter - Downloaded https://repo.maven.apache.org/maven2/org/apache/cassandra/java-driver-bom/4.19.2/java-driver-bom-4.19.2.pom
2026-02-24 13:49:16,824 [Worker-9: 入門コンテンツのインポート] INFO  o.e.m.c.i.e.AbstractTransferListenerAdapter - Downloading https://repo.maven.apache.org/maven2/org/apache/groovy/groovy-bom/5.0.4/groovy-bom-5.0.4.pom
2026-02-24 13:49:16,858 [Worker-9: 入門コンテンツのインポート] INFO  o.e.m.c.i.e.AbstractTransferListenerAdapter - Downloaded https://repo.maven.apache.org/maven2/org/apache/groovy/groovy-bom/5.0.4/groovy-bom-5.0.4.pom
2026-02-24 13:49:16,914 [Worker-9: 入門コンテンツのインポート] INFO  o.e.m.c.i.e.AbstractTransferListenerAdapter - Downloading https://repo.maven.apache.org/maven2/org/infinispan/infinispan-bom/15.2.6.Final/infinispan-bom-15.2.6.Final.pom
2026-02-24 13:49:16,947 [Worker-9: 入門コンテンツのインポート] INFO  o.e.m.c.i.e.AbstractTransferListenerAdapter - Downloaded https://repo.maven.apache.org/maven2/org/infinispan/infinispan-bom/15.2.6.Final/infinispan-bom-15.2.6.Final.pom
2026-02-24 13:49:17,005 [Worker-9: 入門コンテンツのインポート] INFO  o.e.m.c.i.e.AbstractTransferListenerAdapter - Downloading https://repo.maven.apache.org/maven2/org/infinispan/infinispan-build-configuration-parent/15.2.6.Final/infinispan-build-configuration-parent-15.2.6.Final.pom
2026-02-24 13:49:17,048 [Worker-9: 入門コンテンツのインポート] INFO  o.e.m.c.i.e.AbstractTransferListenerAdapter - Downloaded https://repo.maven.apache.org/maven2/org/infinispan/infinispan-build-configuration-parent/15.2.6.Final/infinispan-build-configuration-parent-15.2.6.Final.pom
2026-02-24 13:49:17,112 [Worker-9: 入門コンテンツのインポート] INFO  o.e.m.c.i.e.AbstractTransferListenerAdapter - Downloading https://repo.maven.apache.org/maven2/com/fasterxml/jackson/jackson-bom/2.20.2/jackson-bom-2.20.2.pom
2026-02-24 13:49:17,146 [Worker-9: 入門コンテンツのインポート] INFO  o.e.m.c.i.e.AbstractTransferListenerAdapter - Downloaded https://repo.maven.apache.org/maven2/com/fasterxml/jackson/jackson-bom/2.20.2/jackson-bom-2.20.2.pom
2026-02-24 13:49:17,222 [Worker-9: 入門コンテンツのインポート] INFO  o.e.m.c.i.e.AbstractTransferListenerAdapter - Downloading https://repo.maven.apache.org/maven2/com/fasterxml/jackson/jackson-parent/2.20/jackson-parent-2.20.pom
2026-02-24 13:49:17,252 [Worker-9: 入門コンテンツのインポート] INFO  o.e.m.c.i.e.AbstractTransferListenerAdapter - Downloaded https://repo.maven.apache.org/maven2/com/fasterxml/jackson/jackson-parent/2.20/jackson-parent-2.20.pom
2026-02-24 13:49:17,300 [Worker-9: 入門コンテンツのインポート] INFO  o.e.m.c.i.e.AbstractTransferListenerAdapter - Downloading https://repo.maven.apache.org/maven2/com/fasterxml/oss-parent/70/oss-parent-70.pom
2026-02-24 13:49:17,336 [Worker-9: 入門コンテンツのインポート] INFO  o.e.m.c.i.e.AbstractTransferListenerAdapter - Downloaded https://repo.maven.apache.org/maven2/com/fasterxml/oss-parent/70/oss-parent-70.pom
2026-02-24 13:49:17,405 [Worker-9: 入門コンテンツのインポート] INFO  o.e.m.c.i.e.AbstractTransferListenerAdapter - Downloading https://repo.maven.apache.org/maven2/tools/jackson/jackson-bom/3.0.4/jackson-bom-3.0.4.pom
2026-02-24 13:49:17,444 [Worker-9: 入門コンテンツのインポート] INFO  o.e.m.c.i.e.AbstractTransferListenerAdapter - Downloaded https://repo.maven.apache.org/maven2/tools/jackson/jackson-bom/3.0.4/jackson-bom-3.0.4.pom
2026-02-24 13:49:17,508 [Worker-9: 入門コンテンツのインポート] INFO  o.e.m.c.i.e.AbstractTransferListenerAdapter - Downloading https://repo.maven.apache.org/maven2/com/fasterxml/oss-parent/73/oss-parent-73.pom
2026-02-24 13:49:17,544 [Worker-9: 入門コンテンツのインポート] INFO  o.e.m.c.i.e.AbstractTransferListenerAdapter - Downloaded https://repo.maven.apache.org/maven2/com/fasterxml/oss-parent/73/oss-parent-73.pom
2026-02-24 13:49:17,607 [Worker-9: 入門コンテンツのインポート] INFO  o.e.m.c.i.e.AbstractTransferListenerAdapter - Downloading https://repo.maven.apache.org/maven2/org/glassfish/jersey/jersey-bom/4.0.2/jersey-bom-4.0.2.pom
2026-02-24 13:49:17,641 [Worker-9: 入門コンテンツのインポート] INFO  o.e.m.c.i.e.AbstractTransferListenerAdapter - Downloaded https://repo.maven.apache.org/maven2/org/glassfish/jersey/jersey-bom/4.0.2/jersey-bom-4.0.2.pom
2026-02-24 13:49:17,700 [Worker-9: 入門コンテンツのインポート] INFO  o.e.m.c.i.e.AbstractTransferListenerAdapter - Downloading https://repo.maven.apache.org/maven2/org/eclipse/ee4j/project/1.0.9/project-1.0.9.pom
2026-02-24 13:49:17,736 [Worker-9: 入門コンテンツのインポート] INFO  o.e.m.c.i.e.AbstractTransferListenerAdapter - Downloaded https://repo.maven.apache.org/maven2/org/eclipse/ee4j/project/1.0.9/project-1.0.9.pom
2026-02-24 13:49:17,860 [Worker-9: 入門コンテンツのインポート] INFO  o.e.m.c.i.e.AbstractTransferListenerAdapter - Downloading https://repo.maven.apache.org/maven2/org/eclipse/jetty/ee11/jetty-ee11-bom/12.1.6/jetty-ee11-bom-12.1.6.pom
2026-02-24 13:49:17,899 [Worker-9: 入門コンテンツのインポート] INFO  o.e.m.c.i.e.AbstractTransferListenerAdapter - Downloaded https://repo.maven.apache.org/maven2/org/eclipse/jetty/ee11/jetty-ee11-bom/12.1.6/jetty-ee11-bom-12.1.6.pom
2026-02-24 13:49:17,958 [Worker-9: 入門コンテンツのインポート] INFO  o.e.m.c.i.e.AbstractTransferListenerAdapter - Downloading https://repo.maven.apache.org/maven2/org/eclipse/jetty/jetty-bom/12.1.6/jetty-bom-12.1.6.pom
2026-02-24 13:49:17,996 [Worker-9: 入門コンテンツのインポート] INFO  o.e.m.c.i.e.AbstractTransferListenerAdapter - Downloaded https://repo.maven.apache.org/maven2/org/eclipse/jetty/jetty-bom/12.1.6/jetty-bom-12.1.6.pom
2026-02-24 13:49:18,054 [Worker-9: 入門コンテンツのインポート] INFO  o.e.m.c.i.e.AbstractTransferListenerAdapter - Downloading https://repo.maven.apache.org/maven2/org/jooq/jooq-bom/3.19.30/jooq-bom-3.19.30.pom
2026-02-24 13:49:18,086 [Worker-9: 入門コンテンツのインポート] INFO  o.e.m.c.i.e.AbstractTransferListenerAdapter - Downloaded https://repo.maven.apache.org/maven2/org/jooq/jooq-bom/3.19.30/jooq-bom-3.19.30.pom
2026-02-24 13:49:18,136 [Worker-9: 入門コンテンツのインポート] INFO  o.e.m.c.i.e.AbstractTransferListenerAdapter - Downloading https://repo.maven.apache.org/maven2/org/junit/junit-bom/6.0.3/junit-bom-6.0.3.pom
2026-02-24 13:49:18,169 [Worker-9: 入門コンテンツのインポート] INFO  o.e.m.c.i.e.AbstractTransferListenerAdapter - Downloaded https://repo.maven.apache.org/maven2/org/junit/junit-bom/6.0.3/junit-bom-6.0.3.pom
2026-02-24 13:49:18,217 [Worker-9: 入門コンテンツのインポート] INFO  o.e.m.c.i.e.AbstractTransferListenerAdapter - Downloading https://repo.maven.apache.org/maven2/org/jetbrains/kotlin/kotlin-bom/2.2.21/kotlin-bom-2.2.21.pom
2026-02-24 13:49:18,252 [Worker-9: 入門コンテンツのインポート] INFO  o.e.m.c.i.e.AbstractTransferListenerAdapter - Downloaded https://repo.maven.apache.org/maven2/org/jetbrains/kotlin/kotlin-bom/2.2.21/kotlin-bom-2.2.21.pom
2026-02-24 13:49:18,310 [Worker-9: 入門コンテンツのインポート] INFO  o.e.m.c.i.e.AbstractTransferListenerAdapter - Downloading https://repo.maven.apache.org/maven2/org/jetbrains/kotlinx/kotlinx-coroutines-bom/1.10.2/kotlinx-coroutines-bom-1.10.2.pom
2026-02-24 13:49:18,343 [Worker-9: 入門コンテンツのインポート] INFO  o.e.m.c.i.e.AbstractTransferListenerAdapter - Downloaded https://repo.maven.apache.org/maven2/org/jetbrains/kotlinx/kotlinx-coroutines-bom/1.10.2/kotlinx-coroutines-bom-1.10.2.pom
2026-02-24 13:49:18,388 [Worker-9: 入門コンテンツのインポート] INFO  o.e.m.c.i.e.AbstractTransferListenerAdapter - Downloading https://repo.maven.apache.org/maven2/org/jetbrains/kotlinx/kotlinx-serialization-bom/1.9.0/kotlinx-serialization-bom-1.9.0.pom
2026-02-24 13:49:18,421 [Worker-9: 入門コンテンツのインポート] INFO  o.e.m.c.i.e.AbstractTransferListenerAdapter - Downloaded https://repo.maven.apache.org/maven2/org/jetbrains/kotlinx/kotlinx-serialization-bom/1.9.0/kotlinx-serialization-bom-1.9.0.pom
2026-02-24 13:49:18,469 [Worker-9: 入門コンテンツのインポート] INFO  o.e.m.c.i.e.AbstractTransferListenerAdapter - Downloading https://repo.maven.apache.org/maven2/org/apache/logging/log4j/log4j-bom/2.25.3/log4j-bom-2.25.3.pom
2026-02-24 13:49:18,499 [Worker-9: 入門コンテンツのインポート] INFO  o.e.m.c.i.e.AbstractTransferListenerAdapter - Downloaded https://repo.maven.apache.org/maven2/org/apache/logging/log4j/log4j-bom/2.25.3/log4j-bom-2.25.3.pom
2026-02-24 13:49:18,553 [Worker-9: 入門コンテンツのインポート] INFO  o.e.m.c.i.e.AbstractTransferListenerAdapter - Downloading https://repo.maven.apache.org/maven2/io/micrometer/micrometer-bom/1.16.3/micrometer-bom-1.16.3.pom
2026-02-24 13:49:18,724 [Worker-9: 入門コンテンツのインポート] INFO  o.e.m.c.i.e.AbstractTransferListenerAdapter - Downloaded https://repo.maven.apache.org/maven2/io/micrometer/micrometer-bom/1.16.3/micrometer-bom-1.16.3.pom
2026-02-24 13:49:18,783 [Worker-9: 入門コンテンツのインポート] INFO  o.e.m.c.i.e.AbstractTransferListenerAdapter - Downloading https://repo.maven.apache.org/maven2/io/micrometer/micrometer-tracing-bom/1.6.3/micrometer-tracing-bom-1.6.3.pom
2026-02-24 13:49:18,818 [Worker-9: 入門コンテンツのインポート] INFO  o.e.m.c.i.e.AbstractTransferListenerAdapter - Downloaded https://repo.maven.apache.org/maven2/io/micrometer/micrometer-tracing-bom/1.6.3/micrometer-tracing-bom-1.6.3.pom
2026-02-24 13:49:18,864 [Worker-9: 入門コンテンツのインポート] INFO  o.e.m.c.i.e.AbstractTransferListenerAdapter - Downloading https://repo.maven.apache.org/maven2/org/mockito/mockito-bom/5.20.0/mockito-bom-5.20.0.pom
2026-02-24 13:49:18,900 [Worker-9: 入門コンテンツのインポート] INFO  o.e.m.c.i.e.AbstractTransferListenerAdapter - Downloaded https://repo.maven.apache.org/maven2/org/mockito/mockito-bom/5.20.0/mockito-bom-5.20.0.pom
2026-02-24 13:49:18,947 [Worker-9: 入門コンテンツのインポート] INFO  o.e.m.c.i.e.AbstractTransferListenerAdapter - Downloading https://repo.maven.apache.org/maven2/org/mongodb/mongodb-driver-bom/5.6.3/mongodb-driver-bom-5.6.3.pom
2026-02-24 13:49:18,984 [Worker-9: 入門コンテンツのインポート] INFO  o.e.m.c.i.e.AbstractTransferListenerAdapter - Downloaded https://repo.maven.apache.org/maven2/org/mongodb/mongodb-driver-bom/5.6.3/mongodb-driver-bom-5.6.3.pom
2026-02-24 13:49:19,032 [Worker-9: 入門コンテンツのインポート] INFO  o.e.m.c.i.e.AbstractTransferListenerAdapter - Downloading https://repo.maven.apache.org/maven2/org/neo4j/driver/neo4j-java-driver-bom/6.0.2/neo4j-java-driver-bom-6.0.2.pom
2026-02-24 13:49:19,065 [Worker-9: 入門コンテンツのインポート] INFO  o.e.m.c.i.e.AbstractTransferListenerAdapter - Downloaded https://repo.maven.apache.org/maven2/org/neo4j/driver/neo4j-java-driver-bom/6.0.2/neo4j-java-driver-bom-6.0.2.pom
2026-02-24 13:49:19,112 [Worker-9: 入門コンテンツのインポート] INFO  o.e.m.c.i.e.AbstractTransferListenerAdapter - Downloading https://repo.maven.apache.org/maven2/org/neo4j/bolt/neo4j-bolt-connection-bom/10.1.0/neo4j-bolt-connection-bom-10.1.0.pom
2026-02-24 13:49:19,147 [Worker-9: 入門コンテンツのインポート] INFO  o.e.m.c.i.e.AbstractTransferListenerAdapter - Downloaded https://repo.maven.apache.org/maven2/org/neo4j/bolt/neo4j-bolt-connection-bom/10.1.0/neo4j-bolt-connection-bom-10.1.0.pom
2026-02-24 13:49:19,201 [Worker-9: 入門コンテンツのインポート] INFO  o.e.m.c.i.e.AbstractTransferListenerAdapter - Downloading https://repo.maven.apache.org/maven2/io/netty/netty-bom/4.2.10.Final/netty-bom-4.2.10.Final.pom
2026-02-24 13:49:19,236 [Worker-9: 入門コンテンツのインポート] INFO  o.e.m.c.i.e.AbstractTransferListenerAdapter - Downloaded https://repo.maven.apache.org/maven2/io/netty/netty-bom/4.2.10.Final/netty-bom-4.2.10.Final.pom
2026-02-24 13:49:19,296 [Worker-9: 入門コンテンツのインポート] INFO  o.e.m.c.i.e.AbstractTransferListenerAdapter - Downloading https://repo.maven.apache.org/maven2/org/sonatype/oss/oss-parent/7/oss-parent-7.pom
2026-02-24 13:49:19,332 [Worker-9: 入門コンテンツのインポート] INFO  o.e.m.c.i.e.AbstractTransferListenerAdapter - Downloaded https://repo.maven.apache.org/maven2/org/sonatype/oss/oss-parent/7/oss-parent-7.pom
2026-02-24 13:49:19,378 [Worker-9: 入門コンテンツのインポート] INFO  o.e.m.c.i.e.AbstractTransferListenerAdapter - Downloading https://repo.maven.apache.org/maven2/io/opentelemetry/opentelemetry-bom/1.55.0/opentelemetry-bom-1.55.0.pom
2026-02-24 13:49:19,413 [Worker-9: 入門コンテンツのインポート] INFO  o.e.m.c.i.e.AbstractTransferListenerAdapter - Downloaded https://repo.maven.apache.org/maven2/io/opentelemetry/opentelemetry-bom/1.55.0/opentelemetry-bom-1.55.0.pom
2026-02-24 13:49:19,464 [Worker-9: 入門コンテンツのインポート] INFO  o.e.m.c.i.e.AbstractTransferListenerAdapter - Downloading https://repo.maven.apache.org/maven2/io/prometheus/prometheus-metrics-bom/1.4.3/prometheus-metrics-bom-1.4.3.pom
2026-02-24 13:49:19,491 [Worker-9: 入門コンテンツのインポート] INFO  o.e.m.c.i.e.AbstractTransferListenerAdapter - Downloaded https://repo.maven.apache.org/maven2/io/prometheus/prometheus-metrics-bom/1.4.3/prometheus-metrics-bom-1.4.3.pom
2026-02-24 13:49:19,539 [Worker-9: 入門コンテンツのインポート] INFO  o.e.m.c.i.e.AbstractTransferListenerAdapter - Downloading https://repo.maven.apache.org/maven2/io/prometheus/client_java_parent/1.4.3/client_java_parent-1.4.3.pom
2026-02-24 13:49:19,571 [Worker-9: 入門コンテンツのインポート] INFO  o.e.m.c.i.e.AbstractTransferListenerAdapter - Downloaded https://repo.maven.apache.org/maven2/io/prometheus/client_java_parent/1.4.3/client_java_parent-1.4.3.pom
2026-02-24 13:49:19,614 [Worker-9: 入門コンテンツのインポート] INFO  o.e.m.c.i.e.AbstractTransferListenerAdapter - Downloading https://repo.maven.apache.org/maven2/io/prometheus/simpleclient_bom/0.16.0/simpleclient_bom-0.16.0.pom
2026-02-24 13:49:19,646 [Worker-9: 入門コンテンツのインポート] INFO  o.e.m.c.i.e.AbstractTransferListenerAdapter - Downloaded https://repo.maven.apache.org/maven2/io/prometheus/simpleclient_bom/0.16.0/simpleclient_bom-0.16.0.pom
2026-02-24 13:49:19,693 [Worker-9: 入門コンテンツのインポート] INFO  o.e.m.c.i.e.AbstractTransferListenerAdapter - Downloading https://repo.maven.apache.org/maven2/io/prometheus/parent/0.16.0/parent-0.16.0.pom
2026-02-24 13:49:19,730 [Worker-9: 入門コンテンツのインポート] INFO  o.e.m.c.i.e.AbstractTransferListenerAdapter - Downloaded https://repo.maven.apache.org/maven2/io/prometheus/parent/0.16.0/parent-0.16.0.pom
2026-02-24 13:49:19,795 [Worker-9: 入門コンテンツのインポート] INFO  o.e.m.c.i.e.AbstractTransferListenerAdapter - Downloading https://repo.maven.apache.org/maven2/org/apache/pulsar/pulsar-bom/4.1.2/pulsar-bom-4.1.2.pom
2026-02-24 13:49:19,837 [Worker-9: 入門コンテンツのインポート] INFO  o.e.m.c.i.e.AbstractTransferListenerAdapter - Downloaded https://repo.maven.apache.org/maven2/org/apache/pulsar/pulsar-bom/4.1.2/pulsar-bom-4.1.2.pom
2026-02-24 13:49:19,892 [Worker-9: 入門コンテンツのインポート] INFO  o.e.m.c.i.e.AbstractTransferListenerAdapter - Downloading https://repo.maven.apache.org/maven2/com/querydsl/querydsl-bom/5.1.0/querydsl-bom-5.1.0.pom
2026-02-24 13:49:19,923 [Worker-9: 入門コンテンツのインポート] INFO  o.e.m.c.i.e.AbstractTransferListenerAdapter - Downloaded https://repo.maven.apache.org/maven2/com/querydsl/querydsl-bom/5.1.0/querydsl-bom-5.1.0.pom
2026-02-24 13:49:19,971 [Worker-9: 入門コンテンツのインポート] INFO  o.e.m.c.i.e.AbstractTransferListenerAdapter - Downloading https://repo.maven.apache.org/maven2/io/projectreactor/reactor-bom/2025.0.3/reactor-bom-2025.0.3.pom
2026-02-24 13:49:20,005 [Worker-9: 入門コンテンツのインポート] INFO  o.e.m.c.i.e.AbstractTransferListenerAdapter - Downloaded https://repo.maven.apache.org/maven2/io/projectreactor/reactor-bom/2025.0.3/reactor-bom-2025.0.3.pom
2026-02-24 13:49:20,047 [Worker-9: 入門コンテンツのインポート] INFO  o.e.m.c.i.e.AbstractTransferListenerAdapter - Downloading https://repo.maven.apache.org/maven2/io/rsocket/rsocket-bom/1.1.5/rsocket-bom-1.1.5.pom
2026-02-24 13:49:20,093 [Worker-9: 入門コンテンツのインポート] INFO  o.e.m.c.i.e.AbstractTransferListenerAdapter - Downloaded https://repo.maven.apache.org/maven2/io/rsocket/rsocket-bom/1.1.5/rsocket-bom-1.1.5.pom
2026-02-24 13:49:20,142 [Worker-9: 入門コンテンツのインポート] INFO  o.e.m.c.i.e.AbstractTransferListenerAdapter - Downloading https://repo.maven.apache.org/maven2/org/seleniumhq/selenium/selenium-bom/4.37.0/selenium-bom-4.37.0.pom
2026-02-24 13:49:20,173 [Worker-9: 入門コンテンツのインポート] INFO  o.e.m.c.i.e.AbstractTransferListenerAdapter - Downloaded https://repo.maven.apache.org/maven2/org/seleniumhq/selenium/selenium-bom/4.37.0/selenium-bom-4.37.0.pom
2026-02-24 13:49:20,221 [Worker-9: 入門コンテンツのインポート] INFO  o.e.m.c.i.e.AbstractTransferListenerAdapter - Downloading https://repo.maven.apache.org/maven2/org/springframework/amqp/spring-amqp-bom/4.0.2/spring-amqp-bom-4.0.2.pom
2026-02-24 13:49:20,252 [Worker-9: 入門コンテンツのインポート] INFO  o.e.m.c.i.e.AbstractTransferListenerAdapter - Downloaded https://repo.maven.apache.org/maven2/org/springframework/amqp/spring-amqp-bom/4.0.2/spring-amqp-bom-4.0.2.pom
2026-02-24 13:49:20,302 [Worker-9: 入門コンテンツのインポート] INFO  o.e.m.c.i.e.AbstractTransferListenerAdapter - Downloading https://repo.maven.apache.org/maven2/org/springframework/batch/spring-batch-bom/6.0.2/spring-batch-bom-6.0.2.pom
2026-02-24 13:49:20,334 [Worker-9: 入門コンテンツのインポート] INFO  o.e.m.c.i.e.AbstractTransferListenerAdapter - Downloaded https://repo.maven.apache.org/maven2/org/springframework/batch/spring-batch-bom/6.0.2/spring-batch-bom-6.0.2.pom
2026-02-24 13:49:20,383 [Worker-9: 入門コンテンツのインポート] INFO  o.e.m.c.i.e.AbstractTransferListenerAdapter - Downloading https://repo.maven.apache.org/maven2/org/springframework/data/spring-data-bom/2025.1.3/spring-data-bom-2025.1.3.pom
2026-02-24 13:49:20,415 [Worker-9: 入門コンテンツのインポート] INFO  o.e.m.c.i.e.AbstractTransferListenerAdapter - Downloaded https://repo.maven.apache.org/maven2/org/springframework/data/spring-data-bom/2025.1.3/spring-data-bom-2025.1.3.pom
2026-02-24 13:49:20,463 [Worker-9: 入門コンテンツのインポート] INFO  o.e.m.c.i.e.AbstractTransferListenerAdapter - Downloading https://repo.maven.apache.org/maven2/org/springframework/spring-framework-bom/7.0.5/spring-framework-bom-7.0.5.pom
2026-02-24 13:49:20,496 [Worker-9: 入門コンテンツのインポート] INFO  o.e.m.c.i.e.AbstractTransferListenerAdapter - Downloaded https://repo.maven.apache.org/maven2/org/springframework/spring-framework-bom/7.0.5/spring-framework-bom-7.0.5.pom
2026-02-24 13:49:20,544 [Worker-9: 入門コンテンツのインポート] INFO  o.e.m.c.i.e.AbstractTransferListenerAdapter - Downloading https://repo.maven.apache.org/maven2/org/springframework/integration/spring-integration-bom/7.0.3/spring-integration-bom-7.0.3.pom
2026-02-24 13:49:20,580 [Worker-9: 入門コンテンツのインポート] INFO  o.e.m.c.i.e.AbstractTransferListenerAdapter - Downloaded https://repo.maven.apache.org/maven2/org/springframework/integration/spring-integration-bom/7.0.3/spring-integration-bom-7.0.3.pom
2026-02-24 13:49:20,637 [Worker-9: 入門コンテンツのインポート] INFO  o.e.m.c.i.e.AbstractTransferListenerAdapter - Downloading https://repo.maven.apache.org/maven2/org/springframework/pulsar/spring-pulsar-bom/2.0.3/spring-pulsar-bom-2.0.3.pom
2026-02-24 13:49:20,673 [Worker-9: 入門コンテンツのインポート] INFO  o.e.m.c.i.e.AbstractTransferListenerAdapter - Downloaded https://repo.maven.apache.org/maven2/org/springframework/pulsar/spring-pulsar-bom/2.0.3/spring-pulsar-bom-2.0.3.pom
2026-02-24 13:49:20,723 [Worker-9: 入門コンテンツのインポート] INFO  o.e.m.c.i.e.AbstractTransferListenerAdapter - Downloading https://repo.maven.apache.org/maven2/org/springframework/restdocs/spring-restdocs-bom/4.0.0/spring-restdocs-bom-4.0.0.pom
2026-02-24 13:49:20,758 [Worker-9: 入門コンテンツのインポート] INFO  o.e.m.c.i.e.AbstractTransferListenerAdapter - Downloaded https://repo.maven.apache.org/maven2/org/springframework/restdocs/spring-restdocs-bom/4.0.0/spring-restdocs-bom-4.0.0.pom
2026-02-24 13:49:20,805 [Worker-9: 入門コンテンツのインポート] INFO  o.e.m.c.i.e.AbstractTransferListenerAdapter - Downloading https://repo.maven.apache.org/maven2/org/springframework/security/spring-security-bom/7.0.3/spring-security-bom-7.0.3.pom
2026-02-24 13:49:20,833 [Worker-9: 入門コンテンツのインポート] INFO  o.e.m.c.i.e.AbstractTransferListenerAdapter - Downloaded https://repo.maven.apache.org/maven2/org/springframework/security/spring-security-bom/7.0.3/spring-security-bom-7.0.3.pom
2026-02-24 13:49:20,882 [Worker-9: 入門コンテンツのインポート] INFO  o.e.m.c.i.e.AbstractTransferListenerAdapter - Downloading https://repo.maven.apache.org/maven2/org/springframework/session/spring-session-bom/4.0.2/spring-session-bom-4.0.2.pom
2026-02-24 13:49:20,912 [Worker-9: 入門コンテンツのインポート] INFO  o.e.m.c.i.e.AbstractTransferListenerAdapter - Downloaded https://repo.maven.apache.org/maven2/org/springframework/session/spring-session-bom/4.0.2/spring-session-bom-4.0.2.pom
2026-02-24 13:49:20,961 [Worker-9: 入門コンテンツのインポート] INFO  o.e.m.c.i.e.AbstractTransferListenerAdapter - Downloading https://repo.maven.apache.org/maven2/org/springframework/ws/spring-ws-bom/5.0.0/spring-ws-bom-5.0.0.pom
2026-02-24 13:49:20,992 [Worker-9: 入門コンテンツのインポート] INFO  o.e.m.c.i.e.AbstractTransferListenerAdapter - Downloaded https://repo.maven.apache.org/maven2/org/springframework/ws/spring-ws-bom/5.0.0/spring-ws-bom-5.0.0.pom
2026-02-24 13:49:21,041 [Worker-9: 入門コンテンツのインポート] INFO  o.e.m.c.i.e.AbstractTransferListenerAdapter - Downloading https://repo.maven.apache.org/maven2/org/testcontainers/testcontainers-bom/2.0.3/testcontainers-bom-2.0.3.pom
2026-02-24 13:49:21,074 [Worker-9: 入門コンテンツのインポート] INFO  o.e.m.c.i.e.AbstractTransferListenerAdapter - Downloaded https://repo.maven.apache.org/maven2/org/testcontainers/testcontainers-bom/2.0.3/testcontainers-bom-2.0.3.pom
2026-02-24 13:49:21,736 [Worker-9: 入門コンテンツのインポート] INFO  o.e.m.c.i.e.AbstractTransferListenerAdapter - Downloading https://repo.maven.apache.org/maven2/org/springframework/boot/spring-boot-maven-plugin/4.0.3/spring-boot-maven-plugin-4.0.3.pom
2026-02-24 13:49:21,773 [Worker-9: 入門コンテンツのインポート] INFO  o.e.m.c.i.e.AbstractTransferListenerAdapter - Downloaded https://repo.maven.apache.org/maven2/org/springframework/boot/spring-boot-maven-plugin/4.0.3/spring-boot-maven-plugin-4.0.3.pom
2026-02-24 13:49:21,833 [Worker-9: 入門コンテンツのインポート] INFO  o.e.m.c.i.e.AbstractTransferListenerAdapter - Downloading https://repo.maven.apache.org/maven2/org/springframework/boot/spring-boot-maven-plugin/4.0.3/spring-boot-maven-plugin-4.0.3.jar
2026-02-24 13:49:21,893 [Worker-9: 入門コンテンツのインポート] INFO  o.e.m.c.i.e.AbstractTransferListenerAdapter - Downloaded https://repo.maven.apache.org/maven2/org/springframework/boot/spring-boot-maven-plugin/4.0.3/spring-boot-maven-plugin-4.0.3.jar
2026-02-24 13:49:22,006 [Worker-9: 入門コンテンツのインポート] INFO  o.e.m.c.i.e.AbstractTransferListenerAdapter - Downloading https://repo.maven.apache.org/maven2/org/apache/maven/plugins/maven-clean-plugin/3.5.0/maven-clean-plugin-3.5.0.jar
2026-02-24 13:49:22,346 [Worker-9: 入門コンテンツのインポート] INFO  o.e.m.c.i.e.AbstractTransferListenerAdapter - Downloaded https://repo.maven.apache.org/maven2/org/apache/maven/plugins/maven-clean-plugin/3.5.0/maven-clean-plugin-3.5.0.jar
2026-02-24 13:49:22,561 [Worker-9: 入門コンテンツのインポート] INFO  o.e.m.c.i.e.AbstractTransferListenerAdapter - Downloading https://repo.maven.apache.org/maven2/org/apache/maven/plugins/maven-resources-plugin/3.3.1/maven-resources-plugin-3.3.1.jar
2026-02-24 13:49:22,848 [Worker-9: 入門コンテンツのインポート] INFO  o.e.m.c.i.e.AbstractTransferListenerAdapter - Downloaded https://repo.maven.apache.org/maven2/org/apache/maven/plugins/maven-resources-plugin/3.3.1/maven-resources-plugin-3.3.1.jar
2026-02-24 13:49:23,031 [Worker-9: 入門コンテンツのインポート] INFO  o.e.m.c.i.e.AbstractTransferListenerAdapter - Downloading https://repo.maven.apache.org/maven2/org/apache/maven/plugins/maven-compiler-plugin/3.14.1/maven-compiler-plugin-3.14.1.jar
2026-02-24 13:49:23,069 [Worker-9: 入門コンテンツのインポート] INFO  o.e.m.c.i.e.AbstractTransferListenerAdapter - Downloaded https://repo.maven.apache.org/maven2/org/apache/maven/plugins/maven-compiler-plugin/3.14.1/maven-compiler-plugin-3.14.1.jar
2026-02-24 13:49:23,139 [Worker-9: 入門コンテンツのインポート] INFO  o.e.m.c.i.e.AbstractTransferListenerAdapter - Downloading https://repo.maven.apache.org/maven2/org/apache/maven/plugins/maven-surefire-plugin/3.5.4/maven-surefire-plugin-3.5.4.jar
2026-02-24 13:49:23,375 [Worker-9: 入門コンテンツのインポート] INFO  o.e.m.c.i.e.AbstractTransferListenerAdapter - Downloaded https://repo.maven.apache.org/maven2/org/apache/maven/plugins/maven-surefire-plugin/3.5.4/maven-surefire-plugin-3.5.4.jar
2026-02-24 13:49:23,536 [Worker-9: 入門コンテンツのインポート] INFO  o.e.m.c.i.e.AbstractTransferListenerAdapter - Downloading https://repo.maven.apache.org/maven2/org/apache/maven/plugins/maven-war-plugin/3.4.0/maven-war-plugin-3.4.0.jar
2026-02-24 13:49:23,575 [Worker-9: 入門コンテンツのインポート] INFO  o.e.m.c.i.e.AbstractTransferListenerAdapter - Downloaded https://repo.maven.apache.org/maven2/org/apache/maven/plugins/maven-war-plugin/3.4.0/maven-war-plugin-3.4.0.jar
2026-02-24 13:49:23,640 [Worker-9: 入門コンテンツのインポート] INFO  o.e.m.c.i.e.AbstractTransferListenerAdapter - Downloading https://repo.maven.apache.org/maven2/org/apache/maven/plugins/maven-install-plugin/3.1.4/maven-install-plugin-3.1.4.jar
2026-02-24 13:49:23,893 [Worker-9: 入門コンテンツのインポート] INFO  o.e.m.c.i.e.AbstractTransferListenerAdapter - Downloaded https://repo.maven.apache.org/maven2/org/apache/maven/plugins/maven-install-plugin/3.1.4/maven-install-plugin-3.1.4.jar
2026-02-24 13:49:24,061 [Worker-9: 入門コンテンツのインポート] INFO  o.e.m.c.i.e.AbstractTransferListenerAdapter - Downloading https://repo.maven.apache.org/maven2/org/apache/maven/plugins/maven-deploy-plugin/3.1.4/maven-deploy-plugin-3.1.4.jar
2026-02-24 13:49:24,366 [Worker-9: 入門コンテンツのインポート] INFO  o.e.m.c.i.e.AbstractTransferListenerAdapter - Downloaded https://repo.maven.apache.org/maven2/org/apache/maven/plugins/maven-deploy-plugin/3.1.4/maven-deploy-plugin-3.1.4.jar
2026-02-24 13:49:24,564 [Worker-9: 入門コンテンツのインポート] INFO  o.e.m.c.i.e.AbstractTransferListenerAdapter - Downloading https://repo.maven.apache.org/maven2/org/apache/maven/plugins/maven-site-plugin/3.12.1/maven-site-plugin-3.12.1.jar
2026-02-24 13:49:24,606 [Worker-9: 入門コンテンツのインポート] INFO  o.e.m.c.i.e.AbstractTransferListenerAdapter - Downloaded https://repo.maven.apache.org/maven2/org/apache/maven/plugins/maven-site-plugin/3.12.1/maven-site-plugin-3.12.1.jar
2026-02-24 13:49:24,676 [Worker-9: 入門コンテンツのインポート] INFO  o.e.m.c.i.e.AbstractTransferListenerAdapter - Downloading https://repo.maven.apache.org/maven2/org/apache/maven/plugins/maven-compiler-plugin/3.14.1/maven-compiler-plugin-3.14.1.pom
2026-02-24 13:49:24,719 [Worker-9: 入門コンテンツのインポート] INFO  o.e.m.c.i.e.AbstractTransferListenerAdapter - Downloaded https://repo.maven.apache.org/maven2/org/apache/maven/plugins/maven-compiler-plugin/3.14.1/maven-compiler-plugin-3.14.1.pom
2026-02-24 13:49:24,778 [Worker-9: 入門コンテンツのインポート] INFO  o.e.m.c.i.e.AbstractTransferListenerAdapter - Downloading https://repo.maven.apache.org/maven2/org/apache/maven/plugins/maven-plugins/45/maven-plugins-45.pom
2026-02-24 13:49:24,818 [Worker-9: 入門コンテンツのインポート] INFO  o.e.m.c.i.e.AbstractTransferListenerAdapter - Downloaded https://repo.maven.apache.org/maven2/org/apache/maven/plugins/maven-plugins/45/maven-plugins-45.pom
2026-02-24 13:49:24,878 [Worker-9: 入門コンテンツのインポート] INFO  o.e.m.c.i.e.AbstractTransferListenerAdapter - Downloading https://repo.maven.apache.org/maven2/org/apache/maven/maven-parent/45/maven-parent-45.pom
2026-02-24 13:49:24,913 [Worker-9: 入門コンテンツのインポート] INFO  o.e.m.c.i.e.AbstractTransferListenerAdapter - Downloaded https://repo.maven.apache.org/maven2/org/apache/maven/maven-parent/45/maven-parent-45.pom
2026-02-24 13:49:24,968 [Worker-9: 入門コンテンツのインポート] INFO  o.e.m.c.i.e.AbstractTransferListenerAdapter - Downloading https://repo.maven.apache.org/maven2/org/junit/junit-bom/5.13.1/junit-bom-5.13.1.pom
2026-02-24 13:49:25,112 [Worker-9: 入門コンテンツのインポート] INFO  o.e.m.c.i.e.AbstractTransferListenerAdapter - Downloaded https://repo.maven.apache.org/maven2/org/junit/junit-bom/5.13.1/junit-bom-5.13.1.pom
2026-02-24 13:49:25,182 [Worker-9: 入門コンテンツのインポート] INFO  o.e.m.c.i.e.AbstractTransferListenerAdapter - Downloading https://repo.maven.apache.org/maven2/org/ow2/asm/asm/9.8/asm-9.8.pom
2026-02-24 13:49:25,218 [Worker-9: 入門コンテンツのインポート] INFO  o.e.m.c.i.e.AbstractTransferListenerAdapter - Downloaded https://repo.maven.apache.org/maven2/org/ow2/asm/asm/9.8/asm-9.8.pom
2026-02-24 13:49:25,260 [Worker-9: 入門コンテンツのインポート] INFO  o.e.m.c.i.e.AbstractTransferListenerAdapter - Downloading https://repo.maven.apache.org/maven2/org/ow2/ow2/1.5.1/ow2-1.5.1.pom
2026-02-24 13:49:25,294 [Worker-9: 入門コンテンツのインポート] INFO  o.e.m.c.i.e.AbstractTransferListenerAdapter - Downloaded https://repo.maven.apache.org/maven2/org/ow2/ow2/1.5.1/ow2-1.5.1.pom
2026-02-24 13:49:25,349 [Worker-9: 入門コンテンツのインポート] INFO  o.e.m.c.i.e.AbstractTransferListenerAdapter - Downloading https://repo.maven.apache.org/maven2/org/apache/maven/shared/maven-shared-utils/3.4.2/maven-shared-utils-3.4.2.pom
2026-02-24 13:49:25,379 [Worker-9: 入門コンテンツのインポート] INFO  o.e.m.c.i.e.AbstractTransferListenerAdapter - Downloaded https://repo.maven.apache.org/maven2/org/apache/maven/shared/maven-shared-utils/3.4.2/maven-shared-utils-3.4.2.pom
2026-02-24 13:49:25,421 [Worker-9: 入門コンテンツのインポート] INFO  o.e.m.c.i.e.AbstractTransferListenerAdapter - Downloading https://repo.maven.apache.org/maven2/org/apache/maven/shared/maven-shared-components/39/maven-shared-components-39.pom
2026-02-24 13:49:25,452 [Worker-9: 入門コンテンツのインポート] INFO  o.e.m.c.i.e.AbstractTransferListenerAdapter - Downloaded https://repo.maven.apache.org/maven2/org/apache/maven/shared/maven-shared-components/39/maven-shared-components-39.pom
2026-02-24 13:49:25,496 [Worker-9: 入門コンテンツのインポート] INFO  o.e.m.c.i.e.AbstractTransferListenerAdapter - Downloading https://repo.maven.apache.org/maven2/org/apache/maven/maven-parent/39/maven-parent-39.pom
2026-02-24 13:49:25,528 [Worker-9: 入門コンテンツのインポート] INFO  o.e.m.c.i.e.AbstractTransferListenerAdapter - Downloaded https://repo.maven.apache.org/maven2/org/apache/maven/maven-parent/39/maven-parent-39.pom
2026-02-24 13:49:25,580 [Worker-9: 入門コンテンツのインポート] INFO  o.e.m.c.i.e.AbstractTransferListenerAdapter - Downloading https://repo.maven.apache.org/maven2/org/apache/apache/29/apache-29.pom
2026-02-24 13:49:25,616 [Worker-9: 入門コンテンツのインポート] INFO  o.e.m.c.i.e.AbstractTransferListenerAdapter - Downloaded https://repo.maven.apache.org/maven2/org/apache/apache/29/apache-29.pom
2026-02-24 13:49:25,676 [Worker-9: 入門コンテンツのインポート] INFO  o.e.m.c.i.e.AbstractTransferListenerAdapter - Downloading https://repo.maven.apache.org/maven2/org/slf4j/slf4j-api/1.7.36/slf4j-api-1.7.36.pom
2026-02-24 13:49:25,704 [Worker-9: 入門コンテンツのインポート] INFO  o.e.m.c.i.e.AbstractTransferListenerAdapter - Downloaded https://repo.maven.apache.org/maven2/org/slf4j/slf4j-api/1.7.36/slf4j-api-1.7.36.pom
2026-02-24 13:49:25,745 [Worker-9: 入門コンテンツのインポート] INFO  o.e.m.c.i.e.AbstractTransferListenerAdapter - Downloading https://repo.maven.apache.org/maven2/org/slf4j/slf4j-parent/1.7.36/slf4j-parent-1.7.36.pom
2026-02-24 13:49:25,783 [Worker-9: 入門コンテンツのインポート] INFO  o.e.m.c.i.e.AbstractTransferListenerAdapter - Downloaded https://repo.maven.apache.org/maven2/org/slf4j/slf4j-parent/1.7.36/slf4j-parent-1.7.36.pom
2026-02-24 13:49:25,843 [Worker-9: 入門コンテンツのインポート] INFO  o.e.m.c.i.e.AbstractTransferListenerAdapter - Downloading https://repo.maven.apache.org/maven2/commons-io/commons-io/2.11.0/commons-io-2.11.0.pom
2026-02-24 13:49:25,881 [Worker-9: 入門コンテンツのインポート] INFO  o.e.m.c.i.e.AbstractTransferListenerAdapter - Downloaded https://repo.maven.apache.org/maven2/commons-io/commons-io/2.11.0/commons-io-2.11.0.pom
2026-02-24 13:49:25,948 [Worker-9: 入門コンテンツのインポート] INFO  o.e.m.c.i.e.AbstractTransferListenerAdapter - Downloading https://repo.maven.apache.org/maven2/org/apache/commons/commons-parent/52/commons-parent-52.pom
2026-02-24 13:49:25,983 [Worker-9: 入門コンテンツのインポート] INFO  o.e.m.c.i.e.AbstractTransferListenerAdapter - Downloaded https://repo.maven.apache.org/maven2/org/apache/commons/commons-parent/52/commons-parent-52.pom
2026-02-24 13:49:26,037 [Worker-9: 入門コンテンツのインポート] INFO  o.e.m.c.i.e.AbstractTransferListenerAdapter - Downloading https://repo.maven.apache.org/maven2/org/apache/apache/23/apache-23.pom
2026-02-24 13:49:26,072 [Worker-9: 入門コンテンツのインポート] INFO  o.e.m.c.i.e.AbstractTransferListenerAdapter - Downloaded https://repo.maven.apache.org/maven2/org/apache/apache/23/apache-23.pom
2026-02-24 13:49:26,132 [Worker-9: 入門コンテンツのインポート] INFO  o.e.m.c.i.e.AbstractTransferListenerAdapter - Downloading https://repo.maven.apache.org/maven2/org/junit/junit-bom/5.7.2/junit-bom-5.7.2.pom
2026-02-24 13:49:26,163 [Worker-9: 入門コンテンツのインポート] INFO  o.e.m.c.i.e.AbstractTransferListenerAdapter - Downloaded https://repo.maven.apache.org/maven2/org/junit/junit-bom/5.7.2/junit-bom-5.7.2.pom
2026-02-24 13:49:26,232 [Worker-9: 入門コンテンツのインポート] INFO  o.e.m.c.i.e.AbstractTransferListenerAdapter - Downloading https://repo.maven.apache.org/maven2/org/apache/maven/shared/maven-shared-incremental/1.1/maven-shared-incremental-1.1.pom
2026-02-24 13:49:26,268 [Worker-9: 入門コンテンツのインポート] INFO  o.e.m.c.i.e.AbstractTransferListenerAdapter - Downloaded https://repo.maven.apache.org/maven2/org/apache/maven/shared/maven-shared-incremental/1.1/maven-shared-incremental-1.1.pom
2026-02-24 13:49:26,310 [Worker-9: 入門コンテンツのインポート] INFO  o.e.m.c.i.e.AbstractTransferListenerAdapter - Downloading https://repo.maven.apache.org/maven2/org/apache/maven/shared/maven-shared-components/19/maven-shared-components-19.pom
2026-02-24 13:49:26,343 [Worker-9: 入門コンテンツのインポート] INFO  o.e.m.c.i.e.AbstractTransferListenerAdapter - Downloaded https://repo.maven.apache.org/maven2/org/apache/maven/shared/maven-shared-components/19/maven-shared-components-19.pom
2026-02-24 13:49:26,391 [Worker-9: 入門コンテンツのインポート] INFO  o.e.m.c.i.e.AbstractTransferListenerAdapter - Downloading https://repo.maven.apache.org/maven2/org/apache/maven/maven-parent/23/maven-parent-23.pom
2026-02-24 13:49:26,422 [Worker-9: 入門コンテンツのインポート] INFO  o.e.m.c.i.e.AbstractTransferListenerAdapter - Downloaded https://repo.maven.apache.org/maven2/org/apache/maven/maven-parent/23/maven-parent-23.pom
2026-02-24 13:49:26,476 [Worker-9: 入門コンテンツのインポート] INFO  o.e.m.c.i.e.AbstractTransferListenerAdapter - Downloading https://repo.maven.apache.org/maven2/org/apache/apache/13/apache-13.pom
2026-02-24 13:49:26,511 [Worker-9: 入門コンテンツのインポート] INFO  o.e.m.c.i.e.AbstractTransferListenerAdapter - Downloaded https://repo.maven.apache.org/maven2/org/apache/apache/13/apache-13.pom
2026-02-24 13:49:26,574 [Worker-9: 入門コンテンツのインポート] INFO  o.e.m.c.i.e.AbstractTransferListenerAdapter - Downloading https://repo.maven.apache.org/maven2/org/codehaus/plexus/plexus-java/1.5.0/plexus-java-1.5.0.pom
2026-02-24 13:49:26,604 [Worker-9: 入門コンテンツのインポート] INFO  o.e.m.c.i.e.AbstractTransferListenerAdapter - Downloaded https://repo.maven.apache.org/maven2/org/codehaus/plexus/plexus-java/1.5.0/plexus-java-1.5.0.pom
2026-02-24 13:49:26,647 [Worker-9: 入門コンテンツのインポート] INFO  o.e.m.c.i.e.AbstractTransferListenerAdapter - Downloading https://repo.maven.apache.org/maven2/org/codehaus/plexus/plexus-languages/1.5.0/plexus-languages-1.5.0.pom
2026-02-24 13:49:26,679 [Worker-9: 入門コンテンツのインポート] INFO  o.e.m.c.i.e.AbstractTransferListenerAdapter - Downloaded https://repo.maven.apache.org/maven2/org/codehaus/plexus/plexus-languages/1.5.0/plexus-languages-1.5.0.pom
2026-02-24 13:49:26,726 [Worker-9: 入門コンテンツのインポート] INFO  o.e.m.c.i.e.AbstractTransferListenerAdapter - Downloading https://repo.maven.apache.org/maven2/org/codehaus/plexus/plexus/20/plexus-20.pom
2026-02-24 13:49:26,761 [Worker-9: 入門コンテンツのインポート] INFO  o.e.m.c.i.e.AbstractTransferListenerAdapter - Downloaded https://repo.maven.apache.org/maven2/org/codehaus/plexus/plexus/20/plexus-20.pom
2026-02-24 13:49:26,812 [Worker-9: 入門コンテンツのインポート] INFO  o.e.m.c.i.e.AbstractTransferListenerAdapter - Downloading https://repo.maven.apache.org/maven2/org/junit/junit-bom/5.11.4/junit-bom-5.11.4.pom
2026-02-24 13:49:26,843 [Worker-9: 入門コンテンツのインポート] INFO  o.e.m.c.i.e.AbstractTransferListenerAdapter - Downloaded https://repo.maven.apache.org/maven2/org/junit/junit-bom/5.11.4/junit-bom-5.11.4.pom
2026-02-24 13:49:26,892 [Worker-9: 入門コンテンツのインポート] INFO  o.e.m.c.i.e.AbstractTransferListenerAdapter - Downloading https://repo.maven.apache.org/maven2/com/thoughtworks/qdox/qdox/2.2.0/qdox-2.2.0.pom
2026-02-24 13:49:26,929 [Worker-9: 入門コンテンツのインポート] INFO  o.e.m.c.i.e.AbstractTransferListenerAdapter - Downloaded https://repo.maven.apache.org/maven2/com/thoughtworks/qdox/qdox/2.2.0/qdox-2.2.0.pom
2026-02-24 13:49:26,988 [Worker-9: 入門コンテンツのインポート] INFO  o.e.m.c.i.e.AbstractTransferListenerAdapter - Downloading https://repo.maven.apache.org/maven2/org/sonatype/oss/oss-parent/9/oss-parent-9.pom
2026-02-24 13:49:27,019 [Worker-9: 入門コンテンツのインポート] INFO  o.e.m.c.i.e.AbstractTransferListenerAdapter - Downloaded https://repo.maven.apache.org/maven2/org/sonatype/oss/oss-parent/9/oss-parent-9.pom
2026-02-24 13:49:27,064 [Worker-9: 入門コンテンツのインポート] INFO  o.e.m.c.i.e.AbstractTransferListenerAdapter - Downloading https://repo.maven.apache.org/maven2/org/codehaus/plexus/plexus-compiler-api/2.15.0/plexus-compiler-api-2.15.0.pom
2026-02-24 13:49:27,093 [Worker-9: 入門コンテンツのインポート] INFO  o.e.m.c.i.e.AbstractTransferListenerAdapter - Downloaded https://repo.maven.apache.org/maven2/org/codehaus/plexus/plexus-compiler-api/2.15.0/plexus-compiler-api-2.15.0.pom
2026-02-24 13:49:27,139 [Worker-9: 入門コンテンツのインポート] INFO  o.e.m.c.i.e.AbstractTransferListenerAdapter - Downloading https://repo.maven.apache.org/maven2/org/codehaus/plexus/plexus-compiler/2.15.0/plexus-compiler-2.15.0.pom
2026-02-24 13:49:27,170 [Worker-9: 入門コンテンツのインポート] INFO  o.e.m.c.i.e.AbstractTransferListenerAdapter - Downloaded https://repo.maven.apache.org/maven2/org/codehaus/plexus/plexus-compiler/2.15.0/plexus-compiler-2.15.0.pom
2026-02-24 13:49:27,213 [Worker-9: 入門コンテンツのインポート] INFO  o.e.m.c.i.e.AbstractTransferListenerAdapter - Downloading https://repo.maven.apache.org/maven2/org/codehaus/plexus/plexus/17/plexus-17.pom
2026-02-24 13:49:27,248 [Worker-9: 入門コンテンツのインポート] INFO  o.e.m.c.i.e.AbstractTransferListenerAdapter - Downloaded https://repo.maven.apache.org/maven2/org/codehaus/plexus/plexus/17/plexus-17.pom
2026-02-24 13:49:27,300 [Worker-9: 入門コンテンツのインポート] INFO  o.e.m.c.i.e.AbstractTransferListenerAdapter - Downloading https://repo.maven.apache.org/maven2/org/junit/junit-bom/5.10.2/junit-bom-5.10.2.pom
2026-02-24 13:49:27,330 [Worker-9: 入門コンテンツのインポート] INFO  o.e.m.c.i.e.AbstractTransferListenerAdapter - Downloaded https://repo.maven.apache.org/maven2/org/junit/junit-bom/5.10.2/junit-bom-5.10.2.pom
2026-02-24 13:49:27,374 [Worker-9: 入門コンテンツのインポート] INFO  o.e.m.c.i.e.AbstractTransferListenerAdapter - Downloading https://repo.maven.apache.org/maven2/org/codehaus/plexus/plexus-utils/4.0.2/plexus-utils-4.0.2.pom
2026-02-24 13:49:27,407 [Worker-9: 入門コンテンツのインポート] INFO  o.e.m.c.i.e.AbstractTransferListenerAdapter - Downloaded https://repo.maven.apache.org/maven2/org/codehaus/plexus/plexus-utils/4.0.2/plexus-utils-4.0.2.pom
2026-02-24 13:49:27,462 [Worker-9: 入門コンテンツのインポート] INFO  o.e.m.c.i.e.AbstractTransferListenerAdapter - Downloading https://repo.maven.apache.org/maven2/org/codehaus/plexus/plexus-compiler-manager/2.15.0/plexus-compiler-manager-2.15.0.pom
2026-02-24 13:49:27,494 [Worker-9: 入門コンテンツのインポート] INFO  o.e.m.c.i.e.AbstractTransferListenerAdapter - Downloaded https://repo.maven.apache.org/maven2/org/codehaus/plexus/plexus-compiler-manager/2.15.0/plexus-compiler-manager-2.15.0.pom
2026-02-24 13:49:27,538 [Worker-9: 入門コンテンツのインポート] INFO  o.e.m.c.i.e.AbstractTransferListenerAdapter - Downloading https://repo.maven.apache.org/maven2/javax/inject/javax.inject/1/javax.inject-1.pom
2026-02-24 13:49:27,566 [Worker-9: 入門コンテンツのインポート] INFO  o.e.m.c.i.e.AbstractTransferListenerAdapter - Downloaded https://repo.maven.apache.org/maven2/javax/inject/javax.inject/1/javax.inject-1.pom
2026-02-24 13:49:27,611 [Worker-9: 入門コンテンツのインポート] INFO  o.e.m.c.i.e.AbstractTransferListenerAdapter - Downloading https://repo.maven.apache.org/maven2/org/codehaus/plexus/plexus-xml/3.0.1/plexus-xml-3.0.1.pom
2026-02-24 13:49:27,643 [Worker-9: 入門コンテンツのインポート] INFO  o.e.m.c.i.e.AbstractTransferListenerAdapter - Downloaded https://repo.maven.apache.org/maven2/org/codehaus/plexus/plexus-xml/3.0.1/plexus-xml-3.0.1.pom
2026-02-24 13:49:27,689 [Worker-9: 入門コンテンツのインポート] INFO  o.e.m.c.i.e.AbstractTransferListenerAdapter - Downloading https://repo.maven.apache.org/maven2/org/codehaus/plexus/plexus/18/plexus-18.pom
2026-02-24 13:49:27,720 [Worker-9: 入門コンテンツのインポート] INFO  o.e.m.c.i.e.AbstractTransferListenerAdapter - Downloaded https://repo.maven.apache.org/maven2/org/codehaus/plexus/plexus/18/plexus-18.pom
2026-02-24 13:49:27,782 [Worker-9: 入門コンテンツのインポート] INFO  o.e.m.c.i.e.AbstractTransferListenerAdapter - Downloading https://repo.maven.apache.org/maven2/org/codehaus/plexus/plexus-compiler-javac/2.15.0/plexus-compiler-javac-2.15.0.pom
2026-02-24 13:49:27,812 [Worker-9: 入門コンテンツのインポート] INFO  o.e.m.c.i.e.AbstractTransferListenerAdapter - Downloaded https://repo.maven.apache.org/maven2/org/codehaus/plexus/plexus-compiler-javac/2.15.0/plexus-compiler-javac-2.15.0.pom
2026-02-24 13:49:27,859 [Worker-9: 入門コンテンツのインポート] INFO  o.e.m.c.i.e.AbstractTransferListenerAdapter - Downloading https://repo.maven.apache.org/maven2/org/codehaus/plexus/plexus-compilers/2.15.0/plexus-compilers-2.15.0.pom
2026-02-24 13:49:27,888 [Worker-9: 入門コンテンツのインポート] INFO  o.e.m.c.i.e.AbstractTransferListenerAdapter - Downloaded https://repo.maven.apache.org/maven2/org/codehaus/plexus/plexus-compilers/2.15.0/plexus-compilers-2.15.0.pom
2026-02-24 13:49:27,953 [Worker-9: 入門コンテンツのインポート] INFO  o.e.m.c.i.e.AbstractTransferListenerAdapter - Downloading https://repo.maven.apache.org/maven2/org/ow2/asm/asm/9.8/asm-9.8.jar
2026-02-24 13:49:27,996 [Worker-9: 入門コンテンツのインポート] INFO  o.e.m.c.i.e.AbstractTransferListenerAdapter - Downloaded https://repo.maven.apache.org/maven2/org/ow2/asm/asm/9.8/asm-9.8.jar
2026-02-24 13:49:28,033 [BasicRepositoryConnector-repo.maven.apache.org-0-1] INFO  o.e.m.c.i.e.AbstractTransferListenerAdapter - Downloading https://repo.maven.apache.org/maven2/org/slf4j/slf4j-api/1.7.36/slf4j-api-1.7.36.jar
2026-02-24 13:49:28,072 [BasicRepositoryConnector-repo.maven.apache.org-0-2] INFO  o.e.m.c.i.e.AbstractTransferListenerAdapter - Downloading https://repo.maven.apache.org/maven2/commons-io/commons-io/2.11.0/commons-io-2.11.0.jar
2026-02-24 13:49:28,075 [BasicRepositoryConnector-repo.maven.apache.org-0-0] INFO  o.e.m.c.i.e.AbstractTransferListenerAdapter - Downloading https://repo.maven.apache.org/maven2/org/apache/maven/shared/maven-shared-utils/3.4.2/maven-shared-utils-3.4.2.jar
2026-02-24 13:49:28,076 [BasicRepositoryConnector-repo.maven.apache.org-0-3] INFO  o.e.m.c.i.e.AbstractTransferListenerAdapter - Downloading https://repo.maven.apache.org/maven2/org/apache/maven/shared/maven-shared-incremental/1.1/maven-shared-incremental-1.1.jar
2026-02-24 13:49:28,079 [BasicRepositoryConnector-repo.maven.apache.org-0-4] INFO  o.e.m.c.i.e.AbstractTransferListenerAdapter - Downloading https://repo.maven.apache.org/maven2/org/codehaus/plexus/plexus-java/1.5.0/plexus-java-1.5.0.jar
2026-02-24 13:49:28,126 [BasicRepositoryConnector-repo.maven.apache.org-0-4] INFO  o.e.m.c.i.e.AbstractTransferListenerAdapter - Downloaded https://repo.maven.apache.org/maven2/org/codehaus/plexus/plexus-java/1.5.0/plexus-java-1.5.0.jar
2026-02-24 13:49:28,155 [BasicRepositoryConnector-repo.maven.apache.org-0-0] INFO  o.e.m.c.i.e.AbstractTransferListenerAdapter - Downloaded https://repo.maven.apache.org/maven2/org/apache/maven/shared/maven-shared-utils/3.4.2/maven-shared-utils-3.4.2.jar
2026-02-24 13:49:28,161 [BasicRepositoryConnector-repo.maven.apache.org-0-4] INFO  o.e.m.c.i.e.AbstractTransferListenerAdapter - Downloading https://repo.maven.apache.org/maven2/com/thoughtworks/qdox/qdox/2.2.0/qdox-2.2.0.jar
2026-02-24 13:49:28,177 [BasicRepositoryConnector-repo.maven.apache.org-0-2] INFO  o.e.m.c.i.e.AbstractTransferListenerAdapter - Downloaded https://repo.maven.apache.org/maven2/commons-io/commons-io/2.11.0/commons-io-2.11.0.jar
2026-02-24 13:49:28,188 [BasicRepositoryConnector-repo.maven.apache.org-0-0] INFO  o.e.m.c.i.e.AbstractTransferListenerAdapter - Downloading https://repo.maven.apache.org/maven2/org/codehaus/plexus/plexus-compiler-api/2.15.0/plexus-compiler-api-2.15.0.jar
2026-02-24 13:49:28,212 [BasicRepositoryConnector-repo.maven.apache.org-0-2] INFO  o.e.m.c.i.e.AbstractTransferListenerAdapter - Downloading https://repo.maven.apache.org/maven2/org/codehaus/plexus/plexus-compiler-manager/2.15.0/plexus-compiler-manager-2.15.0.jar
2026-02-24 13:49:28,241 [BasicRepositoryConnector-repo.maven.apache.org-0-4] INFO  o.e.m.c.i.e.AbstractTransferListenerAdapter - Downloaded https://repo.maven.apache.org/maven2/com/thoughtworks/qdox/qdox/2.2.0/qdox-2.2.0.jar
2026-02-24 13:49:28,284 [BasicRepositoryConnector-repo.maven.apache.org-0-4] INFO  o.e.m.c.i.e.AbstractTransferListenerAdapter - Downloading https://repo.maven.apache.org/maven2/javax/inject/javax.inject/1/javax.inject-1.jar
2026-02-24 13:49:28,311 [BasicRepositoryConnector-repo.maven.apache.org-0-4] INFO  o.e.m.c.i.e.AbstractTransferListenerAdapter - Downloaded https://repo.maven.apache.org/maven2/javax/inject/javax.inject/1/javax.inject-1.jar
2026-02-24 13:49:28,320 [BasicRepositoryConnector-repo.maven.apache.org-0-2] INFO  o.e.m.c.i.e.AbstractTransferListenerAdapter - Downloaded https://repo.maven.apache.org/maven2/org/codehaus/plexus/plexus-compiler-manager/2.15.0/plexus-compiler-manager-2.15.0.jar
2026-02-24 13:49:28,347 [BasicRepositoryConnector-repo.maven.apache.org-0-4] INFO  o.e.m.c.i.e.AbstractTransferListenerAdapter - Downloading https://repo.maven.apache.org/maven2/org/codehaus/plexus/plexus-xml/3.0.1/plexus-xml-3.0.1.jar
2026-02-24 13:49:28,351 [BasicRepositoryConnector-repo.maven.apache.org-0-2] INFO  o.e.m.c.i.e.AbstractTransferListenerAdapter - Downloading https://repo.maven.apache.org/maven2/org/codehaus/plexus/plexus-compiler-javac/2.15.0/plexus-compiler-javac-2.15.0.jar
2026-02-24 13:49:28,366 [BasicRepositoryConnector-repo.maven.apache.org-0-3] INFO  o.e.m.c.i.e.AbstractTransferListenerAdapter - Downloaded https://repo.maven.apache.org/maven2/org/apache/maven/shared/maven-shared-incremental/1.1/maven-shared-incremental-1.1.jar
2026-02-24 13:49:28,405 [BasicRepositoryConnector-repo.maven.apache.org-0-3] INFO  o.e.m.c.i.e.AbstractTransferListenerAdapter - Downloading https://repo.maven.apache.org/maven2/org/codehaus/plexus/plexus-utils/4.0.2/plexus-utils-4.0.2.jar
2026-02-24 13:49:28,415 [BasicRepositoryConnector-repo.maven.apache.org-0-4] INFO  o.e.m.c.i.e.AbstractTransferListenerAdapter - Downloaded https://repo.maven.apache.org/maven2/org/codehaus/plexus/plexus-xml/3.0.1/plexus-xml-3.0.1.jar
2026-02-24 13:49:28,475 [BasicRepositoryConnector-repo.maven.apache.org-0-3] INFO  o.e.m.c.i.e.AbstractTransferListenerAdapter - Downloaded https://repo.maven.apache.org/maven2/org/codehaus/plexus/plexus-utils/4.0.2/plexus-utils-4.0.2.jar
2026-02-24 13:49:28,638 [BasicRepositoryConnector-repo.maven.apache.org-0-2] INFO  o.e.m.c.i.e.AbstractTransferListenerAdapter - Downloaded https://repo.maven.apache.org/maven2/org/codehaus/plexus/plexus-compiler-javac/2.15.0/plexus-compiler-javac-2.15.0.jar
2026-02-24 13:49:28,690 [BasicRepositoryConnector-repo.maven.apache.org-0-0] INFO  o.e.m.c.i.e.AbstractTransferListenerAdapter - Downloaded https://repo.maven.apache.org/maven2/org/codehaus/plexus/plexus-compiler-api/2.15.0/plexus-compiler-api-2.15.0.jar
2026-02-24 13:49:28,778 [BasicRepositoryConnector-repo.maven.apache.org-0-1] INFO  o.e.m.c.i.e.AbstractTransferListenerAdapter - Downloaded https://repo.maven.apache.org/maven2/org/slf4j/slf4j-api/1.7.36/slf4j-api-1.7.36.jar
2026-02-24 13:49:29,048 [Worker-9: 入門コンテンツのインポート] INFO  o.e.m.c.i.l.LifecycleMappingFactory - Using org.maven.ide.eclipse.wtp.WarLifecycleMapping lifecycle mapping for MavenProject: com.example:demo:0.0.1-SNAPSHOT @ C:\springDemo\demo\pom.xml.
2026-02-24 13:49:29,097 [Worker-9: 入門コンテンツのインポート] INFO  o.e.m.c.i.e.AbstractTransferListenerAdapter - Downloading https://repo.maven.apache.org/maven2/org/springframework/boot/spring-boot-starter-data-jpa/4.0.3/spring-boot-starter-data-jpa-4.0.3.pom
2026-02-24 13:49:29,128 [Worker-9: 入門コンテンツのインポート] INFO  o.e.m.c.i.e.AbstractTransferListenerAdapter - Downloaded https://repo.maven.apache.org/maven2/org/springframework/boot/spring-boot-starter-data-jpa/4.0.3/spring-boot-starter-data-jpa-4.0.3.pom
2026-02-24 13:49:29,171 [Worker-9: 入門コンテンツのインポート] INFO  o.e.m.c.i.e.AbstractTransferListenerAdapter - Downloading https://repo.maven.apache.org/maven2/org/springframework/boot/spring-boot-starter/4.0.3/spring-boot-starter-4.0.3.pom
2026-02-24 13:49:29,204 [Worker-9: 入門コンテンツのインポート] INFO  o.e.m.c.i.e.AbstractTransferListenerAdapter - Downloaded https://repo.maven.apache.org/maven2/org/springframework/boot/spring-boot-starter/4.0.3/spring-boot-starter-4.0.3.pom
2026-02-24 13:49:29,247 [Worker-9: 入門コンテンツのインポート] INFO  o.e.m.c.i.e.AbstractTransferListenerAdapter - Downloading https://repo.maven.apache.org/maven2/org/springframework/boot/spring-boot-starter-logging/4.0.3/spring-boot-starter-logging-4.0.3.pom
2026-02-24 13:49:29,279 [Worker-9: 入門コンテンツのインポート] INFO  o.e.m.c.i.e.AbstractTransferListenerAdapter - Downloaded https://repo.maven.apache.org/maven2/org/springframework/boot/spring-boot-starter-logging/4.0.3/spring-boot-starter-logging-4.0.3.pom
2026-02-24 13:49:29,331 [Worker-9: 入門コンテンツのインポート] INFO  o.e.m.c.i.e.AbstractTransferListenerAdapter - Downloading https://repo.maven.apache.org/maven2/ch/qos/logback/logback-classic/1.5.32/logback-classic-1.5.32.pom
2026-02-24 13:49:29,360 [Worker-9: 入門コンテンツのインポート] INFO  o.e.m.c.i.e.AbstractTransferListenerAdapter - Downloaded https://repo.maven.apache.org/maven2/ch/qos/logback/logback-classic/1.5.32/logback-classic-1.5.32.pom
2026-02-24 13:49:29,420 [Worker-9: 入門コンテンツのインポート] INFO  o.e.m.c.i.e.AbstractTransferListenerAdapter - Downloading https://repo.maven.apache.org/maven2/ch/qos/logback/logback-parent/1.5.32/logback-parent-1.5.32.pom
2026-02-24 13:49:29,456 [Worker-9: 入門コンテンツのインポート] INFO  o.e.m.c.i.e.AbstractTransferListenerAdapter - Downloaded https://repo.maven.apache.org/maven2/ch/qos/logback/logback-parent/1.5.32/logback-parent-1.5.32.pom
2026-02-24 13:49:29,513 [Worker-9: 入門コンテンツのインポート] INFO  o.e.m.c.i.e.AbstractTransferListenerAdapter - Downloading https://repo.maven.apache.org/maven2/ch/qos/logback/logback-core/1.5.32/logback-core-1.5.32.pom
2026-02-24 13:49:29,544 [Worker-9: 入門コンテンツのインポート] INFO  o.e.m.c.i.e.AbstractTransferListenerAdapter - Downloaded https://repo.maven.apache.org/maven2/ch/qos/logback/logback-core/1.5.32/logback-core-1.5.32.pom
2026-02-24 13:49:29,597 [Worker-9: 入門コンテンツのインポート] INFO  o.e.m.c.i.e.AbstractTransferListenerAdapter - Downloading https://repo.maven.apache.org/maven2/org/slf4j/slf4j-api/2.0.17/slf4j-api-2.0.17.pom
2026-02-24 13:49:29,626 [Worker-9: 入門コンテンツのインポート] INFO  o.e.m.c.i.e.AbstractTransferListenerAdapter - Downloaded https://repo.maven.apache.org/maven2/org/slf4j/slf4j-api/2.0.17/slf4j-api-2.0.17.pom
2026-02-24 13:49:29,672 [Worker-9: 入門コンテンツのインポート] INFO  o.e.m.c.i.e.AbstractTransferListenerAdapter - Downloading https://repo.maven.apache.org/maven2/org/slf4j/slf4j-parent/2.0.17/slf4j-parent-2.0.17.pom
2026-02-24 13:49:29,706 [Worker-9: 入門コンテンツのインポート] INFO  o.e.m.c.i.e.AbstractTransferListenerAdapter - Downloaded https://repo.maven.apache.org/maven2/org/slf4j/slf4j-parent/2.0.17/slf4j-parent-2.0.17.pom
2026-02-24 13:49:29,759 [Worker-9: 入門コンテンツのインポート] INFO  o.e.m.c.i.e.AbstractTransferListenerAdapter - Downloading https://repo.maven.apache.org/maven2/org/slf4j/slf4j-bom/2.0.17/slf4j-bom-2.0.17.pom
2026-02-24 13:49:29,789 [Worker-9: 入門コンテンツのインポート] INFO  o.e.m.c.i.e.AbstractTransferListenerAdapter - Downloaded https://repo.maven.apache.org/maven2/org/slf4j/slf4j-bom/2.0.17/slf4j-bom-2.0.17.pom
2026-02-24 13:49:29,839 [Worker-9: 入門コンテンツのインポート] INFO  o.e.m.c.i.e.AbstractTransferListenerAdapter - Downloading https://repo.maven.apache.org/maven2/org/apache/logging/log4j/log4j-to-slf4j/2.25.3/log4j-to-slf4j-2.25.3.pom
2026-02-24 13:49:29,869 [Worker-9: 入門コンテンツのインポート] INFO  o.e.m.c.i.e.AbstractTransferListenerAdapter - Downloaded https://repo.maven.apache.org/maven2/org/apache/logging/log4j/log4j-to-slf4j/2.25.3/log4j-to-slf4j-2.25.3.pom
2026-02-24 13:49:29,917 [Worker-9: 入門コンテンツのインポート] INFO  o.e.m.c.i.e.AbstractTransferListenerAdapter - Downloading https://repo.maven.apache.org/maven2/org/apache/logging/log4j/log4j/2.25.3/log4j-2.25.3.pom
2026-02-24 13:49:29,981 [Worker-9: 入門コンテンツのインポート] INFO  o.e.m.c.i.e.AbstractTransferListenerAdapter - Downloaded https://repo.maven.apache.org/maven2/org/apache/logging/log4j/log4j/2.25.3/log4j-2.25.3.pom
2026-02-24 13:49:30,057 [Worker-9: 入門コンテンツのインポート] INFO  o.e.m.c.i.e.AbstractTransferListenerAdapter - Downloading https://repo.maven.apache.org/maven2/org/apache/groovy/groovy-bom/4.0.27/groovy-bom-4.0.27.pom
2026-02-24 13:49:30,089 [Worker-9: 入門コンテンツのインポート] INFO  o.e.m.c.i.e.AbstractTransferListenerAdapter - Downloaded https://repo.maven.apache.org/maven2/org/apache/groovy/groovy-bom/4.0.27/groovy-bom-4.0.27.pom
2026-02-24 13:49:30,146 [Worker-9: 入門コンテンツのインポート] INFO  o.e.m.c.i.e.AbstractTransferListenerAdapter - Downloading https://repo.maven.apache.org/maven2/com/fasterxml/jackson/jackson-bom/2.19.1/jackson-bom-2.19.1.pom
2026-02-24 13:49:30,181 [Worker-9: 入門コンテンツのインポート] INFO  o.e.m.c.i.e.AbstractTransferListenerAdapter - Downloaded https://repo.maven.apache.org/maven2/com/fasterxml/jackson/jackson-bom/2.19.1/jackson-bom-2.19.1.pom
2026-02-24 13:49:30,251 [Worker-9: 入門コンテンツのインポート] INFO  o.e.m.c.i.e.AbstractTransferListenerAdapter - Downloading https://repo.maven.apache.org/maven2/com/fasterxml/jackson/jackson-parent/2.19.2/jackson-parent-2.19.2.pom
2026-02-24 13:49:30,285 [Worker-9: 入門コンテンツのインポート] INFO  o.e.m.c.i.e.AbstractTransferListenerAdapter - Downloaded https://repo.maven.apache.org/maven2/com/fasterxml/jackson/jackson-parent/2.19.2/jackson-parent-2.19.2.pom
2026-02-24 13:49:30,333 [Worker-9: 入門コンテンツのインポート] INFO  o.e.m.c.i.e.AbstractTransferListenerAdapter - Downloading https://repo.maven.apache.org/maven2/com/fasterxml/oss-parent/68/oss-parent-68.pom
2026-02-24 13:49:30,368 [Worker-9: 入門コンテンツのインポート] INFO  o.e.m.c.i.e.AbstractTransferListenerAdapter - Downloaded https://repo.maven.apache.org/maven2/com/fasterxml/oss-parent/68/oss-parent-68.pom
2026-02-24 13:49:30,430 [Worker-9: 入門コンテンツのインポート] INFO  o.e.m.c.i.e.AbstractTransferListenerAdapter - Downloading https://repo.maven.apache.org/maven2/jakarta/platform/jakarta.jakartaee-bom/9.1.0/jakarta.jakartaee-bom-9.1.0.pom
2026-02-24 13:49:30,462 [Worker-9: 入門コンテンツのインポート] INFO  o.e.m.c.i.e.AbstractTransferListenerAdapter - Downloaded https://repo.maven.apache.org/maven2/jakarta/platform/jakarta.jakartaee-bom/9.1.0/jakarta.jakartaee-bom-9.1.0.pom
2026-02-24 13:49:30,514 [Worker-9: 入門コンテンツのインポート] INFO  o.e.m.c.i.e.AbstractTransferListenerAdapter - Downloading https://repo.maven.apache.org/maven2/jakarta/platform/jakartaee-api-parent/9.1.0/jakartaee-api-parent-9.1.0.pom
2026-02-24 13:49:30,547 [Worker-9: 入門コンテンツのインポート] INFO  o.e.m.c.i.e.AbstractTransferListenerAdapter - Downloaded https://repo.maven.apache.org/maven2/jakarta/platform/jakartaee-api-parent/9.1.0/jakartaee-api-parent-9.1.0.pom
2026-02-24 13:49:30,602 [Worker-9: 入門コンテンツのインポート] INFO  o.e.m.c.i.e.AbstractTransferListenerAdapter - Downloading https://repo.maven.apache.org/maven2/org/eclipse/ee4j/project/1.0.7/project-1.0.7.pom
2026-02-24 13:49:30,641 [Worker-9: 入門コンテンツのインポート] INFO  o.e.m.c.i.e.AbstractTransferListenerAdapter - Downloaded https://repo.maven.apache.org/maven2/org/eclipse/ee4j/project/1.0.7/project-1.0.7.pom
2026-02-24 13:49:30,696 [Worker-9: 入門コンテンツのインポート] INFO  o.e.m.c.i.e.AbstractTransferListenerAdapter - Downloading https://repo.maven.apache.org/maven2/org/junit/junit-bom/5.13.2/junit-bom-5.13.2.pom
2026-02-24 13:49:30,727 [Worker-9: 入門コンテンツのインポート] INFO  o.e.m.c.i.e.AbstractTransferListenerAdapter - Downloaded https://repo.maven.apache.org/maven2/org/junit/junit-bom/5.13.2/junit-bom-5.13.2.pom
2026-02-24 13:49:30,780 [Worker-9: 入門コンテンツのインポート] INFO  o.e.m.c.i.e.AbstractTransferListenerAdapter - Downloading https://repo.maven.apache.org/maven2/org/mockito/mockito-bom/4.11.0/mockito-bom-4.11.0.pom
2026-02-24 13:49:30,814 [Worker-9: 入門コンテンツのインポート] INFO  o.e.m.c.i.e.AbstractTransferListenerAdapter - Downloaded https://repo.maven.apache.org/maven2/org/mockito/mockito-bom/4.11.0/mockito-bom-4.11.0.pom
2026-02-24 13:49:30,855 [Worker-9: 入門コンテンツのインポート] INFO  o.e.m.c.i.e.AbstractTransferListenerAdapter - Downloading https://repo.maven.apache.org/maven2/org/springframework/spring-framework-bom/5.3.39/spring-framework-bom-5.3.39.pom
2026-02-24 13:49:30,884 [Worker-9: 入門コンテンツのインポート] INFO  o.e.m.c.i.e.AbstractTransferListenerAdapter - Downloaded https://repo.maven.apache.org/maven2/org/springframework/spring-framework-bom/5.3.39/spring-framework-bom-5.3.39.pom
2026-02-24 13:49:30,932 [Worker-9: 入門コンテンツのインポート] INFO  o.e.m.c.i.e.AbstractTransferListenerAdapter - Downloading https://repo.maven.apache.org/maven2/org/apache/logging/log4j/log4j-api/2.25.3/log4j-api-2.25.3.pom
2026-02-24 13:49:30,961 [Worker-9: 入門コンテンツのインポート] INFO  o.e.m.c.i.e.AbstractTransferListenerAdapter - Downloaded https://repo.maven.apache.org/maven2/org/apache/logging/log4j/log4j-api/2.25.3/log4j-api-2.25.3.pom
2026-02-24 13:49:31,013 [Worker-9: 入門コンテンツのインポート] INFO  o.e.m.c.i.e.AbstractTransferListenerAdapter - Downloading https://repo.maven.apache.org/maven2/org/slf4j/jul-to-slf4j/2.0.17/jul-to-slf4j-2.0.17.pom
2026-02-24 13:49:31,040 [Worker-9: 入門コンテンツのインポート] INFO  o.e.m.c.i.e.AbstractTransferListenerAdapter - Downloaded https://repo.maven.apache.org/maven2/org/slf4j/jul-to-slf4j/2.0.17/jul-to-slf4j-2.0.17.pom
2026-02-24 13:49:31,084 [Worker-9: 入門コンテンツのインポート] INFO  o.e.m.c.i.e.AbstractTransferListenerAdapter - Downloading https://repo.maven.apache.org/maven2/org/springframework/boot/spring-boot-autoconfigure/4.0.3/spring-boot-autoconfigure-4.0.3.pom
2026-02-24 13:49:31,114 [Worker-9: 入門コンテンツのインポート] INFO  o.e.m.c.i.e.AbstractTransferListenerAdapter - Downloaded https://repo.maven.apache.org/maven2/org/springframework/boot/spring-boot-autoconfigure/4.0.3/spring-boot-autoconfigure-4.0.3.pom
2026-02-24 13:49:31,158 [Worker-9: 入門コンテンツのインポート] INFO  o.e.m.c.i.e.AbstractTransferListenerAdapter - Downloading https://repo.maven.apache.org/maven2/org/springframework/boot/spring-boot/4.0.3/spring-boot-4.0.3.pom
2026-02-24 13:49:31,190 [Worker-9: 入門コンテンツのインポート] INFO  o.e.m.c.i.e.AbstractTransferListenerAdapter - Downloaded https://repo.maven.apache.org/maven2/org/springframework/boot/spring-boot/4.0.3/spring-boot-4.0.3.pom
2026-02-24 13:49:31,232 [Worker-9: 入門コンテンツのインポート] INFO  o.e.m.c.i.e.AbstractTransferListenerAdapter - Downloading https://repo.maven.apache.org/maven2/org/springframework/spring-core/7.0.5/spring-core-7.0.5.pom
2026-02-24 13:49:31,263 [Worker-9: 入門コンテンツのインポート] INFO  o.e.m.c.i.e.AbstractTransferListenerAdapter - Downloaded https://repo.maven.apache.org/maven2/org/springframework/spring-core/7.0.5/spring-core-7.0.5.pom
2026-02-24 13:49:31,311 [Worker-9: 入門コンテンツのインポート] INFO  o.e.m.c.i.e.AbstractTransferListenerAdapter - Downloading https://repo.maven.apache.org/maven2/commons-logging/commons-logging/1.3.5/commons-logging-1.3.5.pom
2026-02-24 13:49:31,347 [Worker-9: 入門コンテンツのインポート] INFO  o.e.m.c.i.e.AbstractTransferListenerAdapter - Downloaded https://repo.maven.apache.org/maven2/commons-logging/commons-logging/1.3.5/commons-logging-1.3.5.pom
2026-02-24 13:49:31,408 [Worker-9: 入門コンテンツのインポート] INFO  o.e.m.c.i.e.AbstractTransferListenerAdapter - Downloading https://repo.maven.apache.org/maven2/org/apache/commons/commons-parent/81/commons-parent-81.pom
2026-02-24 13:49:31,445 [Worker-9: 入門コンテンツのインポート] INFO  o.e.m.c.i.e.AbstractTransferListenerAdapter - Downloaded https://repo.maven.apache.org/maven2/org/apache/commons/commons-parent/81/commons-parent-81.pom
2026-02-24 13:49:31,503 [Worker-9: 入門コンテンツのインポート] INFO  o.e.m.c.i.e.AbstractTransferListenerAdapter - Downloading https://repo.maven.apache.org/maven2/org/apache/apache/33/apache-33.pom
2026-02-24 13:49:31,550 [Worker-9: 入門コンテンツのインポート] INFO  o.e.m.c.i.e.AbstractTransferListenerAdapter - Downloaded https://repo.maven.apache.org/maven2/org/apache/apache/33/apache-33.pom
2026-02-24 13:49:31,614 [Worker-9: 入門コンテンツのインポート] INFO  o.e.m.c.i.e.AbstractTransferListenerAdapter - Downloading https://repo.maven.apache.org/maven2/org/jspecify/jspecify/1.0.0/jspecify-1.0.0.pom
2026-02-24 13:49:31,648 [Worker-9: 入門コンテンツのインポート] INFO  o.e.m.c.i.e.AbstractTransferListenerAdapter - Downloaded https://repo.maven.apache.org/maven2/org/jspecify/jspecify/1.0.0/jspecify-1.0.0.pom
2026-02-24 13:49:31,694 [Worker-9: 入門コンテンツのインポート] INFO  o.e.m.c.i.e.AbstractTransferListenerAdapter - Downloading https://repo.maven.apache.org/maven2/org/springframework/spring-context/7.0.5/spring-context-7.0.5.pom
2026-02-24 13:49:31,726 [Worker-9: 入門コンテンツのインポート] INFO  o.e.m.c.i.e.AbstractTransferListenerAdapter - Downloaded https://repo.maven.apache.org/maven2/org/springframework/spring-context/7.0.5/spring-context-7.0.5.pom
2026-02-24 13:49:31,770 [Worker-9: 入門コンテンツのインポート] INFO  o.e.m.c.i.e.AbstractTransferListenerAdapter - Downloading https://repo.maven.apache.org/maven2/org/springframework/spring-aop/7.0.5/spring-aop-7.0.5.pom
2026-02-24 13:49:31,803 [Worker-9: 入門コンテンツのインポート] INFO  o.e.m.c.i.e.AbstractTransferListenerAdapter - Downloaded https://repo.maven.apache.org/maven2/org/springframework/spring-aop/7.0.5/spring-aop-7.0.5.pom
2026-02-24 13:49:31,849 [Worker-9: 入門コンテンツのインポート] INFO  o.e.m.c.i.e.AbstractTransferListenerAdapter - Downloading https://repo.maven.apache.org/maven2/org/springframework/spring-beans/7.0.5/spring-beans-7.0.5.pom
2026-02-24 13:49:31,878 [Worker-9: 入門コンテンツのインポート] INFO  o.e.m.c.i.e.AbstractTransferListenerAdapter - Downloaded https://repo.maven.apache.org/maven2/org/springframework/spring-beans/7.0.5/spring-beans-7.0.5.pom
2026-02-24 13:49:31,926 [Worker-9: 入門コンテンツのインポート] INFO  o.e.m.c.i.e.AbstractTransferListenerAdapter - Downloading https://repo.maven.apache.org/maven2/org/springframework/spring-expression/7.0.5/spring-expression-7.0.5.pom
2026-02-24 13:49:31,956 [Worker-9: 入門コンテンツのインポート] INFO  o.e.m.c.i.e.AbstractTransferListenerAdapter - Downloaded https://repo.maven.apache.org/maven2/org/springframework/spring-expression/7.0.5/spring-expression-7.0.5.pom
2026-02-24 13:49:32,004 [Worker-9: 入門コンテンツのインポート] INFO  o.e.m.c.i.e.AbstractTransferListenerAdapter - Downloading https://repo.maven.apache.org/maven2/io/micrometer/micrometer-observation/1.16.3/micrometer-observation-1.16.3.pom
2026-02-24 13:49:32,038 [Worker-9: 入門コンテンツのインポート] INFO  o.e.m.c.i.e.AbstractTransferListenerAdapter - Downloaded https://repo.maven.apache.org/maven2/io/micrometer/micrometer-observation/1.16.3/micrometer-observation-1.16.3.pom
2026-02-24 13:49:32,082 [Worker-9: 入門コンテンツのインポート] INFO  o.e.m.c.i.e.AbstractTransferListenerAdapter - Downloading https://repo.maven.apache.org/maven2/io/micrometer/micrometer-commons/1.16.3/micrometer-commons-1.16.3.pom
2026-02-24 13:49:32,116 [Worker-9: 入門コンテンツのインポート] INFO  o.e.m.c.i.e.AbstractTransferListenerAdapter - Downloaded https://repo.maven.apache.org/maven2/io/micrometer/micrometer-commons/1.16.3/micrometer-commons-1.16.3.pom
2026-02-24 13:49:32,162 [Worker-9: 入門コンテンツのインポート] INFO  o.e.m.c.i.e.AbstractTransferListenerAdapter - Downloading https://repo.maven.apache.org/maven2/jakarta/annotation/jakarta.annotation-api/3.0.0/jakarta.annotation-api-3.0.0.pom
2026-02-24 13:49:32,198 [Worker-9: 入門コンテンツのインポート] INFO  o.e.m.c.i.e.AbstractTransferListenerAdapter - Downloaded https://repo.maven.apache.org/maven2/jakarta/annotation/jakarta.annotation-api/3.0.0/jakarta.annotation-api-3.0.0.pom
2026-02-24 13:49:32,269 [Worker-9: 入門コンテンツのインポート] INFO  o.e.m.c.i.e.AbstractTransferListenerAdapter - Downloading https://repo.maven.apache.org/maven2/org/yaml/snakeyaml/2.5/snakeyaml-2.5.pom
2026-02-24 13:49:32,303 [Worker-9: 入門コンテンツのインポート] INFO  o.e.m.c.i.e.AbstractTransferListenerAdapter - Downloaded https://repo.maven.apache.org/maven2/org/yaml/snakeyaml/2.5/snakeyaml-2.5.pom
2026-02-24 13:49:32,357 [Worker-9: 入門コンテンツのインポート] INFO  o.e.m.c.i.e.AbstractTransferListenerAdapter - Downloading https://repo.maven.apache.org/maven2/org/springframework/boot/spring-boot-starter-jdbc/4.0.3/spring-boot-starter-jdbc-4.0.3.pom
2026-02-24 13:49:32,389 [Worker-9: 入門コンテンツのインポート] INFO  o.e.m.c.i.e.AbstractTransferListenerAdapter - Downloaded https://repo.maven.apache.org/maven2/org/springframework/boot/spring-boot-starter-jdbc/4.0.3/spring-boot-starter-jdbc-4.0.3.pom
2026-02-24 13:49:32,435 [Worker-9: 入門コンテンツのインポート] INFO  o.e.m.c.i.e.AbstractTransferListenerAdapter - Downloading https://repo.maven.apache.org/maven2/org/springframework/boot/spring-boot-jdbc/4.0.3/spring-boot-jdbc-4.0.3.pom
2026-02-24 13:49:32,464 [Worker-9: 入門コンテンツのインポート] INFO  o.e.m.c.i.e.AbstractTransferListenerAdapter - Downloaded https://repo.maven.apache.org/maven2/org/springframework/boot/spring-boot-jdbc/4.0.3/spring-boot-jdbc-4.0.3.pom
2026-02-24 13:49:32,508 [Worker-9: 入門コンテンツのインポート] INFO  o.e.m.c.i.e.AbstractTransferListenerAdapter - Downloading https://repo.maven.apache.org/maven2/org/springframework/boot/spring-boot-sql/4.0.3/spring-boot-sql-4.0.3.pom
2026-02-24 13:49:32,540 [Worker-9: 入門コンテンツのインポート] INFO  o.e.m.c.i.e.AbstractTransferListenerAdapter - Downloaded https://repo.maven.apache.org/maven2/org/springframework/boot/spring-boot-sql/4.0.3/spring-boot-sql-4.0.3.pom
2026-02-24 13:49:32,587 [Worker-9: 入門コンテンツのインポート] INFO  o.e.m.c.i.e.AbstractTransferListenerAdapter - Downloading https://repo.maven.apache.org/maven2/org/springframework/boot/spring-boot-transaction/4.0.3/spring-boot-transaction-4.0.3.pom
2026-02-24 13:49:32,619 [Worker-9: 入門コンテンツのインポート] INFO  o.e.m.c.i.e.AbstractTransferListenerAdapter - Downloaded https://repo.maven.apache.org/maven2/org/springframework/boot/spring-boot-transaction/4.0.3/spring-boot-transaction-4.0.3.pom
2026-02-24 13:49:32,664 [Worker-9: 入門コンテンツのインポート] INFO  o.e.m.c.i.e.AbstractTransferListenerAdapter - Downloading https://repo.maven.apache.org/maven2/org/springframework/boot/spring-boot-persistence/4.0.3/spring-boot-persistence-4.0.3.pom
2026-02-24 13:49:32,702 [Worker-9: 入門コンテンツのインポート] INFO  o.e.m.c.i.e.AbstractTransferListenerAdapter - Downloaded https://repo.maven.apache.org/maven2/org/springframework/boot/spring-boot-persistence/4.0.3/spring-boot-persistence-4.0.3.pom
2026-02-24 13:49:32,745 [Worker-9: 入門コンテンツのインポート] INFO  o.e.m.c.i.e.AbstractTransferListenerAdapter - Downloading https://repo.maven.apache.org/maven2/org/springframework/spring-tx/7.0.5/spring-tx-7.0.5.pom
2026-02-24 13:49:32,774 [Worker-9: 入門コンテンツのインポート] INFO  o.e.m.c.i.e.AbstractTransferListenerAdapter - Downloaded https://repo.maven.apache.org/maven2/org/springframework/spring-tx/7.0.5/spring-tx-7.0.5.pom
2026-02-24 13:49:32,819 [Worker-9: 入門コンテンツのインポート] INFO  o.e.m.c.i.e.AbstractTransferListenerAdapter - Downloading https://repo.maven.apache.org/maven2/org/springframework/spring-jdbc/7.0.5/spring-jdbc-7.0.5.pom
2026-02-24 13:49:32,852 [Worker-9: 入門コンテンツのインポート] INFO  o.e.m.c.i.e.AbstractTransferListenerAdapter - Downloaded https://repo.maven.apache.org/maven2/org/springframework/spring-jdbc/7.0.5/spring-jdbc-7.0.5.pom
2026-02-24 13:49:32,901 [Worker-9: 入門コンテンツのインポート] INFO  o.e.m.c.i.e.AbstractTransferListenerAdapter - Downloading https://repo.maven.apache.org/maven2/com/zaxxer/HikariCP/7.0.2/HikariCP-7.0.2.pom
2026-02-24 13:49:32,937 [Worker-9: 入門コンテンツのインポート] INFO  o.e.m.c.i.e.AbstractTransferListenerAdapter - Downloaded https://repo.maven.apache.org/maven2/com/zaxxer/HikariCP/7.0.2/HikariCP-7.0.2.pom
2026-02-24 13:49:32,998 [Worker-9: 入門コンテンツのインポート] INFO  o.e.m.c.i.e.AbstractTransferListenerAdapter - Downloading https://repo.maven.apache.org/maven2/org/springframework/boot/spring-boot-data-jpa/4.0.3/spring-boot-data-jpa-4.0.3.pom
2026-02-24 13:49:33,029 [Worker-9: 入門コンテンツのインポート] INFO  o.e.m.c.i.e.AbstractTransferListenerAdapter - Downloaded https://repo.maven.apache.org/maven2/org/springframework/boot/spring-boot-data-jpa/4.0.3/spring-boot-data-jpa-4.0.3.pom
2026-02-24 13:49:33,074 [Worker-9: 入門コンテンツのインポート] INFO  o.e.m.c.i.e.AbstractTransferListenerAdapter - Downloading https://repo.maven.apache.org/maven2/org/springframework/boot/spring-boot-data-commons/4.0.3/spring-boot-data-commons-4.0.3.pom
2026-02-24 13:49:33,107 [Worker-9: 入門コンテンツのインポート] INFO  o.e.m.c.i.e.AbstractTransferListenerAdapter - Downloaded https://repo.maven.apache.org/maven2/org/springframework/boot/spring-boot-data-commons/4.0.3/spring-boot-data-commons-4.0.3.pom
2026-02-24 13:49:33,155 [Worker-9: 入門コンテンツのインポート] INFO  o.e.m.c.i.e.AbstractTransferListenerAdapter - Downloading https://repo.maven.apache.org/maven2/org/springframework/data/spring-data-commons/4.0.3/spring-data-commons-4.0.3.pom
2026-02-24 13:49:33,185 [Worker-9: 入門コンテンツのインポート] INFO  o.e.m.c.i.e.AbstractTransferListenerAdapter - Downloaded https://repo.maven.apache.org/maven2/org/springframework/data/spring-data-commons/4.0.3/spring-data-commons-4.0.3.pom
2026-02-24 13:49:33,244 [Worker-9: 入門コンテンツのインポート] INFO  o.e.m.c.i.e.AbstractTransferListenerAdapter - Downloading https://repo.maven.apache.org/maven2/org/springframework/data/build/spring-data-parent/4.0.3/spring-data-parent-4.0.3.pom
2026-02-24 13:49:33,282 [Worker-9: 入門コンテンツのインポート] INFO  o.e.m.c.i.e.AbstractTransferListenerAdapter - Downloaded https://repo.maven.apache.org/maven2/org/springframework/data/build/spring-data-parent/4.0.3/spring-data-parent-4.0.3.pom
2026-02-24 13:49:33,341 [Worker-9: 入門コンテンツのインポート] INFO  o.e.m.c.i.e.AbstractTransferListenerAdapter - Downloading https://repo.maven.apache.org/maven2/org/springframework/data/build/spring-data-build/4.0.3/spring-data-build-4.0.3.pom
2026-02-24 13:49:33,373 [Worker-9: 入門コンテンツのインポート] INFO  o.e.m.c.i.e.AbstractTransferListenerAdapter - Downloaded https://repo.maven.apache.org/maven2/org/springframework/data/build/spring-data-build/4.0.3/spring-data-build-4.0.3.pom
2026-02-24 13:49:33,421 [Worker-9: 入門コンテンツのインポート] INFO  o.e.m.c.i.e.AbstractTransferListenerAdapter - Downloading https://repo.maven.apache.org/maven2/org/springframework/spring-framework-bom/7.0.3/spring-framework-bom-7.0.3.pom
2026-02-24 13:49:33,450 [Worker-9: 入門コンテンツのインポート] INFO  o.e.m.c.i.e.AbstractTransferListenerAdapter - Downloaded https://repo.maven.apache.org/maven2/org/springframework/spring-framework-bom/7.0.3/spring-framework-bom-7.0.3.pom
2026-02-24 13:49:33,501 [Worker-9: 入門コンテンツのインポート] INFO  o.e.m.c.i.e.AbstractTransferListenerAdapter - Downloading https://repo.maven.apache.org/maven2/org/jmolecules/jmolecules-bom/2025.0.0/jmolecules-bom-2025.0.0.pom
2026-02-24 13:49:33,529 [Worker-9: 入門コンテンツのインポート] INFO  o.e.m.c.i.e.AbstractTransferListenerAdapter - Downloaded https://repo.maven.apache.org/maven2/org/jmolecules/jmolecules-bom/2025.0.0/jmolecules-bom-2025.0.0.pom
2026-02-24 13:49:33,577 [Worker-9: 入門コンテンツのインポート] INFO  o.e.m.c.i.e.AbstractTransferListenerAdapter - Downloading https://repo.maven.apache.org/maven2/org/junit/junit-bom/6.0.0/junit-bom-6.0.0.pom
2026-02-24 13:49:33,611 [Worker-9: 入門コンテンツのインポート] INFO  o.e.m.c.i.e.AbstractTransferListenerAdapter - Downloaded https://repo.maven.apache.org/maven2/org/junit/junit-bom/6.0.0/junit-bom-6.0.0.pom
2026-02-24 13:49:33,665 [Worker-9: 入門コンテンツのインポート] INFO  o.e.m.c.i.e.AbstractTransferListenerAdapter - Downloading https://repo.maven.apache.org/maven2/org/springframework/boot/spring-boot-hibernate/4.0.3/spring-boot-hibernate-4.0.3.pom
2026-02-24 13:49:33,703 [Worker-9: 入門コンテンツのインポート] INFO  o.e.m.c.i.e.AbstractTransferListenerAdapter - Downloaded https://repo.maven.apache.org/maven2/org/springframework/boot/spring-boot-hibernate/4.0.3/spring-boot-hibernate-4.0.3.pom
2026-02-24 13:49:33,749 [Worker-9: 入門コンテンツのインポート] INFO  o.e.m.c.i.e.AbstractTransferListenerAdapter - Downloading https://repo.maven.apache.org/maven2/org/springframework/boot/spring-boot-jpa/4.0.3/spring-boot-jpa-4.0.3.pom
2026-02-24 13:49:33,784 [Worker-9: 入門コンテンツのインポート] INFO  o.e.m.c.i.e.AbstractTransferListenerAdapter - Downloaded https://repo.maven.apache.org/maven2/org/springframework/boot/spring-boot-jpa/4.0.3/spring-boot-jpa-4.0.3.pom
2026-02-24 13:49:33,831 [Worker-9: 入門コンテンツのインポート] INFO  o.e.m.c.i.e.AbstractTransferListenerAdapter - Downloading https://repo.maven.apache.org/maven2/jakarta/persistence/jakarta.persistence-api/3.2.0/jakarta.persistence-api-3.2.0.pom
2026-02-24 13:49:33,870 [Worker-9: 入門コンテンツのインポート] INFO  o.e.m.c.i.e.AbstractTransferListenerAdapter - Downloaded https://repo.maven.apache.org/maven2/jakarta/persistence/jakarta.persistence-api/3.2.0/jakarta.persistence-api-3.2.0.pom
2026-02-24 13:49:33,929 [Worker-9: 入門コンテンツのインポート] INFO  o.e.m.c.i.e.AbstractTransferListenerAdapter - Downloading https://repo.maven.apache.org/maven2/org/springframework/spring-orm/7.0.5/spring-orm-7.0.5.pom
2026-02-24 13:49:33,962 [Worker-9: 入門コンテンツのインポート] INFO  o.e.m.c.i.e.AbstractTransferListenerAdapter - Downloaded https://repo.maven.apache.org/maven2/org/springframework/spring-orm/7.0.5/spring-orm-7.0.5.pom
2026-02-24 13:49:34,017 [Worker-9: 入門コンテンツのインポート] INFO  o.e.m.c.i.e.AbstractTransferListenerAdapter - Downloading https://repo.maven.apache.org/maven2/org/hibernate/orm/hibernate-core/7.2.4.Final/hibernate-core-7.2.4.Final.pom
2026-02-24 13:49:34,053 [Worker-9: 入門コンテンツのインポート] INFO  o.e.m.c.i.e.AbstractTransferListenerAdapter - Downloaded https://repo.maven.apache.org/maven2/org/hibernate/orm/hibernate-core/7.2.4.Final/hibernate-core-7.2.4.Final.pom
2026-02-24 13:49:34,103 [Worker-9: 入門コンテンツのインポート] INFO  o.e.m.c.i.e.AbstractTransferListenerAdapter - Downloading https://repo.maven.apache.org/maven2/jakarta/transaction/jakarta.transaction-api/2.0.1/jakarta.transaction-api-2.0.1.pom
2026-02-24 13:49:34,142 [Worker-9: 入門コンテンツのインポート] INFO  o.e.m.c.i.e.AbstractTransferListenerAdapter - Downloaded https://repo.maven.apache.org/maven2/jakarta/transaction/jakarta.transaction-api/2.0.1/jakarta.transaction-api-2.0.1.pom
2026-02-24 13:49:34,200 [Worker-9: 入門コンテンツのインポート] INFO  o.e.m.c.i.e.AbstractTransferListenerAdapter - Downloading https://repo.maven.apache.org/maven2/org/eclipse/ee4j/project/1.0.6/project-1.0.6.pom
2026-02-24 13:49:34,239 [Worker-9: 入門コンテンツのインポート] INFO  o.e.m.c.i.e.AbstractTransferListenerAdapter - Downloaded https://repo.maven.apache.org/maven2/org/eclipse/ee4j/project/1.0.6/project-1.0.6.pom
2026-02-24 13:49:34,300 [Worker-9: 入門コンテンツのインポート] INFO  o.e.m.c.i.e.AbstractTransferListenerAdapter - Downloading https://repo.maven.apache.org/maven2/org/jboss/logging/jboss-logging/3.6.2.Final/jboss-logging-3.6.2.Final.pom
2026-02-24 13:49:34,333 [Worker-9: 入門コンテンツのインポート] INFO  o.e.m.c.i.e.AbstractTransferListenerAdapter - Downloaded https://repo.maven.apache.org/maven2/org/jboss/logging/jboss-logging/3.6.2.Final/jboss-logging-3.6.2.Final.pom
2026-02-24 13:49:34,392 [Worker-9: 入門コンテンツのインポート] INFO  o.e.m.c.i.e.AbstractTransferListenerAdapter - Downloading https://repo.maven.apache.org/maven2/org/jboss/jboss-parent/51/jboss-parent-51.pom
2026-02-24 13:49:34,429 [Worker-9: 入門コンテンツのインポート] INFO  o.e.m.c.i.e.AbstractTransferListenerAdapter - Downloaded https://repo.maven.apache.org/maven2/org/jboss/jboss-parent/51/jboss-parent-51.pom
2026-02-24 13:49:34,487 [Worker-9: 入門コンテンツのインポート] INFO  o.e.m.c.i.e.AbstractTransferListenerAdapter - Downloading https://repo.maven.apache.org/maven2/org/junit/junit-bom/5.13.4/junit-bom-5.13.4.pom
2026-02-24 13:49:34,520 [Worker-9: 入門コンテンツのインポート] INFO  o.e.m.c.i.e.AbstractTransferListenerAdapter - Downloaded https://repo.maven.apache.org/maven2/org/junit/junit-bom/5.13.4/junit-bom-5.13.4.pom
2026-02-24 13:49:34,573 [Worker-9: 入門コンテンツのインポート] INFO  o.e.m.c.i.e.AbstractTransferListenerAdapter - Downloading https://repo.maven.apache.org/maven2/org/hibernate/models/hibernate-models/1.0.1/hibernate-models-1.0.1.pom
2026-02-24 13:49:34,609 [Worker-9: 入門コンテンツのインポート] INFO  o.e.m.c.i.e.AbstractTransferListenerAdapter - Downloaded https://repo.maven.apache.org/maven2/org/hibernate/models/hibernate-models/1.0.1/hibernate-models-1.0.1.pom
2026-02-24 13:49:34,652 [Worker-9: 入門コンテンツのインポート] INFO  o.e.m.c.i.e.AbstractTransferListenerAdapter - Downloading https://repo.maven.apache.org/maven2/com/fasterxml/classmate/1.7.3/classmate-1.7.3.pom
2026-02-24 13:49:34,683 [Worker-9: 入門コンテンツのインポート] INFO  o.e.m.c.i.e.AbstractTransferListenerAdapter - Downloaded https://repo.maven.apache.org/maven2/com/fasterxml/classmate/1.7.3/classmate-1.7.3.pom
2026-02-24 13:49:34,726 [Worker-9: 入門コンテンツのインポート] INFO  o.e.m.c.i.e.AbstractTransferListenerAdapter - Downloading https://repo.maven.apache.org/maven2/com/fasterxml/oss-parent/74/oss-parent-74.pom
2026-02-24 13:49:34,762 [Worker-9: 入門コンテンツのインポート] INFO  o.e.m.c.i.e.AbstractTransferListenerAdapter - Downloaded https://repo.maven.apache.org/maven2/com/fasterxml/oss-parent/74/oss-parent-74.pom
2026-02-24 13:49:34,820 [Worker-9: 入門コンテンツのインポート] INFO  o.e.m.c.i.e.AbstractTransferListenerAdapter - Downloading https://repo.maven.apache.org/maven2/net/bytebuddy/byte-buddy/1.17.8/byte-buddy-1.17.8.pom
2026-02-24 13:49:34,854 [Worker-9: 入門コンテンツのインポート] INFO  o.e.m.c.i.e.AbstractTransferListenerAdapter - Downloaded https://repo.maven.apache.org/maven2/net/bytebuddy/byte-buddy/1.17.8/byte-buddy-1.17.8.pom
2026-02-24 13:49:34,914 [Worker-9: 入門コンテンツのインポート] INFO  o.e.m.c.i.e.AbstractTransferListenerAdapter - Downloading https://repo.maven.apache.org/maven2/net/bytebuddy/byte-buddy-parent/1.17.8/byte-buddy-parent-1.17.8.pom
2026-02-24 13:49:34,949 [Worker-9: 入門コンテンツのインポート] INFO  o.e.m.c.i.e.AbstractTransferListenerAdapter - Downloaded https://repo.maven.apache.org/maven2/net/bytebuddy/byte-buddy-parent/1.17.8/byte-buddy-parent-1.17.8.pom
2026-02-24 13:49:35,011 [Worker-9: 入門コンテンツのインポート] INFO  o.e.m.c.i.e.AbstractTransferListenerAdapter - Downloading https://repo.maven.apache.org/maven2/jakarta/xml/bind/jakarta.xml.bind-api/4.0.4/jakarta.xml.bind-api-4.0.4.pom
2026-02-24 13:49:35,040 [Worker-9: 入門コンテンツのインポート] INFO  o.e.m.c.i.e.AbstractTransferListenerAdapter - Downloaded https://repo.maven.apache.org/maven2/jakarta/xml/bind/jakarta.xml.bind-api/4.0.4/jakarta.xml.bind-api-4.0.4.pom
2026-02-24 13:49:35,096 [Worker-9: 入門コンテンツのインポート] INFO  o.e.m.c.i.e.AbstractTransferListenerAdapter - Downloading https://repo.maven.apache.org/maven2/jakarta/xml/bind/jakarta.xml.bind-api-parent/4.0.4/jakarta.xml.bind-api-parent-4.0.4.pom
2026-02-24 13:49:35,133 [Worker-9: 入門コンテンツのインポート] INFO  o.e.m.c.i.e.AbstractTransferListenerAdapter - Downloaded https://repo.maven.apache.org/maven2/jakarta/xml/bind/jakarta.xml.bind-api-parent/4.0.4/jakarta.xml.bind-api-parent-4.0.4.pom
2026-02-24 13:49:35,191 [Worker-9: 入門コンテンツのインポート] INFO  o.e.m.c.i.e.AbstractTransferListenerAdapter - Downloading https://repo.maven.apache.org/maven2/jakarta/activation/jakarta.activation-api/2.1.4/jakarta.activation-api-2.1.4.pom
2026-02-24 13:49:35,227 [Worker-9: 入門コンテンツのインポート] INFO  o.e.m.c.i.e.AbstractTransferListenerAdapter - Downloaded https://repo.maven.apache.org/maven2/jakarta/activation/jakarta.activation-api/2.1.4/jakarta.activation-api-2.1.4.pom
2026-02-24 13:49:35,288 [Worker-9: 入門コンテンツのインポート] INFO  o.e.m.c.i.e.AbstractTransferListenerAdapter - Downloading https://repo.maven.apache.org/maven2/org/glassfish/jaxb/jaxb-runtime/4.0.6/jaxb-runtime-4.0.6.pom
2026-02-24 13:49:35,319 [Worker-9: 入門コンテンツのインポート] INFO  o.e.m.c.i.e.AbstractTransferListenerAdapter - Downloaded https://repo.maven.apache.org/maven2/org/glassfish/jaxb/jaxb-runtime/4.0.6/jaxb-runtime-4.0.6.pom
2026-02-24 13:49:35,385 [Worker-9: 入門コンテンツのインポート] INFO  o.e.m.c.i.e.AbstractTransferListenerAdapter - Downloading https://repo.maven.apache.org/maven2/com/sun/xml/bind/mvn/jaxb-runtime-parent/4.0.6/jaxb-runtime-parent-4.0.6.pom
2026-02-24 13:49:35,419 [Worker-9: 入門コンテンツのインポート] INFO  o.e.m.c.i.e.AbstractTransferListenerAdapter - Downloaded https://repo.maven.apache.org/maven2/com/sun/xml/bind/mvn/jaxb-runtime-parent/4.0.6/jaxb-runtime-parent-4.0.6.pom
2026-02-24 13:49:35,468 [Worker-9: 入門コンテンツのインポート] INFO  o.e.m.c.i.e.AbstractTransferListenerAdapter - Downloading https://repo.maven.apache.org/maven2/com/sun/xml/bind/mvn/jaxb-parent/4.0.6/jaxb-parent-4.0.6.pom
2026-02-24 13:49:35,504 [Worker-9: 入門コンテンツのインポート] INFO  o.e.m.c.i.e.AbstractTransferListenerAdapter - Downloaded https://repo.maven.apache.org/maven2/com/sun/xml/bind/mvn/jaxb-parent/4.0.6/jaxb-parent-4.0.6.pom
2026-02-24 13:49:35,563 [Worker-9: 入門コンテンツのインポート] INFO  o.e.m.c.i.e.AbstractTransferListenerAdapter - Downloading https://repo.maven.apache.org/maven2/com/sun/xml/bind/jaxb-bom-ext/4.0.6/jaxb-bom-ext-4.0.6.pom
2026-02-24 13:49:35,596 [Worker-9: 入門コンテンツのインポート] INFO  o.e.m.c.i.e.AbstractTransferListenerAdapter - Downloaded https://repo.maven.apache.org/maven2/com/sun/xml/bind/jaxb-bom-ext/4.0.6/jaxb-bom-ext-4.0.6.pom
2026-02-24 13:49:35,640 [Worker-9: 入門コンテンツのインポート] INFO  o.e.m.c.i.e.AbstractTransferListenerAdapter - Downloading https://repo.maven.apache.org/maven2/org/glassfish/jaxb/jaxb-bom/4.0.6/jaxb-bom-4.0.6.pom
2026-02-24 13:49:35,670 [Worker-9: 入門コンテンツのインポート] INFO  o.e.m.c.i.e.AbstractTransferListenerAdapter - Downloaded https://repo.maven.apache.org/maven2/org/glassfish/jaxb/jaxb-bom/4.0.6/jaxb-bom-4.0.6.pom
2026-02-24 13:49:35,727 [Worker-9: 入門コンテンツのインポート] INFO  o.e.m.c.i.e.AbstractTransferListenerAdapter - Downloading https://repo.maven.apache.org/maven2/org/glassfish/jaxb/jaxb-core/4.0.6/jaxb-core-4.0.6.pom
2026-02-24 13:49:35,761 [Worker-9: 入門コンテンツのインポート] INFO  o.e.m.c.i.e.AbstractTransferListenerAdapter - Downloaded https://repo.maven.apache.org/maven2/org/glassfish/jaxb/jaxb-core/4.0.6/jaxb-core-4.0.6.pom
2026-02-24 13:49:35,808 [Worker-9: 入門コンテンツのインポート] INFO  o.e.m.c.i.e.AbstractTransferListenerAdapter - Downloading https://repo.maven.apache.org/maven2/org/eclipse/angus/angus-activation/2.0.3/angus-activation-2.0.3.pom
2026-02-24 13:49:35,863 [Worker-9: 入門コンテンツのインポート] INFO  o.e.m.c.i.e.AbstractTransferListenerAdapter - Downloaded https://repo.maven.apache.org/maven2/org/eclipse/angus/angus-activation/2.0.3/angus-activation-2.0.3.pom
2026-02-24 13:49:35,915 [Worker-9: 入門コンテンツのインポート] INFO  o.e.m.c.i.e.AbstractTransferListenerAdapter - Downloading https://repo.maven.apache.org/maven2/org/eclipse/angus/angus-activation-project/2.0.3/angus-activation-project-2.0.3.pom
2026-02-24 13:49:35,957 [Worker-9: 入門コンテンツのインポート] INFO  o.e.m.c.i.e.AbstractTransferListenerAdapter - Downloaded https://repo.maven.apache.org/maven2/org/eclipse/angus/angus-activation-project/2.0.3/angus-activation-project-2.0.3.pom
2026-02-24 13:49:36,021 [Worker-9: 入門コンテンツのインポート] INFO  o.e.m.c.i.e.AbstractTransferListenerAdapter - Downloading https://repo.maven.apache.org/maven2/org/glassfish/jaxb/txw2/4.0.6/txw2-4.0.6.pom
2026-02-24 13:49:36,067 [Worker-9: 入門コンテンツのインポート] INFO  o.e.m.c.i.e.AbstractTransferListenerAdapter - Downloaded https://repo.maven.apache.org/maven2/org/glassfish/jaxb/txw2/4.0.6/txw2-4.0.6.pom
2026-02-24 13:49:36,116 [Worker-9: 入門コンテンツのインポート] INFO  o.e.m.c.i.e.AbstractTransferListenerAdapter - Downloading https://repo.maven.apache.org/maven2/com/sun/xml/bind/mvn/jaxb-txw-parent/4.0.6/jaxb-txw-parent-4.0.6.pom
2026-02-24 13:49:36,152 [Worker-9: 入門コンテンツのインポート] INFO  o.e.m.c.i.e.AbstractTransferListenerAdapter - Downloaded https://repo.maven.apache.org/maven2/com/sun/xml/bind/mvn/jaxb-txw-parent/4.0.6/jaxb-txw-parent-4.0.6.pom
2026-02-24 13:49:36,200 [Worker-9: 入門コンテンツのインポート] INFO  o.e.m.c.i.e.AbstractTransferListenerAdapter - Downloading https://repo.maven.apache.org/maven2/com/sun/istack/istack-commons-runtime/4.1.2/istack-commons-runtime-4.1.2.pom
2026-02-24 13:49:36,237 [Worker-9: 入門コンテンツのインポート] INFO  o.e.m.c.i.e.AbstractTransferListenerAdapter - Downloaded https://repo.maven.apache.org/maven2/com/sun/istack/istack-commons-runtime/4.1.2/istack-commons-runtime-4.1.2.pom
2026-02-24 13:49:36,285 [Worker-9: 入門コンテンツのインポート] INFO  o.e.m.c.i.e.AbstractTransferListenerAdapter - Downloading https://repo.maven.apache.org/maven2/com/sun/istack/istack-commons/4.1.2/istack-commons-4.1.2.pom
2026-02-24 13:49:36,326 [Worker-9: 入門コンテンツのインポート] INFO  o.e.m.c.i.e.AbstractTransferListenerAdapter - Downloaded https://repo.maven.apache.org/maven2/com/sun/istack/istack-commons/4.1.2/istack-commons-4.1.2.pom
2026-02-24 13:49:36,386 [Worker-9: 入門コンテンツのインポート] INFO  o.e.m.c.i.e.AbstractTransferListenerAdapter - Downloading https://repo.maven.apache.org/maven2/jakarta/inject/jakarta.inject-api/2.0.1/jakarta.inject-api-2.0.1.pom
2026-02-24 13:49:36,422 [Worker-9: 入門コンテンツのインポート] INFO  o.e.m.c.i.e.AbstractTransferListenerAdapter - Downloaded https://repo.maven.apache.org/maven2/jakarta/inject/jakarta.inject-api/2.0.1/jakarta.inject-api-2.0.1.pom
2026-02-24 13:49:36,469 [Worker-9: 入門コンテンツのインポート] INFO  o.e.m.c.i.e.AbstractTransferListenerAdapter - Downloading https://repo.maven.apache.org/maven2/org/antlr/antlr4-runtime/4.13.2/antlr4-runtime-4.13.2.pom
2026-02-24 13:49:36,501 [Worker-9: 入門コンテンツのインポート] INFO  o.e.m.c.i.e.AbstractTransferListenerAdapter - Downloaded https://repo.maven.apache.org/maven2/org/antlr/antlr4-runtime/4.13.2/antlr4-runtime-4.13.2.pom
2026-02-24 13:49:36,549 [Worker-9: 入門コンテンツのインポート] INFO  o.e.m.c.i.e.AbstractTransferListenerAdapter - Downloading https://repo.maven.apache.org/maven2/org/antlr/antlr4-master/4.13.2/antlr4-master-4.13.2.pom
2026-02-24 13:49:36,585 [Worker-9: 入門コンテンツのインポート] INFO  o.e.m.c.i.e.AbstractTransferListenerAdapter - Downloaded https://repo.maven.apache.org/maven2/org/antlr/antlr4-master/4.13.2/antlr4-master-4.13.2.pom
2026-02-24 13:49:36,634 [Worker-9: 入門コンテンツのインポート] INFO  o.e.m.c.i.e.AbstractTransferListenerAdapter - Downloading https://repo.maven.apache.org/maven2/org/springframework/data/spring-data-jpa/4.0.3/spring-data-jpa-4.0.3.pom
2026-02-24 13:49:36,671 [Worker-9: 入門コンテンツのインポート] INFO  o.e.m.c.i.e.AbstractTransferListenerAdapter - Downloaded https://repo.maven.apache.org/maven2/org/springframework/data/spring-data-jpa/4.0.3/spring-data-jpa-4.0.3.pom
2026-02-24 13:49:36,734 [Worker-9: 入門コンテンツのインポート] INFO  o.e.m.c.i.e.AbstractTransferListenerAdapter - Downloading https://repo.maven.apache.org/maven2/org/springframework/data/spring-data-jpa-parent/4.0.3/spring-data-jpa-parent-4.0.3.pom
2026-02-24 13:49:36,773 [Worker-9: 入門コンテンツのインポート] INFO  o.e.m.c.i.e.AbstractTransferListenerAdapter - Downloaded https://repo.maven.apache.org/maven2/org/springframework/data/spring-data-jpa-parent/4.0.3/spring-data-jpa-parent-4.0.3.pom
2026-02-24 13:49:36,822 [Worker-9: 入門コンテンツのインポート] INFO  o.e.m.c.i.e.AbstractTransferListenerAdapter - Downloading https://repo.maven.apache.org/maven2/org/springframework/spring-aspects/7.0.5/spring-aspects-7.0.5.pom
2026-02-24 13:49:36,855 [Worker-9: 入門コンテンツのインポート] INFO  o.e.m.c.i.e.AbstractTransferListenerAdapter - Downloaded https://repo.maven.apache.org/maven2/org/springframework/spring-aspects/7.0.5/spring-aspects-7.0.5.pom
2026-02-24 13:49:36,903 [Worker-9: 入門コンテンツのインポート] INFO  o.e.m.c.i.e.AbstractTransferListenerAdapter - Downloading https://repo.maven.apache.org/maven2/org/aspectj/aspectjweaver/1.9.25.1/aspectjweaver-1.9.25.1.pom
2026-02-24 13:49:36,933 [Worker-9: 入門コンテンツのインポート] INFO  o.e.m.c.i.e.AbstractTransferListenerAdapter - Downloaded https://repo.maven.apache.org/maven2/org/aspectj/aspectjweaver/1.9.25.1/aspectjweaver-1.9.25.1.pom
2026-02-24 13:49:36,980 [Worker-9: 入門コンテンツのインポート] INFO  o.e.m.c.i.e.AbstractTransferListenerAdapter - Downloading https://repo.maven.apache.org/maven2/org/springframework/boot/spring-boot-starter-thymeleaf/4.0.3/spring-boot-starter-thymeleaf-4.0.3.pom
2026-02-24 13:49:37,019 [Worker-9: 入門コンテンツのインポート] INFO  o.e.m.c.i.e.AbstractTransferListenerAdapter - Downloaded https://repo.maven.apache.org/maven2/org/springframework/boot/spring-boot-starter-thymeleaf/4.0.3/spring-boot-starter-thymeleaf-4.0.3.pom
2026-02-24 13:49:37,065 [Worker-9: 入門コンテンツのインポート] INFO  o.e.m.c.i.e.AbstractTransferListenerAdapter - Downloading https://repo.maven.apache.org/maven2/org/springframework/boot/spring-boot-thymeleaf/4.0.3/spring-boot-thymeleaf-4.0.3.pom
2026-02-24 13:49:37,098 [Worker-9: 入門コンテンツのインポート] INFO  o.e.m.c.i.e.AbstractTransferListenerAdapter - Downloaded https://repo.maven.apache.org/maven2/org/springframework/boot/spring-boot-thymeleaf/4.0.3/spring-boot-thymeleaf-4.0.3.pom
2026-02-24 13:49:37,148 [Worker-9: 入門コンテンツのインポート] INFO  o.e.m.c.i.e.AbstractTransferListenerAdapter - Downloading https://repo.maven.apache.org/maven2/org/thymeleaf/thymeleaf-spring6/3.1.3.RELEASE/thymeleaf-spring6-3.1.3.RELEASE.pom
2026-02-24 13:49:37,179 [Worker-9: 入門コンテンツのインポート] INFO  o.e.m.c.i.e.AbstractTransferListenerAdapter - Downloaded https://repo.maven.apache.org/maven2/org/thymeleaf/thymeleaf-spring6/3.1.3.RELEASE/thymeleaf-spring6-3.1.3.RELEASE.pom
2026-02-24 13:49:37,223 [Worker-9: 入門コンテンツのインポート] INFO  o.e.m.c.i.e.AbstractTransferListenerAdapter - Downloading https://repo.maven.apache.org/maven2/org/thymeleaf/thymeleaf-lib/3.1.3.RELEASE/thymeleaf-lib-3.1.3.RELEASE.pom
2026-02-24 13:49:37,252 [Worker-9: 入門コンテンツのインポート] INFO  o.e.m.c.i.e.AbstractTransferListenerAdapter - Downloaded https://repo.maven.apache.org/maven2/org/thymeleaf/thymeleaf-lib/3.1.3.RELEASE/thymeleaf-lib-3.1.3.RELEASE.pom
2026-02-24 13:49:37,297 [Worker-9: 入門コンテンツのインポート] INFO  o.e.m.c.i.e.AbstractTransferListenerAdapter - Downloading https://repo.maven.apache.org/maven2/org/thymeleaf/thymeleaf-parent/3.1.3.RELEASE/thymeleaf-parent-3.1.3.RELEASE.pom
2026-02-24 13:49:37,332 [Worker-9: 入門コンテンツのインポート] INFO  o.e.m.c.i.e.AbstractTransferListenerAdapter - Downloaded https://repo.maven.apache.org/maven2/org/thymeleaf/thymeleaf-parent/3.1.3.RELEASE/thymeleaf-parent-3.1.3.RELEASE.pom
2026-02-24 13:49:37,388 [Worker-9: 入門コンテンツのインポート] INFO  o.e.m.c.i.e.AbstractTransferListenerAdapter - Downloading https://repo.maven.apache.org/maven2/org/springframework/spring-framework-bom/6.2.0/spring-framework-bom-6.2.0.pom
2026-02-24 13:49:37,417 [Worker-9: 入門コンテンツのインポート] INFO  o.e.m.c.i.e.AbstractTransferListenerAdapter - Downloaded https://repo.maven.apache.org/maven2/org/springframework/spring-framework-bom/6.2.0/spring-framework-bom-6.2.0.pom
2026-02-24 13:49:37,459 [Worker-9: 入門コンテンツのインポート] INFO  o.e.m.c.i.e.AbstractTransferListenerAdapter - Downloading https://repo.maven.apache.org/maven2/com/fasterxml/jackson/jackson-bom/2.18.2/jackson-bom-2.18.2.pom
2026-02-24 13:49:37,492 [Worker-9: 入門コンテンツのインポート] INFO  o.e.m.c.i.e.AbstractTransferListenerAdapter - Downloaded https://repo.maven.apache.org/maven2/com/fasterxml/jackson/jackson-bom/2.18.2/jackson-bom-2.18.2.pom
2026-02-24 13:49:37,544 [Worker-9: 入門コンテンツのインポート] INFO  o.e.m.c.i.e.AbstractTransferListenerAdapter - Downloading https://repo.maven.apache.org/maven2/com/fasterxml/jackson/jackson-parent/2.18.1/jackson-parent-2.18.1.pom
2026-02-24 13:49:37,574 [Worker-9: 入門コンテンツのインポート] INFO  o.e.m.c.i.e.AbstractTransferListenerAdapter - Downloaded https://repo.maven.apache.org/maven2/com/fasterxml/jackson/jackson-parent/2.18.1/jackson-parent-2.18.1.pom
2026-02-24 13:49:37,616 [Worker-9: 入門コンテンツのインポート] INFO  o.e.m.c.i.e.AbstractTransferListenerAdapter - Downloading https://repo.maven.apache.org/maven2/com/fasterxml/oss-parent/61/oss-parent-61.pom
2026-02-24 13:49:37,657 [Worker-9: 入門コンテンツのインポート] INFO  o.e.m.c.i.e.AbstractTransferListenerAdapter - Downloaded https://repo.maven.apache.org/maven2/com/fasterxml/oss-parent/61/oss-parent-61.pom
2026-02-24 13:49:37,717 [Worker-9: 入門コンテンツのインポート] INFO  o.e.m.c.i.e.AbstractTransferListenerAdapter - Downloading https://repo.maven.apache.org/maven2/io/projectreactor/reactor-bom/2024.0.0/reactor-bom-2024.0.0.pom
2026-02-24 13:49:37,755 [Worker-9: 入門コンテンツのインポート] INFO  o.e.m.c.i.e.AbstractTransferListenerAdapter - Downloaded https://repo.maven.apache.org/maven2/io/projectreactor/reactor-bom/2024.0.0/reactor-bom-2024.0.0.pom
2026-02-24 13:49:37,800 [Worker-9: 入門コンテンツのインポート] INFO  o.e.m.c.i.e.AbstractTransferListenerAdapter - Downloading https://repo.maven.apache.org/maven2/org/apache/logging/log4j/log4j-bom/2.24.2/log4j-bom-2.24.2.pom
2026-02-24 13:49:37,838 [Worker-9: 入門コンテンツのインポート] INFO  o.e.m.c.i.e.AbstractTransferListenerAdapter - Downloaded https://repo.maven.apache.org/maven2/org/apache/logging/log4j/log4j-bom/2.24.2/log4j-bom-2.24.2.pom
2026-02-24 13:49:37,903 [Worker-9: 入門コンテンツのインポート] INFO  o.e.m.c.i.e.AbstractTransferListenerAdapter - Downloading https://repo.maven.apache.org/maven2/org/apache/logging/logging-parent/11.3.0/logging-parent-11.3.0.pom
2026-02-24 13:49:37,973 [Worker-9: 入門コンテンツのインポート] INFO  o.e.m.c.i.e.AbstractTransferListenerAdapter - Downloaded https://repo.maven.apache.org/maven2/org/apache/logging/logging-parent/11.3.0/logging-parent-11.3.0.pom
2026-02-24 13:49:38,044 [Worker-9: 入門コンテンツのインポート] INFO  o.e.m.c.i.e.AbstractTransferListenerAdapter - Downloading https://repo.maven.apache.org/maven2/org/junit/junit-bom/5.11.3/junit-bom-5.11.3.pom
2026-02-24 13:49:38,072 [Worker-9: 入門コンテンツのインポート] INFO  o.e.m.c.i.e.AbstractTransferListenerAdapter - Downloaded https://repo.maven.apache.org/maven2/org/junit/junit-bom/5.11.3/junit-bom-5.11.3.pom
2026-02-24 13:49:38,116 [Worker-9: 入門コンテンツのインポート] INFO  o.e.m.c.i.e.AbstractTransferListenerAdapter - Downloading https://repo.maven.apache.org/maven2/org/thymeleaf/thymeleaf/3.1.3.RELEASE/thymeleaf-3.1.3.RELEASE.pom
2026-02-24 13:49:38,155 [Worker-9: 入門コンテンツのインポート] INFO  o.e.m.c.i.e.AbstractTransferListenerAdapter - Downloaded https://repo.maven.apache.org/maven2/org/thymeleaf/thymeleaf/3.1.3.RELEASE/thymeleaf-3.1.3.RELEASE.pom
2026-02-24 13:49:38,206 [Worker-9: 入門コンテンツのインポート] INFO  o.e.m.c.i.e.AbstractTransferListenerAdapter - Downloading https://repo.maven.apache.org/maven2/org/attoparser/attoparser/2.0.7.RELEASE/attoparser-2.0.7.RELEASE.pom
2026-02-24 13:49:38,245 [Worker-9: 入門コンテンツのインポート] INFO  o.e.m.c.i.e.AbstractTransferListenerAdapter - Downloaded https://repo.maven.apache.org/maven2/org/attoparser/attoparser/2.0.7.RELEASE/attoparser-2.0.7.RELEASE.pom
2026-02-24 13:49:38,324 [Worker-9: 入門コンテンツのインポート] INFO  o.e.m.c.i.e.AbstractTransferListenerAdapter - Downloading https://repo.maven.apache.org/maven2/org/unbescape/unbescape/1.1.6.RELEASE/unbescape-1.1.6.RELEASE.pom
2026-02-24 13:49:38,360 [Worker-9: 入門コンテンツのインポート] INFO  o.e.m.c.i.e.AbstractTransferListenerAdapter - Downloaded https://repo.maven.apache.org/maven2/org/unbescape/unbescape/1.1.6.RELEASE/unbescape-1.1.6.RELEASE.pom
2026-02-24 13:49:38,414 [Worker-9: 入門コンテンツのインポート] INFO  o.e.m.c.i.e.AbstractTransferListenerAdapter - Downloading https://repo.maven.apache.org/maven2/org/springframework/spring-web/7.0.5/spring-web-7.0.5.pom
2026-02-24 13:49:38,444 [Worker-9: 入門コンテンツのインポート] INFO  o.e.m.c.i.e.AbstractTransferListenerAdapter - Downloaded https://repo.maven.apache.org/maven2/org/springframework/spring-web/7.0.5/spring-web-7.0.5.pom
2026-02-24 13:49:38,496 [Worker-9: 入門コンテンツのインポート] INFO  o.e.m.c.i.e.AbstractTransferListenerAdapter - Downloading https://repo.maven.apache.org/maven2/org/springframework/boot/spring-boot-starter-webmvc/4.0.3/spring-boot-starter-webmvc-4.0.3.pom
2026-02-24 13:49:38,534 [Worker-9: 入門コンテンツのインポート] INFO  o.e.m.c.i.e.AbstractTransferListenerAdapter - Downloaded https://repo.maven.apache.org/maven2/org/springframework/boot/spring-boot-starter-webmvc/4.0.3/spring-boot-starter-webmvc-4.0.3.pom
2026-02-24 13:49:38,579 [Worker-9: 入門コンテンツのインポート] INFO  o.e.m.c.i.e.AbstractTransferListenerAdapter - Downloading https://repo.maven.apache.org/maven2/org/springframework/boot/spring-boot-starter-jackson/4.0.3/spring-boot-starter-jackson-4.0.3.pom
2026-02-24 13:49:38,615 [Worker-9: 入門コンテンツのインポート] INFO  o.e.m.c.i.e.AbstractTransferListenerAdapter - Downloaded https://repo.maven.apache.org/maven2/org/springframework/boot/spring-boot-starter-jackson/4.0.3/spring-boot-starter-jackson-4.0.3.pom
2026-02-24 13:49:38,664 [Worker-9: 入門コンテンツのインポート] INFO  o.e.m.c.i.e.AbstractTransferListenerAdapter - Downloading https://repo.maven.apache.org/maven2/org/springframework/boot/spring-boot-jackson/4.0.3/spring-boot-jackson-4.0.3.pom
2026-02-24 13:49:38,703 [Worker-9: 入門コンテンツのインポート] INFO  o.e.m.c.i.e.AbstractTransferListenerAdapter - Downloaded https://repo.maven.apache.org/maven2/org/springframework/boot/spring-boot-jackson/4.0.3/spring-boot-jackson-4.0.3.pom
2026-02-24 13:49:38,759 [Worker-9: 入門コンテンツのインポート] INFO  o.e.m.c.i.e.AbstractTransferListenerAdapter - Downloading https://repo.maven.apache.org/maven2/tools/jackson/core/jackson-databind/3.0.4/jackson-databind-3.0.4.pom
2026-02-24 13:49:38,795 [Worker-9: 入門コンテンツのインポート] INFO  o.e.m.c.i.e.AbstractTransferListenerAdapter - Downloaded https://repo.maven.apache.org/maven2/tools/jackson/core/jackson-databind/3.0.4/jackson-databind-3.0.4.pom
2026-02-24 13:49:38,857 [Worker-9: 入門コンテンツのインポート] INFO  o.e.m.c.i.e.AbstractTransferListenerAdapter - Downloading https://repo.maven.apache.org/maven2/tools/jackson/jackson-base/3.0.4/jackson-base-3.0.4.pom
2026-02-24 13:49:38,893 [Worker-9: 入門コンテンツのインポート] INFO  o.e.m.c.i.e.AbstractTransferListenerAdapter - Downloaded https://repo.maven.apache.org/maven2/tools/jackson/jackson-base/3.0.4/jackson-base-3.0.4.pom
2026-02-24 13:49:38,954 [Worker-9: 入門コンテンツのインポート] INFO  o.e.m.c.i.e.AbstractTransferListenerAdapter - Downloading https://repo.maven.apache.org/maven2/com/fasterxml/jackson/core/jackson-annotations/2.20/jackson-annotations-2.20.pom
2026-02-24 13:49:38,985 [Worker-9: 入門コンテンツのインポート] INFO  o.e.m.c.i.e.AbstractTransferListenerAdapter - Downloaded https://repo.maven.apache.org/maven2/com/fasterxml/jackson/core/jackson-annotations/2.20/jackson-annotations-2.20.pom
2026-02-24 13:49:39,034 [Worker-9: 入門コンテンツのインポート] INFO  o.e.m.c.i.e.AbstractTransferListenerAdapter - Downloading https://repo.maven.apache.org/maven2/tools/jackson/core/jackson-core/3.0.4/jackson-core-3.0.4.pom
2026-02-24 13:49:39,070 [Worker-9: 入門コンテンツのインポート] INFO  o.e.m.c.i.e.AbstractTransferListenerAdapter - Downloaded https://repo.maven.apache.org/maven2/tools/jackson/core/jackson-core/3.0.4/jackson-core-3.0.4.pom
2026-02-24 13:49:39,127 [Worker-9: 入門コンテンツのインポート] INFO  o.e.m.c.i.e.AbstractTransferListenerAdapter - Downloading https://repo.maven.apache.org/maven2/org/springframework/boot/spring-boot-starter-tomcat/4.0.3/spring-boot-starter-tomcat-4.0.3.pom
2026-02-24 13:49:39,160 [Worker-9: 入門コンテンツのインポート] INFO  o.e.m.c.i.e.AbstractTransferListenerAdapter - Downloaded https://repo.maven.apache.org/maven2/org/springframework/boot/spring-boot-starter-tomcat/4.0.3/spring-boot-starter-tomcat-4.0.3.pom
2026-02-24 13:49:39,205 [Worker-9: 入門コンテンツのインポート] INFO  o.e.m.c.i.e.AbstractTransferListenerAdapter - Downloading https://repo.maven.apache.org/maven2/org/springframework/boot/spring-boot-starter-tomcat-runtime/4.0.3/spring-boot-starter-tomcat-runtime-4.0.3.pom
2026-02-24 13:49:39,239 [Worker-9: 入門コンテンツのインポート] INFO  o.e.m.c.i.e.AbstractTransferListenerAdapter - Downloaded https://repo.maven.apache.org/maven2/org/springframework/boot/spring-boot-starter-tomcat-runtime/4.0.3/spring-boot-starter-tomcat-runtime-4.0.3.pom
2026-02-24 13:49:39,284 [Worker-9: 入門コンテンツのインポート] INFO  o.e.m.c.i.e.AbstractTransferListenerAdapter - Downloading https://repo.maven.apache.org/maven2/org/springframework/boot/spring-boot-tomcat/4.0.3/spring-boot-tomcat-4.0.3.pom
2026-02-24 13:49:39,317 [Worker-9: 入門コンテンツのインポート] INFO  o.e.m.c.i.e.AbstractTransferListenerAdapter - Downloaded https://repo.maven.apache.org/maven2/org/springframework/boot/spring-boot-tomcat/4.0.3/spring-boot-tomcat-4.0.3.pom
2026-02-24 13:49:39,364 [Worker-9: 入門コンテンツのインポート] INFO  o.e.m.c.i.e.AbstractTransferListenerAdapter - Downloading https://repo.maven.apache.org/maven2/org/springframework/boot/spring-boot-web-server/4.0.3/spring-boot-web-server-4.0.3.pom
2026-02-24 13:49:39,395 [Worker-9: 入門コンテンツのインポート] INFO  o.e.m.c.i.e.AbstractTransferListenerAdapter - Downloaded https://repo.maven.apache.org/maven2/org/springframework/boot/spring-boot-web-server/4.0.3/spring-boot-web-server-4.0.3.pom
2026-02-24 13:49:39,445 [Worker-9: 入門コンテンツのインポート] INFO  o.e.m.c.i.e.AbstractTransferListenerAdapter - Downloading https://repo.maven.apache.org/maven2/org/apache/tomcat/embed/tomcat-embed-core/11.0.18/tomcat-embed-core-11.0.18.pom
2026-02-24 13:49:39,477 [Worker-9: 入門コンテンツのインポート] INFO  o.e.m.c.i.e.AbstractTransferListenerAdapter - Downloaded https://repo.maven.apache.org/maven2/org/apache/tomcat/embed/tomcat-embed-core/11.0.18/tomcat-embed-core-11.0.18.pom
2026-02-24 13:49:39,517 [Worker-9: 入門コンテンツのインポート] INFO  o.e.m.c.i.e.AbstractTransferListenerAdapter - Downloading https://repo.maven.apache.org/maven2/org/apache/tomcat/embed/tomcat-embed-el/11.0.18/tomcat-embed-el-11.0.18.pom
2026-02-24 13:49:39,547 [Worker-9: 入門コンテンツのインポート] INFO  o.e.m.c.i.e.AbstractTransferListenerAdapter - Downloaded https://repo.maven.apache.org/maven2/org/apache/tomcat/embed/tomcat-embed-el/11.0.18/tomcat-embed-el-11.0.18.pom
2026-02-24 13:49:39,593 [Worker-9: 入門コンテンツのインポート] INFO  o.e.m.c.i.e.AbstractTransferListenerAdapter - Downloading https://repo.maven.apache.org/maven2/org/apache/tomcat/embed/tomcat-embed-websocket/11.0.18/tomcat-embed-websocket-11.0.18.pom
2026-02-24 13:49:39,623 [Worker-9: 入門コンテンツのインポート] INFO  o.e.m.c.i.e.AbstractTransferListenerAdapter - Downloaded https://repo.maven.apache.org/maven2/org/apache/tomcat/embed/tomcat-embed-websocket/11.0.18/tomcat-embed-websocket-11.0.18.pom
2026-02-24 13:49:39,670 [Worker-9: 入門コンテンツのインポート] INFO  o.e.m.c.i.e.AbstractTransferListenerAdapter - Downloading https://repo.maven.apache.org/maven2/org/springframework/boot/spring-boot-http-converter/4.0.3/spring-boot-http-converter-4.0.3.pom
2026-02-24 13:49:39,701 [Worker-9: 入門コンテンツのインポート] INFO  o.e.m.c.i.e.AbstractTransferListenerAdapter - Downloaded https://repo.maven.apache.org/maven2/org/springframework/boot/spring-boot-http-converter/4.0.3/spring-boot-http-converter-4.0.3.pom
2026-02-24 13:49:39,747 [Worker-9: 入門コンテンツのインポート] INFO  o.e.m.c.i.e.AbstractTransferListenerAdapter - Downloading https://repo.maven.apache.org/maven2/org/springframework/boot/spring-boot-webmvc/4.0.3/spring-boot-webmvc-4.0.3.pom
2026-02-24 13:49:39,779 [Worker-9: 入門コンテンツのインポート] INFO  o.e.m.c.i.e.AbstractTransferListenerAdapter - Downloaded https://repo.maven.apache.org/maven2/org/springframework/boot/spring-boot-webmvc/4.0.3/spring-boot-webmvc-4.0.3.pom
2026-02-24 13:49:39,831 [Worker-9: 入門コンテンツのインポート] INFO  o.e.m.c.i.e.AbstractTransferListenerAdapter - Downloading https://repo.maven.apache.org/maven2/org/springframework/boot/spring-boot-servlet/4.0.3/spring-boot-servlet-4.0.3.pom
2026-02-24 13:49:39,869 [Worker-9: 入門コンテンツのインポート] INFO  o.e.m.c.i.e.AbstractTransferListenerAdapter - Downloaded https://repo.maven.apache.org/maven2/org/springframework/boot/spring-boot-servlet/4.0.3/spring-boot-servlet-4.0.3.pom
2026-02-24 13:49:39,914 [Worker-9: 入門コンテンツのインポート] INFO  o.e.m.c.i.e.AbstractTransferListenerAdapter - Downloading https://repo.maven.apache.org/maven2/org/springframework/spring-webmvc/7.0.5/spring-webmvc-7.0.5.pom
2026-02-24 13:49:39,952 [Worker-9: 入門コンテンツのインポート] INFO  o.e.m.c.i.e.AbstractTransferListenerAdapter - Downloaded https://repo.maven.apache.org/maven2/org/springframework/spring-webmvc/7.0.5/spring-webmvc-7.0.5.pom
2026-02-24 13:49:39,999 [Worker-9: 入門コンテンツのインポート] INFO  o.e.m.c.i.e.AbstractTransferListenerAdapter - Downloading https://repo.maven.apache.org/maven2/org/springframework/boot/spring-boot-devtools/4.0.3/spring-boot-devtools-4.0.3.pom
2026-02-24 13:49:40,029 [Worker-9: 入門コンテンツのインポート] INFO  o.e.m.c.i.e.AbstractTransferListenerAdapter - Downloaded https://repo.maven.apache.org/maven2/org/springframework/boot/spring-boot-devtools/4.0.3/spring-boot-devtools-4.0.3.pom
2026-02-24 13:49:40,077 [Worker-9: 入門コンテンツのインポート] INFO  o.e.m.c.i.e.AbstractTransferListenerAdapter - Downloading https://repo.maven.apache.org/maven2/org/postgresql/postgresql/42.7.10/postgresql-42.7.10.pom
2026-02-24 13:49:40,109 [Worker-9: 入門コンテンツのインポート] INFO  o.e.m.c.i.e.AbstractTransferListenerAdapter - Downloaded https://repo.maven.apache.org/maven2/org/postgresql/postgresql/42.7.10/postgresql-42.7.10.pom
2026-02-24 13:49:40,164 [Worker-9: 入門コンテンツのインポート] INFO  o.e.m.c.i.e.AbstractTransferListenerAdapter - Downloading https://repo.maven.apache.org/maven2/org/checkerframework/checker-qual/3.52.0/checker-qual-3.52.0.pom
2026-02-24 13:49:40,198 [Worker-9: 入門コンテンツのインポート] INFO  o.e.m.c.i.e.AbstractTransferListenerAdapter - Downloaded https://repo.maven.apache.org/maven2/org/checkerframework/checker-qual/3.52.0/checker-qual-3.52.0.pom
2026-02-24 13:49:40,241 [Worker-9: 入門コンテンツのインポート] INFO  o.e.m.c.i.e.AbstractTransferListenerAdapter - Downloading https://repo.maven.apache.org/maven2/org/projectlombok/lombok/1.18.42/lombok-1.18.42.pom
2026-02-24 13:49:40,270 [Worker-9: 入門コンテンツのインポート] INFO  o.e.m.c.i.e.AbstractTransferListenerAdapter - Downloaded https://repo.maven.apache.org/maven2/org/projectlombok/lombok/1.18.42/lombok-1.18.42.pom
2026-02-24 13:49:40,316 [Worker-9: 入門コンテンツのインポート] INFO  o.e.m.c.i.e.AbstractTransferListenerAdapter - Downloading https://repo.maven.apache.org/maven2/org/springframework/boot/spring-boot-starter-data-jpa-test/4.0.3/spring-boot-starter-data-jpa-test-4.0.3.pom
2026-02-24 13:49:40,347 [Worker-9: 入門コンテンツのインポート] INFO  o.e.m.c.i.e.AbstractTransferListenerAdapter - Downloaded https://repo.maven.apache.org/maven2/org/springframework/boot/spring-boot-starter-data-jpa-test/4.0.3/spring-boot-starter-data-jpa-test-4.0.3.pom
2026-02-24 13:49:40,391 [Worker-9: 入門コンテンツのインポート] INFO  o.e.m.c.i.e.AbstractTransferListenerAdapter - Downloading https://repo.maven.apache.org/maven2/org/springframework/boot/spring-boot-starter-test/4.0.3/spring-boot-starter-test-4.0.3.pom
2026-02-24 13:49:40,424 [Worker-9: 入門コンテンツのインポート] INFO  o.e.m.c.i.e.AbstractTransferListenerAdapter - Downloaded https://repo.maven.apache.org/maven2/org/springframework/boot/spring-boot-starter-test/4.0.3/spring-boot-starter-test-4.0.3.pom
2026-02-24 13:49:40,469 [Worker-9: 入門コンテンツのインポート] INFO  o.e.m.c.i.e.AbstractTransferListenerAdapter - Downloading https://repo.maven.apache.org/maven2/org/springframework/boot/spring-boot-test/4.0.3/spring-boot-test-4.0.3.pom
2026-02-24 13:49:40,502 [Worker-9: 入門コンテンツのインポート] INFO  o.e.m.c.i.e.AbstractTransferListenerAdapter - Downloaded https://repo.maven.apache.org/maven2/org/springframework/boot/spring-boot-test/4.0.3/spring-boot-test-4.0.3.pom
2026-02-24 13:49:40,548 [Worker-9: 入門コンテンツのインポート] INFO  o.e.m.c.i.e.AbstractTransferListenerAdapter - Downloading https://repo.maven.apache.org/maven2/org/springframework/spring-test/7.0.5/spring-test-7.0.5.pom
2026-02-24 13:49:40,577 [Worker-9: 入門コンテンツのインポート] INFO  o.e.m.c.i.e.AbstractTransferListenerAdapter - Downloaded https://repo.maven.apache.org/maven2/org/springframework/spring-test/7.0.5/spring-test-7.0.5.pom
2026-02-24 13:49:40,623 [Worker-9: 入門コンテンツのインポート] INFO  o.e.m.c.i.e.AbstractTransferListenerAdapter - Downloading https://repo.maven.apache.org/maven2/org/springframework/boot/spring-boot-test-autoconfigure/4.0.3/spring-boot-test-autoconfigure-4.0.3.pom
2026-02-24 13:49:40,686 [Worker-9: 入門コンテンツのインポート] INFO  o.e.m.c.i.e.AbstractTransferListenerAdapter - Downloaded https://repo.maven.apache.org/maven2/org/springframework/boot/spring-boot-test-autoconfigure/4.0.3/spring-boot-test-autoconfigure-4.0.3.pom
2026-02-24 13:49:40,731 [Worker-9: 入門コンテンツのインポート] INFO  o.e.m.c.i.e.AbstractTransferListenerAdapter - Downloading https://repo.maven.apache.org/maven2/com/jayway/jsonpath/json-path/2.10.0/json-path-2.10.0.pom
2026-02-24 13:49:40,763 [Worker-9: 入門コンテンツのインポート] INFO  o.e.m.c.i.e.AbstractTransferListenerAdapter - Downloaded https://repo.maven.apache.org/maven2/com/jayway/jsonpath/json-path/2.10.0/json-path-2.10.0.pom
2026-02-24 13:49:40,814 [Worker-9: 入門コンテンツのインポート] INFO  o.e.m.c.i.e.AbstractTransferListenerAdapter - Downloading https://repo.maven.apache.org/maven2/net/minidev/json-smart/2.6.0/json-smart-2.6.0.pom
2026-02-24 13:49:40,858 [Worker-9: 入門コンテンツのインポート] INFO  o.e.m.c.i.e.AbstractTransferListenerAdapter - Downloaded https://repo.maven.apache.org/maven2/net/minidev/json-smart/2.6.0/json-smart-2.6.0.pom
2026-02-24 13:49:40,925 [Worker-9: 入門コンテンツのインポート] INFO  o.e.m.c.i.e.AbstractTransferListenerAdapter - Downloading https://repo.maven.apache.org/maven2/net/minidev/accessors-smart/2.6.0/accessors-smart-2.6.0.pom
2026-02-24 13:49:40,965 [Worker-9: 入門コンテンツのインポート] INFO  o.e.m.c.i.e.AbstractTransferListenerAdapter - Downloaded https://repo.maven.apache.org/maven2/net/minidev/accessors-smart/2.6.0/accessors-smart-2.6.0.pom
2026-02-24 13:49:41,026 [Worker-9: 入門コンテンツのインポート] INFO  o.e.m.c.i.e.AbstractTransferListenerAdapter - Downloading https://repo.maven.apache.org/maven2/org/ow2/asm/asm/9.7.1/asm-9.7.1.pom
2026-02-24 13:49:41,062 [Worker-9: 入門コンテンツのインポート] INFO  o.e.m.c.i.e.AbstractTransferListenerAdapter - Downloaded https://repo.maven.apache.org/maven2/org/ow2/asm/asm/9.7.1/asm-9.7.1.pom
2026-02-24 13:49:41,111 [Worker-9: 入門コンテンツのインポート] INFO  o.e.m.c.i.e.AbstractTransferListenerAdapter - Downloading https://repo.maven.apache.org/maven2/org/assertj/assertj-core/3.27.7/assertj-core-3.27.7.pom
2026-02-24 13:49:41,141 [Worker-9: 入門コンテンツのインポート] INFO  o.e.m.c.i.e.AbstractTransferListenerAdapter - Downloaded https://repo.maven.apache.org/maven2/org/assertj/assertj-core/3.27.7/assertj-core-3.27.7.pom
2026-02-24 13:49:41,194 [Worker-9: 入門コンテンツのインポート] INFO  o.e.m.c.i.e.AbstractTransferListenerAdapter - Downloading https://repo.maven.apache.org/maven2/org/awaitility/awaitility/4.3.0/awaitility-4.3.0.pom
2026-02-24 13:49:41,224 [Worker-9: 入門コンテンツのインポート] INFO  o.e.m.c.i.e.AbstractTransferListenerAdapter - Downloaded https://repo.maven.apache.org/maven2/org/awaitility/awaitility/4.3.0/awaitility-4.3.0.pom
2026-02-24 13:49:41,272 [Worker-9: 入門コンテンツのインポート] INFO  o.e.m.c.i.e.AbstractTransferListenerAdapter - Downloading https://repo.maven.apache.org/maven2/org/awaitility/awaitility-parent/4.3.0/awaitility-parent-4.3.0.pom
2026-02-24 13:49:41,304 [Worker-9: 入門コンテンツのインポート] INFO  o.e.m.c.i.e.AbstractTransferListenerAdapter - Downloaded https://repo.maven.apache.org/maven2/org/awaitility/awaitility-parent/4.3.0/awaitility-parent-4.3.0.pom
2026-02-24 13:49:41,362 [Worker-9: 入門コンテンツのインポート] INFO  o.e.m.c.i.e.AbstractTransferListenerAdapter - Downloading https://repo.maven.apache.org/maven2/org/hamcrest/hamcrest/3.0/hamcrest-3.0.pom
2026-02-24 13:49:41,395 [Worker-9: 入門コンテンツのインポート] INFO  o.e.m.c.i.e.AbstractTransferListenerAdapter - Downloaded https://repo.maven.apache.org/maven2/org/hamcrest/hamcrest/3.0/hamcrest-3.0.pom
2026-02-24 13:49:41,443 [Worker-9: 入門コンテンツのインポート] INFO  o.e.m.c.i.e.AbstractTransferListenerAdapter - Downloading https://repo.maven.apache.org/maven2/org/junit/jupiter/junit-jupiter/6.0.3/junit-jupiter-6.0.3.pom
2026-02-24 13:49:41,484 [Worker-9: 入門コンテンツのインポート] INFO  o.e.m.c.i.e.AbstractTransferListenerAdapter - Downloaded https://repo.maven.apache.org/maven2/org/junit/jupiter/junit-jupiter/6.0.3/junit-jupiter-6.0.3.pom
2026-02-24 13:49:41,534 [Worker-9: 入門コンテンツのインポート] INFO  o.e.m.c.i.e.AbstractTransferListenerAdapter - Downloading https://repo.maven.apache.org/maven2/org/junit/jupiter/junit-jupiter-api/6.0.3/junit-jupiter-api-6.0.3.pom
2026-02-24 13:49:41,568 [Worker-9: 入門コンテンツのインポート] INFO  o.e.m.c.i.e.AbstractTransferListenerAdapter - Downloaded https://repo.maven.apache.org/maven2/org/junit/jupiter/junit-jupiter-api/6.0.3/junit-jupiter-api-6.0.3.pom
2026-02-24 13:49:41,612 [Worker-9: 入門コンテンツのインポート] INFO  o.e.m.c.i.e.AbstractTransferListenerAdapter - Downloading https://repo.maven.apache.org/maven2/org/opentest4j/opentest4j/1.3.0/opentest4j-1.3.0.pom
2026-02-24 13:49:41,643 [Worker-9: 入門コンテンツのインポート] INFO  o.e.m.c.i.e.AbstractTransferListenerAdapter - Downloaded https://repo.maven.apache.org/maven2/org/opentest4j/opentest4j/1.3.0/opentest4j-1.3.0.pom
2026-02-24 13:49:41,691 [Worker-9: 入門コンテンツのインポート] INFO  o.e.m.c.i.e.AbstractTransferListenerAdapter - Downloading https://repo.maven.apache.org/maven2/org/junit/platform/junit-platform-commons/6.0.3/junit-platform-commons-6.0.3.pom
2026-02-24 13:49:41,723 [Worker-9: 入門コンテンツのインポート] INFO  o.e.m.c.i.e.AbstractTransferListenerAdapter - Downloaded https://repo.maven.apache.org/maven2/org/junit/platform/junit-platform-commons/6.0.3/junit-platform-commons-6.0.3.pom
2026-02-24 13:49:41,769 [Worker-9: 入門コンテンツのインポート] INFO  o.e.m.c.i.e.AbstractTransferListenerAdapter - Downloading https://repo.maven.apache.org/maven2/org/apiguardian/apiguardian-api/1.1.2/apiguardian-api-1.1.2.pom
2026-02-24 13:49:41,801 [Worker-9: 入門コンテンツのインポート] INFO  o.e.m.c.i.e.AbstractTransferListenerAdapter - Downloaded https://repo.maven.apache.org/maven2/org/apiguardian/apiguardian-api/1.1.2/apiguardian-api-1.1.2.pom
2026-02-24 13:49:41,849 [Worker-9: 入門コンテンツのインポート] INFO  o.e.m.c.i.e.AbstractTransferListenerAdapter - Downloading https://repo.maven.apache.org/maven2/org/junit/jupiter/junit-jupiter-params/6.0.3/junit-jupiter-params-6.0.3.pom
2026-02-24 13:49:41,879 [Worker-9: 入門コンテンツのインポート] INFO  o.e.m.c.i.e.AbstractTransferListenerAdapter - Downloaded https://repo.maven.apache.org/maven2/org/junit/jupiter/junit-jupiter-params/6.0.3/junit-jupiter-params-6.0.3.pom
2026-02-24 13:49:41,929 [Worker-9: 入門コンテンツのインポート] INFO  o.e.m.c.i.e.AbstractTransferListenerAdapter - Downloading https://repo.maven.apache.org/maven2/org/junit/jupiter/junit-jupiter-engine/6.0.3/junit-jupiter-engine-6.0.3.pom
2026-02-24 13:49:41,960 [Worker-9: 入門コンテンツのインポート] INFO  o.e.m.c.i.e.AbstractTransferListenerAdapter - Downloaded https://repo.maven.apache.org/maven2/org/junit/jupiter/junit-jupiter-engine/6.0.3/junit-jupiter-engine-6.0.3.pom
2026-02-24 13:49:42,017 [Worker-9: 入門コンテンツのインポート] INFO  o.e.m.c.i.e.AbstractTransferListenerAdapter - Downloading https://repo.maven.apache.org/maven2/org/junit/platform/junit-platform-engine/6.0.3/junit-platform-engine-6.0.3.pom
2026-02-24 13:49:42,055 [Worker-9: 入門コンテンツのインポート] INFO  o.e.m.c.i.e.AbstractTransferListenerAdapter - Downloaded https://repo.maven.apache.org/maven2/org/junit/platform/junit-platform-engine/6.0.3/junit-platform-engine-6.0.3.pom
2026-02-24 13:49:42,102 [Worker-9: 入門コンテンツのインポート] INFO  o.e.m.c.i.e.AbstractTransferListenerAdapter - Downloading https://repo.maven.apache.org/maven2/org/mockito/mockito-core/5.20.0/mockito-core-5.20.0.pom
2026-02-24 13:49:42,132 [Worker-9: 入門コンテンツのインポート] INFO  o.e.m.c.i.e.AbstractTransferListenerAdapter - Downloaded https://repo.maven.apache.org/maven2/org/mockito/mockito-core/5.20.0/mockito-core-5.20.0.pom
2026-02-24 13:49:42,183 [Worker-9: 入門コンテンツのインポート] INFO  o.e.m.c.i.e.AbstractTransferListenerAdapter - Downloading https://repo.maven.apache.org/maven2/net/bytebuddy/byte-buddy-agent/1.17.8/byte-buddy-agent-1.17.8.pom
2026-02-24 13:49:42,217 [Worker-9: 入門コンテンツのインポート] INFO  o.e.m.c.i.e.AbstractTransferListenerAdapter - Downloaded https://repo.maven.apache.org/maven2/net/bytebuddy/byte-buddy-agent/1.17.8/byte-buddy-agent-1.17.8.pom
2026-02-24 13:49:42,284 [Worker-9: 入門コンテンツのインポート] INFO  o.e.m.c.i.e.AbstractTransferListenerAdapter - Downloading https://repo.maven.apache.org/maven2/org/objenesis/objenesis/3.3/objenesis-3.3.pom
2026-02-24 13:49:42,312 [Worker-9: 入門コンテンツのインポート] INFO  o.e.m.c.i.e.AbstractTransferListenerAdapter - Downloaded https://repo.maven.apache.org/maven2/org/objenesis/objenesis/3.3/objenesis-3.3.pom
2026-02-24 13:49:42,361 [Worker-9: 入門コンテンツのインポート] INFO  o.e.m.c.i.e.AbstractTransferListenerAdapter - Downloading https://repo.maven.apache.org/maven2/org/objenesis/objenesis-parent/3.3/objenesis-parent-3.3.pom
2026-02-24 13:49:42,396 [Worker-9: 入門コンテンツのインポート] INFO  o.e.m.c.i.e.AbstractTransferListenerAdapter - Downloaded https://repo.maven.apache.org/maven2/org/objenesis/objenesis-parent/3.3/objenesis-parent-3.3.pom
2026-02-24 13:49:42,454 [Worker-9: 入門コンテンツのインポート] INFO  o.e.m.c.i.e.AbstractTransferListenerAdapter - Downloading https://repo.maven.apache.org/maven2/org/mockito/mockito-junit-jupiter/5.20.0/mockito-junit-jupiter-5.20.0.pom
2026-02-24 13:49:42,489 [Worker-9: 入門コンテンツのインポート] INFO  o.e.m.c.i.e.AbstractTransferListenerAdapter - Downloaded https://repo.maven.apache.org/maven2/org/mockito/mockito-junit-jupiter/5.20.0/mockito-junit-jupiter-5.20.0.pom
2026-02-24 13:49:42,537 [Worker-9: 入門コンテンツのインポート] INFO  o.e.m.c.i.e.AbstractTransferListenerAdapter - Downloading https://repo.maven.apache.org/maven2/org/skyscreamer/jsonassert/1.5.3/jsonassert-1.5.3.pom
2026-02-24 13:49:42,567 [Worker-9: 入門コンテンツのインポート] INFO  o.e.m.c.i.e.AbstractTransferListenerAdapter - Downloaded https://repo.maven.apache.org/maven2/org/skyscreamer/jsonassert/1.5.3/jsonassert-1.5.3.pom
2026-02-24 13:49:42,613 [Worker-9: 入門コンテンツのインポート] INFO  o.e.m.c.i.e.AbstractTransferListenerAdapter - Downloading https://repo.maven.apache.org/maven2/com/vaadin/external/google/android-json/0.0.20131108.vaadin1/android-json-0.0.20131108.vaadin1.pom
2026-02-24 13:49:42,648 [Worker-9: 入門コンテンツのインポート] INFO  o.e.m.c.i.e.AbstractTransferListenerAdapter - Downloaded https://repo.maven.apache.org/maven2/com/vaadin/external/google/android-json/0.0.20131108.vaadin1/android-json-0.0.20131108.vaadin1.pom
2026-02-24 13:49:42,693 [Worker-9: 入門コンテンツのインポート] INFO  o.e.m.c.i.e.AbstractTransferListenerAdapter - Downloading https://repo.maven.apache.org/maven2/org/xmlunit/xmlunit-core/2.10.4/xmlunit-core-2.10.4.pom
2026-02-24 13:49:42,722 [Worker-9: 入門コンテンツのインポート] INFO  o.e.m.c.i.e.AbstractTransferListenerAdapter - Downloaded https://repo.maven.apache.org/maven2/org/xmlunit/xmlunit-core/2.10.4/xmlunit-core-2.10.4.pom
2026-02-24 13:49:42,766 [Worker-9: 入門コンテンツのインポート] INFO  o.e.m.c.i.e.AbstractTransferListenerAdapter - Downloading https://repo.maven.apache.org/maven2/org/xmlunit/xmlunit-parent/2.10.4/xmlunit-parent-2.10.4.pom
2026-02-24 13:49:42,802 [Worker-9: 入門コンテンツのインポート] INFO  o.e.m.c.i.e.AbstractTransferListenerAdapter - Downloaded https://repo.maven.apache.org/maven2/org/xmlunit/xmlunit-parent/2.10.4/xmlunit-parent-2.10.4.pom
2026-02-24 13:49:42,859 [Worker-9: 入門コンテンツのインポート] INFO  o.e.m.c.i.e.AbstractTransferListenerAdapter - Downloading https://repo.maven.apache.org/maven2/org/springframework/boot/spring-boot-starter-jdbc-test/4.0.3/spring-boot-starter-jdbc-test-4.0.3.pom
2026-02-24 13:49:42,889 [Worker-9: 入門コンテンツのインポート] INFO  o.e.m.c.i.e.AbstractTransferListenerAdapter - Downloaded https://repo.maven.apache.org/maven2/org/springframework/boot/spring-boot-starter-jdbc-test/4.0.3/spring-boot-starter-jdbc-test-4.0.3.pom
2026-02-24 13:49:42,932 [Worker-9: 入門コンテンツのインポート] INFO  o.e.m.c.i.e.AbstractTransferListenerAdapter - Downloading https://repo.maven.apache.org/maven2/org/springframework/boot/spring-boot-jdbc-test/4.0.3/spring-boot-jdbc-test-4.0.3.pom
2026-02-24 13:49:42,963 [Worker-9: 入門コンテンツのインポート] INFO  o.e.m.c.i.e.AbstractTransferListenerAdapter - Downloaded https://repo.maven.apache.org/maven2/org/springframework/boot/spring-boot-jdbc-test/4.0.3/spring-boot-jdbc-test-4.0.3.pom
2026-02-24 13:49:43,009 [Worker-9: 入門コンテンツのインポート] INFO  o.e.m.c.i.e.AbstractTransferListenerAdapter - Downloading https://repo.maven.apache.org/maven2/org/springframework/boot/spring-boot-data-jpa-test/4.0.3/spring-boot-data-jpa-test-4.0.3.pom
2026-02-24 13:49:43,050 [Worker-9: 入門コンテンツのインポート] INFO  o.e.m.c.i.e.AbstractTransferListenerAdapter - Downloaded https://repo.maven.apache.org/maven2/org/springframework/boot/spring-boot-data-jpa-test/4.0.3/spring-boot-data-jpa-test-4.0.3.pom
2026-02-24 13:49:43,097 [Worker-9: 入門コンテンツのインポート] INFO  o.e.m.c.i.e.AbstractTransferListenerAdapter - Downloading https://repo.maven.apache.org/maven2/org/springframework/boot/spring-boot-jpa-test/4.0.3/spring-boot-jpa-test-4.0.3.pom
2026-02-24 13:49:43,140 [Worker-9: 入門コンテンツのインポート] INFO  o.e.m.c.i.e.AbstractTransferListenerAdapter - Downloaded https://repo.maven.apache.org/maven2/org/springframework/boot/spring-boot-jpa-test/4.0.3/spring-boot-jpa-test-4.0.3.pom
2026-02-24 13:49:43,188 [Worker-9: 入門コンテンツのインポート] INFO  o.e.m.c.i.e.AbstractTransferListenerAdapter - Downloading https://repo.maven.apache.org/maven2/org/springframework/boot/spring-boot-starter-thymeleaf-test/4.0.3/spring-boot-starter-thymeleaf-test-4.0.3.pom
2026-02-24 13:49:43,230 [Worker-9: 入門コンテンツのインポート] INFO  o.e.m.c.i.e.AbstractTransferListenerAdapter - Downloaded https://repo.maven.apache.org/maven2/org/springframework/boot/spring-boot-starter-thymeleaf-test/4.0.3/spring-boot-starter-thymeleaf-test-4.0.3.pom
2026-02-24 13:49:43,275 [Worker-9: 入門コンテンツのインポート] INFO  o.e.m.c.i.e.AbstractTransferListenerAdapter - Downloading https://repo.maven.apache.org/maven2/org/springframework/boot/spring-boot-starter-webmvc-test/4.0.3/spring-boot-starter-webmvc-test-4.0.3.pom
2026-02-24 13:49:43,321 [Worker-9: 入門コンテンツのインポート] INFO  o.e.m.c.i.e.AbstractTransferListenerAdapter - Downloaded https://repo.maven.apache.org/maven2/org/springframework/boot/spring-boot-starter-webmvc-test/4.0.3/spring-boot-starter-webmvc-test-4.0.3.pom
2026-02-24 13:49:43,368 [Worker-9: 入門コンテンツのインポート] INFO  o.e.m.c.i.e.AbstractTransferListenerAdapter - Downloading https://repo.maven.apache.org/maven2/org/springframework/boot/spring-boot-starter-jackson-test/4.0.3/spring-boot-starter-jackson-test-4.0.3.pom
2026-02-24 13:49:43,412 [Worker-9: 入門コンテンツのインポート] INFO  o.e.m.c.i.e.AbstractTransferListenerAdapter - Downloaded https://repo.maven.apache.org/maven2/org/springframework/boot/spring-boot-starter-jackson-test/4.0.3/spring-boot-starter-jackson-test-4.0.3.pom
2026-02-24 13:49:43,456 [Worker-9: 入門コンテンツのインポート] INFO  o.e.m.c.i.e.AbstractTransferListenerAdapter - Downloading https://repo.maven.apache.org/maven2/org/springframework/boot/spring-boot-webmvc-test/4.0.3/spring-boot-webmvc-test-4.0.3.pom
2026-02-24 13:49:43,495 [Worker-9: 入門コンテンツのインポート] INFO  o.e.m.c.i.e.AbstractTransferListenerAdapter - Downloaded https://repo.maven.apache.org/maven2/org/springframework/boot/spring-boot-webmvc-test/4.0.3/spring-boot-webmvc-test-4.0.3.pom
2026-02-24 13:49:43,545 [Worker-9: 入門コンテンツのインポート] INFO  o.e.m.c.i.e.AbstractTransferListenerAdapter - Downloading https://repo.maven.apache.org/maven2/org/springframework/boot/spring-boot-resttestclient/4.0.3/spring-boot-resttestclient-4.0.3.pom
2026-02-24 13:49:43,590 [Worker-9: 入門コンテンツのインポート] INFO  o.e.m.c.i.e.AbstractTransferListenerAdapter - Downloaded https://repo.maven.apache.org/maven2/org/springframework/boot/spring-boot-resttestclient/4.0.3/spring-boot-resttestclient-4.0.3.pom
2026-02-24 13:49:43,671 [Worker-9: 入門コンテンツのインポート] INFO  o.e.m.c.i.e.AbstractTransferListenerAdapter - Downloading https://repo.maven.apache.org/maven2/org/springframework/boot/spring-boot-starter-data-jpa/4.0.3/spring-boot-starter-data-jpa-4.0.3.jar
2026-02-24 13:49:43,732 [Worker-9: 入門コンテンツのインポート] INFO  o.e.m.c.i.e.AbstractTransferListenerAdapter - Downloaded https://repo.maven.apache.org/maven2/org/springframework/boot/spring-boot-starter-data-jpa/4.0.3/spring-boot-starter-data-jpa-4.0.3.jar
2026-02-24 13:49:43,764 [BasicRepositoryConnector-repo.maven.apache.org-1-1] INFO  o.e.m.c.i.e.AbstractTransferListenerAdapter - Downloading https://repo.maven.apache.org/maven2/org/springframework/boot/spring-boot-starter-logging/4.0.3/spring-boot-starter-logging-4.0.3.jar
2026-02-24 13:49:43,766 [BasicRepositoryConnector-repo.maven.apache.org-1-0] INFO  o.e.m.c.i.e.AbstractTransferListenerAdapter - Downloading https://repo.maven.apache.org/maven2/org/springframework/boot/spring-boot-starter/4.0.3/spring-boot-starter-4.0.3.jar
2026-02-24 13:49:43,771 [BasicRepositoryConnector-repo.maven.apache.org-1-2] INFO  o.e.m.c.i.e.AbstractTransferListenerAdapter - Downloading https://repo.maven.apache.org/maven2/ch/qos/logback/logback-classic/1.5.32/logback-classic-1.5.32.jar
2026-02-24 13:49:43,776 [BasicRepositoryConnector-repo.maven.apache.org-1-4] INFO  o.e.m.c.i.e.AbstractTransferListenerAdapter - Downloading https://repo.maven.apache.org/maven2/org/apache/logging/log4j/log4j-to-slf4j/2.25.3/log4j-to-slf4j-2.25.3.jar
2026-02-24 13:49:43,776 [BasicRepositoryConnector-repo.maven.apache.org-1-3] INFO  o.e.m.c.i.e.AbstractTransferListenerAdapter - Downloading https://repo.maven.apache.org/maven2/ch/qos/logback/logback-core/1.5.32/logback-core-1.5.32.jar
2026-02-24 13:49:43,836 [BasicRepositoryConnector-repo.maven.apache.org-1-0] INFO  o.e.m.c.i.e.AbstractTransferListenerAdapter - Downloaded https://repo.maven.apache.org/maven2/org/springframework/boot/spring-boot-starter/4.0.3/spring-boot-starter-4.0.3.jar
2026-02-24 13:49:43,843 [BasicRepositoryConnector-repo.maven.apache.org-1-1] INFO  o.e.m.c.i.e.AbstractTransferListenerAdapter - Downloaded https://repo.maven.apache.org/maven2/org/springframework/boot/spring-boot-starter-logging/4.0.3/spring-boot-starter-logging-4.0.3.jar
2026-02-24 13:49:43,851 [BasicRepositoryConnector-repo.maven.apache.org-1-2] INFO  o.e.m.c.i.e.AbstractTransferListenerAdapter - Downloaded https://repo.maven.apache.org/maven2/ch/qos/logback/logback-classic/1.5.32/logback-classic-1.5.32.jar
2026-02-24 13:49:43,869 [BasicRepositoryConnector-repo.maven.apache.org-1-0] INFO  o.e.m.c.i.e.AbstractTransferListenerAdapter - Downloading https://repo.maven.apache.org/maven2/org/apache/logging/log4j/log4j-api/2.25.3/log4j-api-2.25.3.jar
2026-02-24 13:49:43,883 [BasicRepositoryConnector-repo.maven.apache.org-1-1] INFO  o.e.m.c.i.e.AbstractTransferListenerAdapter - Downloading https://repo.maven.apache.org/maven2/org/slf4j/jul-to-slf4j/2.0.17/jul-to-slf4j-2.0.17.jar
2026-02-24 13:49:43,892 [BasicRepositoryConnector-repo.maven.apache.org-1-2] INFO  o.e.m.c.i.e.AbstractTransferListenerAdapter - Downloading https://repo.maven.apache.org/maven2/jakarta/annotation/jakarta.annotation-api/3.0.0/jakarta.annotation-api-3.0.0.jar
2026-02-24 13:49:43,897 [BasicRepositoryConnector-repo.maven.apache.org-1-3] INFO  o.e.m.c.i.e.AbstractTransferListenerAdapter - Downloaded https://repo.maven.apache.org/maven2/ch/qos/logback/logback-core/1.5.32/logback-core-1.5.32.jar
2026-02-24 13:49:43,938 [BasicRepositoryConnector-repo.maven.apache.org-1-3] INFO  o.e.m.c.i.e.AbstractTransferListenerAdapter - Downloading https://repo.maven.apache.org/maven2/org/yaml/snakeyaml/2.5/snakeyaml-2.5.jar
2026-02-24 13:49:43,943 [BasicRepositoryConnector-repo.maven.apache.org-1-0] INFO  o.e.m.c.i.e.AbstractTransferListenerAdapter - Downloaded https://repo.maven.apache.org/maven2/org/apache/logging/log4j/log4j-api/2.25.3/log4j-api-2.25.3.jar
2026-02-24 13:49:43,973 [BasicRepositoryConnector-repo.maven.apache.org-1-0] INFO  o.e.m.c.i.e.AbstractTransferListenerAdapter - Downloading https://repo.maven.apache.org/maven2/org/springframework/boot/spring-boot-starter-jdbc/4.0.3/spring-boot-starter-jdbc-4.0.3.jar
2026-02-24 13:49:43,983 [BasicRepositoryConnector-repo.maven.apache.org-1-1] INFO  o.e.m.c.i.e.AbstractTransferListenerAdapter - Downloaded https://repo.maven.apache.org/maven2/org/slf4j/jul-to-slf4j/2.0.17/jul-to-slf4j-2.0.17.jar
2026-02-24 13:49:44,012 [BasicRepositoryConnector-repo.maven.apache.org-1-3] INFO  o.e.m.c.i.e.AbstractTransferListenerAdapter - Downloaded https://repo.maven.apache.org/maven2/org/yaml/snakeyaml/2.5/snakeyaml-2.5.jar
2026-02-24 13:49:44,043 [BasicRepositoryConnector-repo.maven.apache.org-1-1] INFO  o.e.m.c.i.e.AbstractTransferListenerAdapter - Downloading https://repo.maven.apache.org/maven2/com/zaxxer/HikariCP/7.0.2/HikariCP-7.0.2.jar
2026-02-24 13:49:44,045 [BasicRepositoryConnector-repo.maven.apache.org-1-0] INFO  o.e.m.c.i.e.AbstractTransferListenerAdapter - Downloaded https://repo.maven.apache.org/maven2/org/springframework/boot/spring-boot-starter-jdbc/4.0.3/spring-boot-starter-jdbc-4.0.3.jar
2026-02-24 13:49:44,054 [BasicRepositoryConnector-repo.maven.apache.org-1-3] INFO  o.e.m.c.i.e.AbstractTransferListenerAdapter - Downloading https://repo.maven.apache.org/maven2/org/slf4j/slf4j-api/2.0.17/slf4j-api-2.0.17.jar
2026-02-24 13:49:44,081 [BasicRepositoryConnector-repo.maven.apache.org-1-0] INFO  o.e.m.c.i.e.AbstractTransferListenerAdapter - Downloading https://repo.maven.apache.org/maven2/org/springframework/boot/spring-boot-data-jpa/4.0.3/spring-boot-data-jpa-4.0.3.jar
2026-02-24 13:49:44,110 [BasicRepositoryConnector-repo.maven.apache.org-1-1] INFO  o.e.m.c.i.e.AbstractTransferListenerAdapter - Downloaded https://repo.maven.apache.org/maven2/com/zaxxer/HikariCP/7.0.2/HikariCP-7.0.2.jar
2026-02-24 13:49:44,115 [BasicRepositoryConnector-repo.maven.apache.org-1-3] INFO  o.e.m.c.i.e.AbstractTransferListenerAdapter - Downloaded https://repo.maven.apache.org/maven2/org/slf4j/slf4j-api/2.0.17/slf4j-api-2.0.17.jar
2026-02-24 13:49:44,150 [BasicRepositoryConnector-repo.maven.apache.org-1-1] INFO  o.e.m.c.i.e.AbstractTransferListenerAdapter - Downloading https://repo.maven.apache.org/maven2/org/springframework/boot/spring-boot-data-commons/4.0.3/spring-boot-data-commons-4.0.3.jar
2026-02-24 13:49:44,156 [BasicRepositoryConnector-repo.maven.apache.org-1-3] INFO  o.e.m.c.i.e.AbstractTransferListenerAdapter - Downloading https://repo.maven.apache.org/maven2/org/springframework/boot/spring-boot-persistence/4.0.3/spring-boot-persistence-4.0.3.jar
2026-02-24 13:49:44,211 [BasicRepositoryConnector-repo.maven.apache.org-1-4] INFO  o.e.m.c.i.e.AbstractTransferListenerAdapter - Downloaded https://repo.maven.apache.org/maven2/org/apache/logging/log4j/log4j-to-slf4j/2.25.3/log4j-to-slf4j-2.25.3.jar
2026-02-24 13:49:44,256 [BasicRepositoryConnector-repo.maven.apache.org-1-4] INFO  o.e.m.c.i.e.AbstractTransferListenerAdapter - Downloading https://repo.maven.apache.org/maven2/org/springframework/data/spring-data-commons/4.0.3/spring-data-commons-4.0.3.jar
2026-02-24 13:49:44,454 [BasicRepositoryConnector-repo.maven.apache.org-1-2] INFO  o.e.m.c.i.e.AbstractTransferListenerAdapter - Downloaded https://repo.maven.apache.org/maven2/jakarta/annotation/jakarta.annotation-api/3.0.0/jakarta.annotation-api-3.0.0.jar
2026-02-24 13:49:44,464 [BasicRepositoryConnector-repo.maven.apache.org-1-4] INFO  o.e.m.c.i.e.AbstractTransferListenerAdapter - Downloaded https://repo.maven.apache.org/maven2/org/springframework/data/spring-data-commons/4.0.3/spring-data-commons-4.0.3.jar
2026-02-24 13:49:44,488 [BasicRepositoryConnector-repo.maven.apache.org-1-0] INFO  o.e.m.c.i.e.AbstractTransferListenerAdapter - Downloaded https://repo.maven.apache.org/maven2/org/springframework/boot/spring-boot-data-jpa/4.0.3/spring-boot-data-jpa-4.0.3.jar
2026-02-24 13:49:44,493 [BasicRepositoryConnector-repo.maven.apache.org-1-2] INFO  o.e.m.c.i.e.AbstractTransferListenerAdapter - Downloading https://repo.maven.apache.org/maven2/org/springframework/boot/spring-boot-hibernate/4.0.3/spring-boot-hibernate-4.0.3.jar
2026-02-24 13:49:44,509 [BasicRepositoryConnector-repo.maven.apache.org-1-4] INFO  o.e.m.c.i.e.AbstractTransferListenerAdapter - Downloading https://repo.maven.apache.org/maven2/org/springframework/boot/spring-boot-jpa/4.0.3/spring-boot-jpa-4.0.3.jar
2026-02-24 13:49:44,522 [BasicRepositoryConnector-repo.maven.apache.org-1-0] INFO  o.e.m.c.i.e.AbstractTransferListenerAdapter - Downloading https://repo.maven.apache.org/maven2/jakarta/persistence/jakarta.persistence-api/3.2.0/jakarta.persistence-api-3.2.0.jar
2026-02-24 13:49:44,537 [BasicRepositoryConnector-repo.maven.apache.org-1-3] INFO  o.e.m.c.i.e.AbstractTransferListenerAdapter - Downloaded https://repo.maven.apache.org/maven2/org/springframework/boot/spring-boot-persistence/4.0.3/spring-boot-persistence-4.0.3.jar
2026-02-24 13:49:44,579 [BasicRepositoryConnector-repo.maven.apache.org-1-3] INFO  o.e.m.c.i.e.AbstractTransferListenerAdapter - Downloading https://repo.maven.apache.org/maven2/org/hibernate/orm/hibernate-core/7.2.4.Final/hibernate-core-7.2.4.Final.jar
2026-02-24 13:49:44,652 [BasicRepositoryConnector-repo.maven.apache.org-1-0] INFO  o.e.m.c.i.e.AbstractTransferListenerAdapter - Downloaded https://repo.maven.apache.org/maven2/jakarta/persistence/jakarta.persistence-api/3.2.0/jakarta.persistence-api-3.2.0.jar
2026-02-24 13:49:44,707 [BasicRepositoryConnector-repo.maven.apache.org-1-0] INFO  o.e.m.c.i.e.AbstractTransferListenerAdapter - Downloading https://repo.maven.apache.org/maven2/jakarta/transaction/jakarta.transaction-api/2.0.1/jakarta.transaction-api-2.0.1.jar
2026-02-24 13:49:44,913 [BasicRepositoryConnector-repo.maven.apache.org-1-1] INFO  o.e.m.c.i.e.AbstractTransferListenerAdapter - Downloaded https://repo.maven.apache.org/maven2/org/springframework/boot/spring-boot-data-commons/4.0.3/spring-boot-data-commons-4.0.3.jar
2026-02-24 13:49:44,974 [BasicRepositoryConnector-repo.maven.apache.org-1-1] INFO  o.e.m.c.i.e.AbstractTransferListenerAdapter - Downloading https://repo.maven.apache.org/maven2/org/jboss/logging/jboss-logging/3.6.2.Final/jboss-logging-3.6.2.Final.jar
2026-02-24 13:49:45,032 [BasicRepositoryConnector-repo.maven.apache.org-1-1] INFO  o.e.m.c.i.e.AbstractTransferListenerAdapter - Downloaded https://repo.maven.apache.org/maven2/org/jboss/logging/jboss-logging/3.6.2.Final/jboss-logging-3.6.2.Final.jar
2026-02-24 13:49:45,067 [BasicRepositoryConnector-repo.maven.apache.org-1-1] INFO  o.e.m.c.i.e.AbstractTransferListenerAdapter - Downloading https://repo.maven.apache.org/maven2/org/hibernate/models/hibernate-models/1.0.1/hibernate-models-1.0.1.jar
2026-02-24 13:49:45,073 [BasicRepositoryConnector-repo.maven.apache.org-1-4] INFO  o.e.m.c.i.e.AbstractTransferListenerAdapter - Downloaded https://repo.maven.apache.org/maven2/org/springframework/boot/spring-boot-jpa/4.0.3/spring-boot-jpa-4.0.3.jar
2026-02-24 13:49:45,122 [BasicRepositoryConnector-repo.maven.apache.org-1-4] INFO  o.e.m.c.i.e.AbstractTransferListenerAdapter - Downloading https://repo.maven.apache.org/maven2/com/fasterxml/classmate/1.7.3/classmate-1.7.3.jar
2026-02-24 13:49:45,149 [BasicRepositoryConnector-repo.maven.apache.org-1-1] INFO  o.e.m.c.i.e.AbstractTransferListenerAdapter - Downloaded https://repo.maven.apache.org/maven2/org/hibernate/models/hibernate-models/1.0.1/hibernate-models-1.0.1.jar
2026-02-24 13:49:45,173 [BasicRepositoryConnector-repo.maven.apache.org-1-2] INFO  o.e.m.c.i.e.AbstractTransferListenerAdapter - Downloaded https://repo.maven.apache.org/maven2/org/springframework/boot/spring-boot-hibernate/4.0.3/spring-boot-hibernate-4.0.3.jar
2026-02-24 13:49:45,188 [BasicRepositoryConnector-repo.maven.apache.org-1-4] INFO  o.e.m.c.i.e.AbstractTransferListenerAdapter - Downloaded https://repo.maven.apache.org/maven2/com/fasterxml/classmate/1.7.3/classmate-1.7.3.jar
2026-02-24 13:49:45,195 [BasicRepositoryConnector-repo.maven.apache.org-1-1] INFO  o.e.m.c.i.e.AbstractTransferListenerAdapter - Downloading https://repo.maven.apache.org/maven2/org/glassfish/jaxb/jaxb-runtime/4.0.6/jaxb-runtime-4.0.6.jar
2026-02-24 13:49:45,225 [BasicRepositoryConnector-repo.maven.apache.org-1-2] INFO  o.e.m.c.i.e.AbstractTransferListenerAdapter - Downloading https://repo.maven.apache.org/maven2/org/glassfish/jaxb/jaxb-core/4.0.6/jaxb-core-4.0.6.jar
2026-02-24 13:49:45,228 [BasicRepositoryConnector-repo.maven.apache.org-1-4] INFO  o.e.m.c.i.e.AbstractTransferListenerAdapter - Downloading https://repo.maven.apache.org/maven2/org/eclipse/angus/angus-activation/2.0.3/angus-activation-2.0.3.jar
2026-02-24 13:49:45,303 [BasicRepositoryConnector-repo.maven.apache.org-1-2] INFO  o.e.m.c.i.e.AbstractTransferListenerAdapter - Downloaded https://repo.maven.apache.org/maven2/org/glassfish/jaxb/jaxb-core/4.0.6/jaxb-core-4.0.6.jar
2026-02-24 13:49:45,353 [BasicRepositoryConnector-repo.maven.apache.org-1-2] INFO  o.e.m.c.i.e.AbstractTransferListenerAdapter - Downloading https://repo.maven.apache.org/maven2/org/glassfish/jaxb/txw2/4.0.6/txw2-4.0.6.jar
2026-02-24 13:49:45,372 [BasicRepositoryConnector-repo.maven.apache.org-1-1] INFO  o.e.m.c.i.e.AbstractTransferListenerAdapter - Downloaded https://repo.maven.apache.org/maven2/org/glassfish/jaxb/jaxb-runtime/4.0.6/jaxb-runtime-4.0.6.jar
2026-02-24 13:49:45,405 [BasicRepositoryConnector-repo.maven.apache.org-1-0] INFO  o.e.m.c.i.e.AbstractTransferListenerAdapter - Downloaded https://repo.maven.apache.org/maven2/jakarta/transaction/jakarta.transaction-api/2.0.1/jakarta.transaction-api-2.0.1.jar
2026-02-24 13:49:45,411 [BasicRepositoryConnector-repo.maven.apache.org-1-1] INFO  o.e.m.c.i.e.AbstractTransferListenerAdapter - Downloading https://repo.maven.apache.org/maven2/com/sun/istack/istack-commons-runtime/4.1.2/istack-commons-runtime-4.1.2.jar
2026-02-24 13:49:45,418 [BasicRepositoryConnector-repo.maven.apache.org-1-2] INFO  o.e.m.c.i.e.AbstractTransferListenerAdapter - Downloaded https://repo.maven.apache.org/maven2/org/glassfish/jaxb/txw2/4.0.6/txw2-4.0.6.jar
2026-02-24 13:49:45,439 [BasicRepositoryConnector-repo.maven.apache.org-1-0] INFO  o.e.m.c.i.e.AbstractTransferListenerAdapter - Downloading https://repo.maven.apache.org/maven2/jakarta/inject/jakarta.inject-api/2.0.1/jakarta.inject-api-2.0.1.jar
2026-02-24 13:49:45,508 [BasicRepositoryConnector-repo.maven.apache.org-1-2] INFO  o.e.m.c.i.e.AbstractTransferListenerAdapter - Downloading https://repo.maven.apache.org/maven2/org/springframework/spring-orm/7.0.5/spring-orm-7.0.5.jar
2026-02-24 13:49:45,595 [BasicRepositoryConnector-repo.maven.apache.org-1-2] INFO  o.e.m.c.i.e.AbstractTransferListenerAdapter - Downloaded https://repo.maven.apache.org/maven2/org/springframework/spring-orm/7.0.5/spring-orm-7.0.5.jar
2026-02-24 13:49:45,636 [BasicRepositoryConnector-repo.maven.apache.org-1-2] INFO  o.e.m.c.i.e.AbstractTransferListenerAdapter - Downloading https://repo.maven.apache.org/maven2/org/springframework/data/spring-data-jpa/4.0.3/spring-data-jpa-4.0.3.jar
2026-02-24 13:49:45,789 [BasicRepositoryConnector-repo.maven.apache.org-1-0] INFO  o.e.m.c.i.e.AbstractTransferListenerAdapter - Downloaded https://repo.maven.apache.org/maven2/jakarta/inject/jakarta.inject-api/2.0.1/jakarta.inject-api-2.0.1.jar
2026-02-24 13:49:45,817 [BasicRepositoryConnector-repo.maven.apache.org-1-0] INFO  o.e.m.c.i.e.AbstractTransferListenerAdapter - Downloading https://repo.maven.apache.org/maven2/org/springframework/spring-aop/7.0.5/spring-aop-7.0.5.jar
2026-02-24 13:49:45,824 [BasicRepositoryConnector-repo.maven.apache.org-1-4] INFO  o.e.m.c.i.e.AbstractTransferListenerAdapter - Downloaded https://repo.maven.apache.org/maven2/org/eclipse/angus/angus-activation/2.0.3/angus-activation-2.0.3.jar
2026-02-24 13:49:45,859 [BasicRepositoryConnector-repo.maven.apache.org-1-4] INFO  o.e.m.c.i.e.AbstractTransferListenerAdapter - Downloading https://repo.maven.apache.org/maven2/org/springframework/spring-tx/7.0.5/spring-tx-7.0.5.jar
2026-02-24 13:49:45,916 [BasicRepositoryConnector-repo.maven.apache.org-1-2] INFO  o.e.m.c.i.e.AbstractTransferListenerAdapter - Downloaded https://repo.maven.apache.org/maven2/org/springframework/data/spring-data-jpa/4.0.3/spring-data-jpa-4.0.3.jar
2026-02-24 13:49:45,939 [BasicRepositoryConnector-repo.maven.apache.org-1-0] INFO  o.e.m.c.i.e.AbstractTransferListenerAdapter - Downloaded https://repo.maven.apache.org/maven2/org/springframework/spring-aop/7.0.5/spring-aop-7.0.5.jar
2026-02-24 13:49:45,955 [BasicRepositoryConnector-repo.maven.apache.org-1-2] INFO  o.e.m.c.i.e.AbstractTransferListenerAdapter - Downloading https://repo.maven.apache.org/maven2/org/springframework/spring-beans/7.0.5/spring-beans-7.0.5.jar
2026-02-24 13:49:45,986 [BasicRepositoryConnector-repo.maven.apache.org-1-0] INFO  o.e.m.c.i.e.AbstractTransferListenerAdapter - Downloading https://repo.maven.apache.org/maven2/org/antlr/antlr4-runtime/4.13.2/antlr4-runtime-4.13.2.jar
2026-02-24 13:49:45,989 [BasicRepositoryConnector-repo.maven.apache.org-1-4] INFO  o.e.m.c.i.e.AbstractTransferListenerAdapter - Downloaded https://repo.maven.apache.org/maven2/org/springframework/spring-tx/7.0.5/spring-tx-7.0.5.jar
2026-02-24 13:49:46,023 [BasicRepositoryConnector-repo.maven.apache.org-1-4] INFO  o.e.m.c.i.e.AbstractTransferListenerAdapter - Downloading https://repo.maven.apache.org/maven2/org/springframework/spring-aspects/7.0.5/spring-aspects-7.0.5.jar
2026-02-24 13:49:46,024 [BasicRepositoryConnector-repo.maven.apache.org-1-3] INFO  o.e.m.c.i.e.AbstractTransferListenerAdapter - Downloaded https://repo.maven.apache.org/maven2/org/hibernate/orm/hibernate-core/7.2.4.Final/hibernate-core-7.2.4.Final.jar
2026-02-24 13:49:46,061 [BasicRepositoryConnector-repo.maven.apache.org-1-3] INFO  o.e.m.c.i.e.AbstractTransferListenerAdapter - Downloading https://repo.maven.apache.org/maven2/org/aspectj/aspectjweaver/1.9.25.1/aspectjweaver-1.9.25.1.jar
2026-02-24 13:49:46,083 [BasicRepositoryConnector-repo.maven.apache.org-1-0] INFO  o.e.m.c.i.e.AbstractTransferListenerAdapter - Downloaded https://repo.maven.apache.org/maven2/org/antlr/antlr4-runtime/4.13.2/antlr4-runtime-4.13.2.jar
2026-02-24 13:49:46,090 [BasicRepositoryConnector-repo.maven.apache.org-1-4] INFO  o.e.m.c.i.e.AbstractTransferListenerAdapter - Downloaded https://repo.maven.apache.org/maven2/org/springframework/spring-aspects/7.0.5/spring-aspects-7.0.5.jar
2026-02-24 13:49:46,112 [BasicRepositoryConnector-repo.maven.apache.org-1-2] INFO  o.e.m.c.i.e.AbstractTransferListenerAdapter - Downloaded https://repo.maven.apache.org/maven2/org/springframework/spring-beans/7.0.5/spring-beans-7.0.5.jar
2026-02-24 13:49:46,125 [BasicRepositoryConnector-repo.maven.apache.org-1-4] INFO  o.e.m.c.i.e.AbstractTransferListenerAdapter - Downloading https://repo.maven.apache.org/maven2/org/springframework/boot/spring-boot-sql/4.0.3/spring-boot-sql-4.0.3.jar
2026-02-24 13:49:46,126 [BasicRepositoryConnector-repo.maven.apache.org-1-0] INFO  o.e.m.c.i.e.AbstractTransferListenerAdapter - Downloading https://repo.maven.apache.org/maven2/org/springframework/boot/spring-boot-jdbc/4.0.3/spring-boot-jdbc-4.0.3.jar
2026-02-24 13:49:46,160 [BasicRepositoryConnector-repo.maven.apache.org-1-2] INFO  o.e.m.c.i.e.AbstractTransferListenerAdapter - Downloading https://repo.maven.apache.org/maven2/org/springframework/boot/spring-boot-transaction/4.0.3/spring-boot-transaction-4.0.3.jar
2026-02-24 13:49:46,185 [BasicRepositoryConnector-repo.maven.apache.org-1-0] INFO  o.e.m.c.i.e.AbstractTransferListenerAdapter - Downloaded https://repo.maven.apache.org/maven2/org/springframework/boot/spring-boot-jdbc/4.0.3/spring-boot-jdbc-4.0.3.jar
2026-02-24 13:49:46,201 [BasicRepositoryConnector-repo.maven.apache.org-1-1] INFO  o.e.m.c.i.e.AbstractTransferListenerAdapter - Downloaded https://repo.maven.apache.org/maven2/com/sun/istack/istack-commons-runtime/4.1.2/istack-commons-runtime-4.1.2.jar
2026-02-24 13:49:46,221 [BasicRepositoryConnector-repo.maven.apache.org-1-0] INFO  o.e.m.c.i.e.AbstractTransferListenerAdapter - Downloading https://repo.maven.apache.org/maven2/org/springframework/spring-jdbc/7.0.5/spring-jdbc-7.0.5.jar
2026-02-24 13:49:46,239 [BasicRepositoryConnector-repo.maven.apache.org-1-1] INFO  o.e.m.c.i.e.AbstractTransferListenerAdapter - Downloading https://repo.maven.apache.org/maven2/org/springframework/boot/spring-boot-starter-thymeleaf/4.0.3/spring-boot-starter-thymeleaf-4.0.3.jar
2026-02-24 13:49:46,305 [BasicRepositoryConnector-repo.maven.apache.org-1-3] INFO  o.e.m.c.i.e.AbstractTransferListenerAdapter - Downloaded https://repo.maven.apache.org/maven2/org/aspectj/aspectjweaver/1.9.25.1/aspectjweaver-1.9.25.1.jar
2026-02-24 13:49:46,329 [BasicRepositoryConnector-repo.maven.apache.org-1-1] INFO  o.e.m.c.i.e.AbstractTransferListenerAdapter - Downloaded https://repo.maven.apache.org/maven2/org/springframework/boot/spring-boot-starter-thymeleaf/4.0.3/spring-boot-starter-thymeleaf-4.0.3.jar
2026-02-24 13:49:46,336 [BasicRepositoryConnector-repo.maven.apache.org-1-0] INFO  o.e.m.c.i.e.AbstractTransferListenerAdapter - Downloaded https://repo.maven.apache.org/maven2/org/springframework/spring-jdbc/7.0.5/spring-jdbc-7.0.5.jar
2026-02-24 13:49:46,340 [BasicRepositoryConnector-repo.maven.apache.org-1-3] INFO  o.e.m.c.i.e.AbstractTransferListenerAdapter - Downloading https://repo.maven.apache.org/maven2/org/springframework/boot/spring-boot-thymeleaf/4.0.3/spring-boot-thymeleaf-4.0.3.jar
2026-02-24 13:49:46,371 [BasicRepositoryConnector-repo.maven.apache.org-1-1] INFO  o.e.m.c.i.e.AbstractTransferListenerAdapter - Downloading https://repo.maven.apache.org/maven2/org/thymeleaf/thymeleaf-spring6/3.1.3.RELEASE/thymeleaf-spring6-3.1.3.RELEASE.jar
2026-02-24 13:49:46,376 [BasicRepositoryConnector-repo.maven.apache.org-1-0] INFO  o.e.m.c.i.e.AbstractTransferListenerAdapter - Downloading https://repo.maven.apache.org/maven2/org/thymeleaf/thymeleaf/3.1.3.RELEASE/thymeleaf-3.1.3.RELEASE.jar
2026-02-24 13:49:46,439 [BasicRepositoryConnector-repo.maven.apache.org-1-1] INFO  o.e.m.c.i.e.AbstractTransferListenerAdapter - Downloaded https://repo.maven.apache.org/maven2/org/thymeleaf/thymeleaf-spring6/3.1.3.RELEASE/thymeleaf-spring6-3.1.3.RELEASE.jar
2026-02-24 13:49:46,477 [BasicRepositoryConnector-repo.maven.apache.org-1-1] INFO  o.e.m.c.i.e.AbstractTransferListenerAdapter - Downloading https://repo.maven.apache.org/maven2/org/attoparser/attoparser/2.0.7.RELEASE/attoparser-2.0.7.RELEASE.jar
2026-02-24 13:49:46,529 [BasicRepositoryConnector-repo.maven.apache.org-1-0] INFO  o.e.m.c.i.e.AbstractTransferListenerAdapter - Downloaded https://repo.maven.apache.org/maven2/org/thymeleaf/thymeleaf/3.1.3.RELEASE/thymeleaf-3.1.3.RELEASE.jar
2026-02-24 13:49:46,584 [BasicRepositoryConnector-repo.maven.apache.org-1-1] INFO  o.e.m.c.i.e.AbstractTransferListenerAdapter - Downloaded https://repo.maven.apache.org/maven2/org/attoparser/attoparser/2.0.7.RELEASE/attoparser-2.0.7.RELEASE.jar
2026-02-24 13:49:46,585 [BasicRepositoryConnector-repo.maven.apache.org-1-0] INFO  o.e.m.c.i.e.AbstractTransferListenerAdapter - Downloading https://repo.maven.apache.org/maven2/org/unbescape/unbescape/1.1.6.RELEASE/unbescape-1.1.6.RELEASE.jar
2026-02-24 13:49:46,626 [BasicRepositoryConnector-repo.maven.apache.org-1-1] INFO  o.e.m.c.i.e.AbstractTransferListenerAdapter - Downloading https://repo.maven.apache.org/maven2/org/springframework/spring-web/7.0.5/spring-web-7.0.5.jar
2026-02-24 13:49:46,667 [BasicRepositoryConnector-repo.maven.apache.org-1-0] INFO  o.e.m.c.i.e.AbstractTransferListenerAdapter - Downloaded https://repo.maven.apache.org/maven2/org/unbescape/unbescape/1.1.6.RELEASE/unbescape-1.1.6.RELEASE.jar
2026-02-24 13:49:46,713 [BasicRepositoryConnector-repo.maven.apache.org-1-0] INFO  o.e.m.c.i.e.AbstractTransferListenerAdapter - Downloading https://repo.maven.apache.org/maven2/io/micrometer/micrometer-observation/1.16.3/micrometer-observation-1.16.3.jar
2026-02-24 13:49:46,763 [BasicRepositoryConnector-repo.maven.apache.org-1-2] INFO  o.e.m.c.i.e.AbstractTransferListenerAdapter - Downloaded https://repo.maven.apache.org/maven2/org/springframework/boot/spring-boot-transaction/4.0.3/spring-boot-transaction-4.0.3.jar
2026-02-24 13:49:46,773 [BasicRepositoryConnector-repo.maven.apache.org-1-0] INFO  o.e.m.c.i.e.AbstractTransferListenerAdapter - Downloaded https://repo.maven.apache.org/maven2/io/micrometer/micrometer-observation/1.16.3/micrometer-observation-1.16.3.jar
2026-02-24 13:49:46,798 [BasicRepositoryConnector-repo.maven.apache.org-1-2] INFO  o.e.m.c.i.e.AbstractTransferListenerAdapter - Downloading https://repo.maven.apache.org/maven2/io/micrometer/micrometer-commons/1.16.3/micrometer-commons-1.16.3.jar
2026-02-24 13:49:46,806 [BasicRepositoryConnector-repo.maven.apache.org-1-0] INFO  o.e.m.c.i.e.AbstractTransferListenerAdapter - Downloading https://repo.maven.apache.org/maven2/org/springframework/boot/spring-boot-starter-webmvc/4.0.3/spring-boot-starter-webmvc-4.0.3.jar
2026-02-24 13:49:46,859 [BasicRepositoryConnector-repo.maven.apache.org-1-2] INFO  o.e.m.c.i.e.AbstractTransferListenerAdapter - Downloaded https://repo.maven.apache.org/maven2/io/micrometer/micrometer-commons/1.16.3/micrometer-commons-1.16.3.jar
2026-02-24 13:49:46,875 [BasicRepositoryConnector-repo.maven.apache.org-1-1] INFO  o.e.m.c.i.e.AbstractTransferListenerAdapter - Downloaded https://repo.maven.apache.org/maven2/org/springframework/spring-web/7.0.5/spring-web-7.0.5.jar
2026-02-24 13:49:46,890 [BasicRepositoryConnector-repo.maven.apache.org-1-0] INFO  o.e.m.c.i.e.AbstractTransferListenerAdapter - Downloaded https://repo.maven.apache.org/maven2/org/springframework/boot/spring-boot-starter-webmvc/4.0.3/spring-boot-starter-webmvc-4.0.3.jar
2026-02-24 13:49:46,895 [BasicRepositoryConnector-repo.maven.apache.org-1-2] INFO  o.e.m.c.i.e.AbstractTransferListenerAdapter - Downloading https://repo.maven.apache.org/maven2/org/springframework/boot/spring-boot-starter-jackson/4.0.3/spring-boot-starter-jackson-4.0.3.jar
2026-02-24 13:49:46,911 [BasicRepositoryConnector-repo.maven.apache.org-1-1] INFO  o.e.m.c.i.e.AbstractTransferListenerAdapter - Downloading https://repo.maven.apache.org/maven2/org/springframework/boot/spring-boot-jackson/4.0.3/spring-boot-jackson-4.0.3.jar
2026-02-24 13:49:46,929 [BasicRepositoryConnector-repo.maven.apache.org-1-0] INFO  o.e.m.c.i.e.AbstractTransferListenerAdapter - Downloading https://repo.maven.apache.org/maven2/tools/jackson/core/jackson-databind/3.0.4/jackson-databind-3.0.4.jar
2026-02-24 13:49:46,969 [BasicRepositoryConnector-repo.maven.apache.org-1-1] INFO  o.e.m.c.i.e.AbstractTransferListenerAdapter - Downloaded https://repo.maven.apache.org/maven2/org/springframework/boot/spring-boot-jackson/4.0.3/spring-boot-jackson-4.0.3.jar
2026-02-24 13:49:46,981 [BasicRepositoryConnector-repo.maven.apache.org-1-4] INFO  o.e.m.c.i.e.AbstractTransferListenerAdapter - Downloaded https://repo.maven.apache.org/maven2/org/springframework/boot/spring-boot-sql/4.0.3/spring-boot-sql-4.0.3.jar
2026-02-24 13:49:47,006 [BasicRepositoryConnector-repo.maven.apache.org-1-2] INFO  o.e.m.c.i.e.AbstractTransferListenerAdapter - Downloaded https://repo.maven.apache.org/maven2/org/springframework/boot/spring-boot-starter-jackson/4.0.3/spring-boot-starter-jackson-4.0.3.jar
2026-02-24 13:49:47,010 [BasicRepositoryConnector-repo.maven.apache.org-1-1] INFO  o.e.m.c.i.e.AbstractTransferListenerAdapter - Downloading https://repo.maven.apache.org/maven2/com/fasterxml/jackson/core/jackson-annotations/2.20/jackson-annotations-2.20.jar
2026-02-24 13:49:47,027 [BasicRepositoryConnector-repo.maven.apache.org-1-4] INFO  o.e.m.c.i.e.AbstractTransferListenerAdapter - Downloading https://repo.maven.apache.org/maven2/tools/jackson/core/jackson-core/3.0.4/jackson-core-3.0.4.jar
2026-02-24 13:49:47,043 [BasicRepositoryConnector-repo.maven.apache.org-1-2] INFO  o.e.m.c.i.e.AbstractTransferListenerAdapter - Downloading https://repo.maven.apache.org/maven2/org/springframework/boot/spring-boot-http-converter/4.0.3/spring-boot-http-converter-4.0.3.jar
2026-02-24 13:49:47,063 [BasicRepositoryConnector-repo.maven.apache.org-1-1] INFO  o.e.m.c.i.e.AbstractTransferListenerAdapter - Downloaded https://repo.maven.apache.org/maven2/com/fasterxml/jackson/core/jackson-annotations/2.20/jackson-annotations-2.20.jar
2026-02-24 13:49:47,096 [BasicRepositoryConnector-repo.maven.apache.org-1-1] INFO  o.e.m.c.i.e.AbstractTransferListenerAdapter - Downloading https://repo.maven.apache.org/maven2/org/springframework/boot/spring-boot-webmvc/4.0.3/spring-boot-webmvc-4.0.3.jar
2026-02-24 13:49:47,103 [BasicRepositoryConnector-repo.maven.apache.org-1-2] INFO  o.e.m.c.i.e.AbstractTransferListenerAdapter - Downloaded https://repo.maven.apache.org/maven2/org/springframework/boot/spring-boot-http-converter/4.0.3/spring-boot-http-converter-4.0.3.jar
2026-02-24 13:49:47,121 [BasicRepositoryConnector-repo.maven.apache.org-1-3] INFO  o.e.m.c.i.e.AbstractTransferListenerAdapter - Downloaded https://repo.maven.apache.org/maven2/org/springframework/boot/spring-boot-thymeleaf/4.0.3/spring-boot-thymeleaf-4.0.3.jar
2026-02-24 13:49:47,138 [BasicRepositoryConnector-repo.maven.apache.org-1-2] INFO  o.e.m.c.i.e.AbstractTransferListenerAdapter - Downloading https://repo.maven.apache.org/maven2/org/springframework/boot/spring-boot-servlet/4.0.3/spring-boot-servlet-4.0.3.jar
2026-02-24 13:49:47,148 [BasicRepositoryConnector-repo.maven.apache.org-1-4] INFO  o.e.m.c.i.e.AbstractTransferListenerAdapter - Downloaded https://repo.maven.apache.org/maven2/tools/jackson/core/jackson-core/3.0.4/jackson-core-3.0.4.jar
2026-02-24 13:49:47,151 [BasicRepositoryConnector-repo.maven.apache.org-1-0] INFO  o.e.m.c.i.e.AbstractTransferListenerAdapter - Downloaded https://repo.maven.apache.org/maven2/tools/jackson/core/jackson-databind/3.0.4/jackson-databind-3.0.4.jar
2026-02-24 13:49:47,157 [BasicRepositoryConnector-repo.maven.apache.org-1-3] INFO  o.e.m.c.i.e.AbstractTransferListenerAdapter - Downloading https://repo.maven.apache.org/maven2/org/springframework/spring-webmvc/7.0.5/spring-webmvc-7.0.5.jar
2026-02-24 13:49:47,182 [BasicRepositoryConnector-repo.maven.apache.org-1-1] INFO  o.e.m.c.i.e.AbstractTransferListenerAdapter - Downloaded https://repo.maven.apache.org/maven2/org/springframework/boot/spring-boot-webmvc/4.0.3/spring-boot-webmvc-4.0.3.jar
2026-02-24 13:49:47,186 [BasicRepositoryConnector-repo.maven.apache.org-1-4] INFO  o.e.m.c.i.e.AbstractTransferListenerAdapter - Downloading https://repo.maven.apache.org/maven2/org/springframework/spring-expression/7.0.5/spring-expression-7.0.5.jar
2026-02-24 13:49:47,188 [BasicRepositoryConnector-repo.maven.apache.org-1-0] INFO  o.e.m.c.i.e.AbstractTransferListenerAdapter - Downloading https://repo.maven.apache.org/maven2/org/springframework/boot/spring-boot-devtools/4.0.3/spring-boot-devtools-4.0.3.jar
2026-02-24 13:49:47,225 [BasicRepositoryConnector-repo.maven.apache.org-1-1] INFO  o.e.m.c.i.e.AbstractTransferListenerAdapter - Downloading https://repo.maven.apache.org/maven2/org/springframework/boot/spring-boot/4.0.3/spring-boot-4.0.3.jar
2026-02-24 13:49:47,311 [BasicRepositoryConnector-repo.maven.apache.org-1-0] INFO  o.e.m.c.i.e.AbstractTransferListenerAdapter - Downloaded https://repo.maven.apache.org/maven2/org/springframework/boot/spring-boot-devtools/4.0.3/spring-boot-devtools-4.0.3.jar
2026-02-24 13:49:47,323 [BasicRepositoryConnector-repo.maven.apache.org-1-4] INFO  o.e.m.c.i.e.AbstractTransferListenerAdapter - Downloaded https://repo.maven.apache.org/maven2/org/springframework/spring-expression/7.0.5/spring-expression-7.0.5.jar
2026-02-24 13:49:47,328 [BasicRepositoryConnector-repo.maven.apache.org-1-3] INFO  o.e.m.c.i.e.AbstractTransferListenerAdapter - Downloaded https://repo.maven.apache.org/maven2/org/springframework/spring-webmvc/7.0.5/spring-webmvc-7.0.5.jar
2026-02-24 13:49:47,344 [BasicRepositoryConnector-repo.maven.apache.org-1-0] INFO  o.e.m.c.i.e.AbstractTransferListenerAdapter - Downloading https://repo.maven.apache.org/maven2/org/springframework/spring-core/7.0.5/spring-core-7.0.5.jar
2026-02-24 13:49:47,387 [BasicRepositoryConnector-repo.maven.apache.org-1-4] INFO  o.e.m.c.i.e.AbstractTransferListenerAdapter - Downloading https://repo.maven.apache.org/maven2/commons-logging/commons-logging/1.3.5/commons-logging-1.3.5.jar
2026-02-24 13:49:47,389 [BasicRepositoryConnector-repo.maven.apache.org-1-3] INFO  o.e.m.c.i.e.AbstractTransferListenerAdapter - Downloading https://repo.maven.apache.org/maven2/org/jspecify/jspecify/1.0.0/jspecify-1.0.0.jar
2026-02-24 13:49:47,424 [BasicRepositoryConnector-repo.maven.apache.org-1-1] INFO  o.e.m.c.i.e.AbstractTransferListenerAdapter - Downloaded https://repo.maven.apache.org/maven2/org/springframework/boot/spring-boot/4.0.3/spring-boot-4.0.3.jar
2026-02-24 13:49:47,459 [BasicRepositoryConnector-repo.maven.apache.org-1-1] INFO  o.e.m.c.i.e.AbstractTransferListenerAdapter - Downloading https://repo.maven.apache.org/maven2/org/springframework/spring-context/7.0.5/spring-context-7.0.5.jar
2026-02-24 13:49:47,464 [BasicRepositoryConnector-repo.maven.apache.org-1-4] INFO  o.e.m.c.i.e.AbstractTransferListenerAdapter - Downloaded https://repo.maven.apache.org/maven2/commons-logging/commons-logging/1.3.5/commons-logging-1.3.5.jar
2026-02-24 13:49:47,506 [BasicRepositoryConnector-repo.maven.apache.org-1-4] INFO  o.e.m.c.i.e.AbstractTransferListenerAdapter - Downloading https://repo.maven.apache.org/maven2/org/springframework/boot/spring-boot-autoconfigure/4.0.3/spring-boot-autoconfigure-4.0.3.jar
2026-02-24 13:49:47,610 [BasicRepositoryConnector-repo.maven.apache.org-1-4] INFO  o.e.m.c.i.e.AbstractTransferListenerAdapter - Downloaded https://repo.maven.apache.org/maven2/org/springframework/boot/spring-boot-autoconfigure/4.0.3/spring-boot-autoconfigure-4.0.3.jar
2026-02-24 13:49:47,611 [BasicRepositoryConnector-repo.maven.apache.org-1-0] INFO  o.e.m.c.i.e.AbstractTransferListenerAdapter - Downloaded https://repo.maven.apache.org/maven2/org/springframework/spring-core/7.0.5/spring-core-7.0.5.jar
2026-02-24 13:49:47,645 [BasicRepositoryConnector-repo.maven.apache.org-1-1] INFO  o.e.m.c.i.e.AbstractTransferListenerAdapter - Downloaded https://repo.maven.apache.org/maven2/org/springframework/spring-context/7.0.5/spring-context-7.0.5.jar
2026-02-24 13:49:47,650 [BasicRepositoryConnector-repo.maven.apache.org-1-4] INFO  o.e.m.c.i.e.AbstractTransferListenerAdapter - Downloading https://repo.maven.apache.org/maven2/org/postgresql/postgresql/42.7.10/postgresql-42.7.10.jar
2026-02-24 13:49:47,653 [BasicRepositoryConnector-repo.maven.apache.org-1-0] INFO  o.e.m.c.i.e.AbstractTransferListenerAdapter - Downloading https://repo.maven.apache.org/maven2/org/checkerframework/checker-qual/3.52.0/checker-qual-3.52.0.jar
2026-02-24 13:49:47,689 [BasicRepositoryConnector-repo.maven.apache.org-1-1] INFO  o.e.m.c.i.e.AbstractTransferListenerAdapter - Downloading https://repo.maven.apache.org/maven2/org/projectlombok/lombok/1.18.42/lombok-1.18.42.jar
2026-02-24 13:49:47,710 [BasicRepositoryConnector-repo.maven.apache.org-1-3] INFO  o.e.m.c.i.e.AbstractTransferListenerAdapter - Downloaded https://repo.maven.apache.org/maven2/org/jspecify/jspecify/1.0.0/jspecify-1.0.0.jar
2026-02-24 13:49:47,724 [BasicRepositoryConnector-repo.maven.apache.org-1-0] INFO  o.e.m.c.i.e.AbstractTransferListenerAdapter - Downloaded https://repo.maven.apache.org/maven2/org/checkerframework/checker-qual/3.52.0/checker-qual-3.52.0.jar
2026-02-24 13:49:47,749 [BasicRepositoryConnector-repo.maven.apache.org-1-3] INFO  o.e.m.c.i.e.AbstractTransferListenerAdapter - Downloading https://repo.maven.apache.org/maven2/org/springframework/boot/spring-boot-starter-tomcat/4.0.3/spring-boot-starter-tomcat-4.0.3.jar
2026-02-24 13:49:47,758 [BasicRepositoryConnector-repo.maven.apache.org-1-0] INFO  o.e.m.c.i.e.AbstractTransferListenerAdapter - Downloading https://repo.maven.apache.org/maven2/org/springframework/boot/spring-boot-starter-tomcat-runtime/4.0.3/spring-boot-starter-tomcat-runtime-4.0.3.jar
2026-02-24 13:49:47,783 [BasicRepositoryConnector-repo.maven.apache.org-1-4] INFO  o.e.m.c.i.e.AbstractTransferListenerAdapter - Downloaded https://repo.maven.apache.org/maven2/org/postgresql/postgresql/42.7.10/postgresql-42.7.10.jar
2026-02-24 13:49:47,819 [BasicRepositoryConnector-repo.maven.apache.org-1-4] INFO  o.e.m.c.i.e.AbstractTransferListenerAdapter - Downloading https://repo.maven.apache.org/maven2/org/springframework/boot/spring-boot-web-server/4.0.3/spring-boot-web-server-4.0.3.jar
2026-02-24 13:49:47,825 [BasicRepositoryConnector-repo.maven.apache.org-1-3] INFO  o.e.m.c.i.e.AbstractTransferListenerAdapter - Downloaded https://repo.maven.apache.org/maven2/org/springframework/boot/spring-boot-starter-tomcat/4.0.3/spring-boot-starter-tomcat-4.0.3.jar
2026-02-24 13:49:47,829 [BasicRepositoryConnector-repo.maven.apache.org-1-0] INFO  o.e.m.c.i.e.AbstractTransferListenerAdapter - Downloaded https://repo.maven.apache.org/maven2/org/springframework/boot/spring-boot-starter-tomcat-runtime/4.0.3/spring-boot-starter-tomcat-runtime-4.0.3.jar
2026-02-24 13:49:47,862 [BasicRepositoryConnector-repo.maven.apache.org-1-3] INFO  o.e.m.c.i.e.AbstractTransferListenerAdapter - Downloading https://repo.maven.apache.org/maven2/org/apache/tomcat/embed/tomcat-embed-core/11.0.18/tomcat-embed-core-11.0.18.jar
2026-02-24 13:49:47,868 [BasicRepositoryConnector-repo.maven.apache.org-1-0] INFO  o.e.m.c.i.e.AbstractTransferListenerAdapter - Downloading https://repo.maven.apache.org/maven2/org/apache/tomcat/embed/tomcat-embed-el/11.0.18/tomcat-embed-el-11.0.18.jar
2026-02-24 13:49:47,886 [BasicRepositoryConnector-repo.maven.apache.org-1-4] INFO  o.e.m.c.i.e.AbstractTransferListenerAdapter - Downloaded https://repo.maven.apache.org/maven2/org/springframework/boot/spring-boot-web-server/4.0.3/spring-boot-web-server-4.0.3.jar
2026-02-24 13:49:47,923 [BasicRepositoryConnector-repo.maven.apache.org-1-1] INFO  o.e.m.c.i.e.AbstractTransferListenerAdapter - Downloaded https://repo.maven.apache.org/maven2/org/projectlombok/lombok/1.18.42/lombok-1.18.42.jar
2026-02-24 13:49:47,928 [BasicRepositoryConnector-repo.maven.apache.org-1-4] INFO  o.e.m.c.i.e.AbstractTransferListenerAdapter - Downloading https://repo.maven.apache.org/maven2/org/apache/tomcat/embed/tomcat-embed-websocket/11.0.18/tomcat-embed-websocket-11.0.18.jar
2026-02-24 13:49:47,960 [BasicRepositoryConnector-repo.maven.apache.org-1-1] INFO  o.e.m.c.i.e.AbstractTransferListenerAdapter - Downloading https://repo.maven.apache.org/maven2/org/springframework/boot/spring-boot-tomcat/4.0.3/spring-boot-tomcat-4.0.3.jar
2026-02-24 13:49:48,038 [BasicRepositoryConnector-repo.maven.apache.org-1-0] INFO  o.e.m.c.i.e.AbstractTransferListenerAdapter - Downloaded https://repo.maven.apache.org/maven2/org/apache/tomcat/embed/tomcat-embed-el/11.0.18/tomcat-embed-el-11.0.18.jar
2026-02-24 13:49:48,043 [BasicRepositoryConnector-repo.maven.apache.org-1-4] INFO  o.e.m.c.i.e.AbstractTransferListenerAdapter - Downloaded https://repo.maven.apache.org/maven2/org/apache/tomcat/embed/tomcat-embed-websocket/11.0.18/tomcat-embed-websocket-11.0.18.jar
2026-02-24 13:49:48,049 [BasicRepositoryConnector-repo.maven.apache.org-1-1] INFO  o.e.m.c.i.e.AbstractTransferListenerAdapter - Downloaded https://repo.maven.apache.org/maven2/org/springframework/boot/spring-boot-tomcat/4.0.3/spring-boot-tomcat-4.0.3.jar
2026-02-24 13:49:48,075 [BasicRepositoryConnector-repo.maven.apache.org-1-4] INFO  o.e.m.c.i.e.AbstractTransferListenerAdapter - Downloading https://repo.maven.apache.org/maven2/org/springframework/boot/spring-boot-starter-test/4.0.3/spring-boot-starter-test-4.0.3.jar
2026-02-24 13:49:48,081 [BasicRepositoryConnector-repo.maven.apache.org-1-0] INFO  o.e.m.c.i.e.AbstractTransferListenerAdapter - Downloading https://repo.maven.apache.org/maven2/org/springframework/boot/spring-boot-starter-data-jpa-test/4.0.3/spring-boot-starter-data-jpa-test-4.0.3.jar
2026-02-24 13:49:48,089 [BasicRepositoryConnector-repo.maven.apache.org-1-1] INFO  o.e.m.c.i.e.AbstractTransferListenerAdapter - Downloading https://repo.maven.apache.org/maven2/org/springframework/boot/spring-boot-test/4.0.3/spring-boot-test-4.0.3.jar
2026-02-24 13:49:48,194 [BasicRepositoryConnector-repo.maven.apache.org-1-1] INFO  o.e.m.c.i.e.AbstractTransferListenerAdapter - Downloaded https://repo.maven.apache.org/maven2/org/springframework/boot/spring-boot-test/4.0.3/spring-boot-test-4.0.3.jar
2026-02-24 13:49:48,229 [BasicRepositoryConnector-repo.maven.apache.org-1-1] INFO  o.e.m.c.i.e.AbstractTransferListenerAdapter - Downloading https://repo.maven.apache.org/maven2/org/springframework/boot/spring-boot-test-autoconfigure/4.0.3/spring-boot-test-autoconfigure-4.0.3.jar
2026-02-24 13:49:48,236 [BasicRepositoryConnector-repo.maven.apache.org-1-4] INFO  o.e.m.c.i.e.AbstractTransferListenerAdapter - Downloaded https://repo.maven.apache.org/maven2/org/springframework/boot/spring-boot-starter-test/4.0.3/spring-boot-starter-test-4.0.3.jar
2026-02-24 13:49:48,240 [BasicRepositoryConnector-repo.maven.apache.org-1-0] INFO  o.e.m.c.i.e.AbstractTransferListenerAdapter - Downloaded https://repo.maven.apache.org/maven2/org/springframework/boot/spring-boot-starter-data-jpa-test/4.0.3/spring-boot-starter-data-jpa-test-4.0.3.jar
2026-02-24 13:49:48,270 [BasicRepositoryConnector-repo.maven.apache.org-1-3] INFO  o.e.m.c.i.e.AbstractTransferListenerAdapter - Downloaded https://repo.maven.apache.org/maven2/org/apache/tomcat/embed/tomcat-embed-core/11.0.18/tomcat-embed-core-11.0.18.jar
2026-02-24 13:49:48,271 [BasicRepositoryConnector-repo.maven.apache.org-1-4] INFO  o.e.m.c.i.e.AbstractTransferListenerAdapter - Downloading https://repo.maven.apache.org/maven2/com/jayway/jsonpath/json-path/2.10.0/json-path-2.10.0.jar
2026-02-24 13:49:48,278 [BasicRepositoryConnector-repo.maven.apache.org-1-0] INFO  o.e.m.c.i.e.AbstractTransferListenerAdapter - Downloading https://repo.maven.apache.org/maven2/jakarta/xml/bind/jakarta.xml.bind-api/4.0.4/jakarta.xml.bind-api-4.0.4.jar
2026-02-24 13:49:48,309 [BasicRepositoryConnector-repo.maven.apache.org-1-3] INFO  o.e.m.c.i.e.AbstractTransferListenerAdapter - Downloading https://repo.maven.apache.org/maven2/jakarta/activation/jakarta.activation-api/2.1.4/jakarta.activation-api-2.1.4.jar
2026-02-24 13:49:48,342 [BasicRepositoryConnector-repo.maven.apache.org-1-0] INFO  o.e.m.c.i.e.AbstractTransferListenerAdapter - Downloaded https://repo.maven.apache.org/maven2/jakarta/xml/bind/jakarta.xml.bind-api/4.0.4/jakarta.xml.bind-api-4.0.4.jar
2026-02-24 13:49:48,357 [BasicRepositoryConnector-repo.maven.apache.org-1-4] INFO  o.e.m.c.i.e.AbstractTransferListenerAdapter - Downloaded https://repo.maven.apache.org/maven2/com/jayway/jsonpath/json-path/2.10.0/json-path-2.10.0.jar
2026-02-24 13:49:48,372 [BasicRepositoryConnector-repo.maven.apache.org-1-3] INFO  o.e.m.c.i.e.AbstractTransferListenerAdapter - Downloaded https://repo.maven.apache.org/maven2/jakarta/activation/jakarta.activation-api/2.1.4/jakarta.activation-api-2.1.4.jar
2026-02-24 13:49:48,382 [BasicRepositoryConnector-repo.maven.apache.org-1-0] INFO  o.e.m.c.i.e.AbstractTransferListenerAdapter - Downloading https://repo.maven.apache.org/maven2/net/minidev/json-smart/2.6.0/json-smart-2.6.0.jar
2026-02-24 13:49:48,394 [BasicRepositoryConnector-repo.maven.apache.org-1-4] INFO  o.e.m.c.i.e.AbstractTransferListenerAdapter - Downloading https://repo.maven.apache.org/maven2/net/minidev/accessors-smart/2.6.0/accessors-smart-2.6.0.jar
2026-02-24 13:49:48,404 [BasicRepositoryConnector-repo.maven.apache.org-1-3] INFO  o.e.m.c.i.e.AbstractTransferListenerAdapter - Downloading https://repo.maven.apache.org/maven2/org/ow2/asm/asm/9.7.1/asm-9.7.1.jar
2026-02-24 13:49:48,455 [BasicRepositoryConnector-repo.maven.apache.org-1-0] INFO  o.e.m.c.i.e.AbstractTransferListenerAdapter - Downloaded https://repo.maven.apache.org/maven2/net/minidev/json-smart/2.6.0/json-smart-2.6.0.jar
2026-02-24 13:49:48,472 [BasicRepositoryConnector-repo.maven.apache.org-1-3] INFO  o.e.m.c.i.e.AbstractTransferListenerAdapter - Downloaded https://repo.maven.apache.org/maven2/org/ow2/asm/asm/9.7.1/asm-9.7.1.jar
2026-02-24 13:49:48,487 [BasicRepositoryConnector-repo.maven.apache.org-1-2] INFO  o.e.m.c.i.e.AbstractTransferListenerAdapter - Downloaded https://repo.maven.apache.org/maven2/org/springframework/boot/spring-boot-servlet/4.0.3/spring-boot-servlet-4.0.3.jar
2026-02-24 13:49:48,491 [BasicRepositoryConnector-repo.maven.apache.org-1-0] INFO  o.e.m.c.i.e.AbstractTransferListenerAdapter - Downloading https://repo.maven.apache.org/maven2/org/assertj/assertj-core/3.27.7/assertj-core-3.27.7.jar
2026-02-24 13:49:48,507 [BasicRepositoryConnector-repo.maven.apache.org-1-3] INFO  o.e.m.c.i.e.AbstractTransferListenerAdapter - Downloading https://repo.maven.apache.org/maven2/net/bytebuddy/byte-buddy/1.17.8/byte-buddy-1.17.8.jar
2026-02-24 13:49:48,568 [BasicRepositoryConnector-repo.maven.apache.org-1-2] INFO  o.e.m.c.i.e.AbstractTransferListenerAdapter - Downloading https://repo.maven.apache.org/maven2/org/awaitility/awaitility/4.3.0/awaitility-4.3.0.jar
2026-02-24 13:49:48,660 [BasicRepositoryConnector-repo.maven.apache.org-1-2] INFO  o.e.m.c.i.e.AbstractTransferListenerAdapter - Downloaded https://repo.maven.apache.org/maven2/org/awaitility/awaitility/4.3.0/awaitility-4.3.0.jar
2026-02-24 13:49:48,677 [BasicRepositoryConnector-repo.maven.apache.org-1-0] INFO  o.e.m.c.i.e.AbstractTransferListenerAdapter - Downloaded https://repo.maven.apache.org/maven2/org/assertj/assertj-core/3.27.7/assertj-core-3.27.7.jar
2026-02-24 13:49:48,700 [BasicRepositoryConnector-repo.maven.apache.org-1-2] INFO  o.e.m.c.i.e.AbstractTransferListenerAdapter - Downloading https://repo.maven.apache.org/maven2/org/hamcrest/hamcrest/3.0/hamcrest-3.0.jar
2026-02-24 13:49:48,718 [BasicRepositoryConnector-repo.maven.apache.org-1-0] INFO  o.e.m.c.i.e.AbstractTransferListenerAdapter - Downloading https://repo.maven.apache.org/maven2/org/junit/jupiter/junit-jupiter/6.0.3/junit-jupiter-6.0.3.jar
2026-02-24 13:49:48,772 [BasicRepositoryConnector-repo.maven.apache.org-1-2] INFO  o.e.m.c.i.e.AbstractTransferListenerAdapter - Downloaded https://repo.maven.apache.org/maven2/org/hamcrest/hamcrest/3.0/hamcrest-3.0.jar
2026-02-24 13:49:48,811 [BasicRepositoryConnector-repo.maven.apache.org-1-2] INFO  o.e.m.c.i.e.AbstractTransferListenerAdapter - Downloading https://repo.maven.apache.org/maven2/org/junit/jupiter/junit-jupiter-api/6.0.3/junit-jupiter-api-6.0.3.jar
2026-02-24 13:49:48,829 [BasicRepositoryConnector-repo.maven.apache.org-1-0] INFO  o.e.m.c.i.e.AbstractTransferListenerAdapter - Downloaded https://repo.maven.apache.org/maven2/org/junit/jupiter/junit-jupiter/6.0.3/junit-jupiter-6.0.3.jar
2026-02-24 13:49:48,872 [BasicRepositoryConnector-repo.maven.apache.org-1-0] INFO  o.e.m.c.i.e.AbstractTransferListenerAdapter - Downloading https://repo.maven.apache.org/maven2/org/opentest4j/opentest4j/1.3.0/opentest4j-1.3.0.jar
2026-02-24 13:49:48,889 [BasicRepositoryConnector-repo.maven.apache.org-1-2] INFO  o.e.m.c.i.e.AbstractTransferListenerAdapter - Downloaded https://repo.maven.apache.org/maven2/org/junit/jupiter/junit-jupiter-api/6.0.3/junit-jupiter-api-6.0.3.jar
2026-02-24 13:49:49,061 [BasicRepositoryConnector-repo.maven.apache.org-1-2] INFO  o.e.m.c.i.e.AbstractTransferListenerAdapter - Downloading https://repo.maven.apache.org/maven2/org/junit/platform/junit-platform-commons/6.0.3/junit-platform-commons-6.0.3.jar
2026-02-24 13:49:49,096 [BasicRepositoryConnector-repo.maven.apache.org-1-1] INFO  o.e.m.c.i.e.AbstractTransferListenerAdapter - Downloaded https://repo.maven.apache.org/maven2/org/springframework/boot/spring-boot-test-autoconfigure/4.0.3/spring-boot-test-autoconfigure-4.0.3.jar
2026-02-24 13:49:49,131 [BasicRepositoryConnector-repo.maven.apache.org-1-2] INFO  o.e.m.c.i.e.AbstractTransferListenerAdapter - Downloaded https://repo.maven.apache.org/maven2/org/junit/platform/junit-platform-commons/6.0.3/junit-platform-commons-6.0.3.jar
2026-02-24 13:49:49,137 [BasicRepositoryConnector-repo.maven.apache.org-1-1] INFO  o.e.m.c.i.e.AbstractTransferListenerAdapter - Downloading https://repo.maven.apache.org/maven2/org/apiguardian/apiguardian-api/1.1.2/apiguardian-api-1.1.2.jar
2026-02-24 13:49:49,171 [BasicRepositoryConnector-repo.maven.apache.org-1-2] INFO  o.e.m.c.i.e.AbstractTransferListenerAdapter - Downloading https://repo.maven.apache.org/maven2/org/junit/jupiter/junit-jupiter-params/6.0.3/junit-jupiter-params-6.0.3.jar
2026-02-24 13:49:49,190 [BasicRepositoryConnector-repo.maven.apache.org-1-4] INFO  o.e.m.c.i.e.AbstractTransferListenerAdapter - Downloaded https://repo.maven.apache.org/maven2/net/minidev/accessors-smart/2.6.0/accessors-smart-2.6.0.jar
2026-02-24 13:49:49,235 [BasicRepositoryConnector-repo.maven.apache.org-1-4] INFO  o.e.m.c.i.e.AbstractTransferListenerAdapter - Downloading https://repo.maven.apache.org/maven2/org/junit/jupiter/junit-jupiter-engine/6.0.3/junit-jupiter-engine-6.0.3.jar
2026-02-24 13:49:49,286 [BasicRepositoryConnector-repo.maven.apache.org-1-2] INFO  o.e.m.c.i.e.AbstractTransferListenerAdapter - Downloaded https://repo.maven.apache.org/maven2/org/junit/jupiter/junit-jupiter-params/6.0.3/junit-jupiter-params-6.0.3.jar
2026-02-24 13:49:49,291 [BasicRepositoryConnector-repo.maven.apache.org-1-1] INFO  o.e.m.c.i.e.AbstractTransferListenerAdapter - Downloaded https://repo.maven.apache.org/maven2/org/apiguardian/apiguardian-api/1.1.2/apiguardian-api-1.1.2.jar
2026-02-24 13:49:49,322 [BasicRepositoryConnector-repo.maven.apache.org-1-2] INFO  o.e.m.c.i.e.AbstractTransferListenerAdapter - Downloading https://repo.maven.apache.org/maven2/org/junit/platform/junit-platform-engine/6.0.3/junit-platform-engine-6.0.3.jar
2026-02-24 13:49:49,336 [BasicRepositoryConnector-repo.maven.apache.org-1-1] INFO  o.e.m.c.i.e.AbstractTransferListenerAdapter - Downloading https://repo.maven.apache.org/maven2/org/mockito/mockito-core/5.20.0/mockito-core-5.20.0.jar
2026-02-24 13:49:49,342 [BasicRepositoryConnector-repo.maven.apache.org-1-4] INFO  o.e.m.c.i.e.AbstractTransferListenerAdapter - Downloaded https://repo.maven.apache.org/maven2/org/junit/jupiter/junit-jupiter-engine/6.0.3/junit-jupiter-engine-6.0.3.jar
2026-02-24 13:49:49,377 [BasicRepositoryConnector-repo.maven.apache.org-1-4] INFO  o.e.m.c.i.e.AbstractTransferListenerAdapter - Downloading https://repo.maven.apache.org/maven2/net/bytebuddy/byte-buddy-agent/1.17.8/byte-buddy-agent-1.17.8.jar
2026-02-24 13:49:49,408 [BasicRepositoryConnector-repo.maven.apache.org-1-2] INFO  o.e.m.c.i.e.AbstractTransferListenerAdapter - Downloaded https://repo.maven.apache.org/maven2/org/junit/platform/junit-platform-engine/6.0.3/junit-platform-engine-6.0.3.jar
2026-02-24 13:49:49,413 [BasicRepositoryConnector-repo.maven.apache.org-1-0] INFO  o.e.m.c.i.e.AbstractTransferListenerAdapter - Downloaded https://repo.maven.apache.org/maven2/org/opentest4j/opentest4j/1.3.0/opentest4j-1.3.0.jar
2026-02-24 13:49:49,447 [BasicRepositoryConnector-repo.maven.apache.org-1-2] INFO  o.e.m.c.i.e.AbstractTransferListenerAdapter - Downloading https://repo.maven.apache.org/maven2/org/objenesis/objenesis/3.3/objenesis-3.3.jar
2026-02-24 13:49:49,458 [BasicRepositoryConnector-repo.maven.apache.org-1-0] INFO  o.e.m.c.i.e.AbstractTransferListenerAdapter - Downloading https://repo.maven.apache.org/maven2/org/mockito/mockito-junit-jupiter/5.20.0/mockito-junit-jupiter-5.20.0.jar
2026-02-24 13:49:49,469 [BasicRepositoryConnector-repo.maven.apache.org-1-1] INFO  o.e.m.c.i.e.AbstractTransferListenerAdapter - Downloaded https://repo.maven.apache.org/maven2/org/mockito/mockito-core/5.20.0/mockito-core-5.20.0.jar
2026-02-24 13:49:49,478 [BasicRepositoryConnector-repo.maven.apache.org-1-4] INFO  o.e.m.c.i.e.AbstractTransferListenerAdapter - Downloaded https://repo.maven.apache.org/maven2/net/bytebuddy/byte-buddy-agent/1.17.8/byte-buddy-agent-1.17.8.jar
2026-02-24 13:49:49,503 [BasicRepositoryConnector-repo.maven.apache.org-1-1] INFO  o.e.m.c.i.e.AbstractTransferListenerAdapter - Downloading https://repo.maven.apache.org/maven2/org/skyscreamer/jsonassert/1.5.3/jsonassert-1.5.3.jar
2026-02-24 13:49:49,521 [BasicRepositoryConnector-repo.maven.apache.org-1-4] INFO  o.e.m.c.i.e.AbstractTransferListenerAdapter - Downloading https://repo.maven.apache.org/maven2/com/vaadin/external/google/android-json/0.0.20131108.vaadin1/android-json-0.0.20131108.vaadin1.jar
2026-02-24 13:49:49,581 [BasicRepositoryConnector-repo.maven.apache.org-1-3] INFO  o.e.m.c.i.e.AbstractTransferListenerAdapter - Downloaded https://repo.maven.apache.org/maven2/net/bytebuddy/byte-buddy/1.17.8/byte-buddy-1.17.8.jar
2026-02-24 13:49:49,617 [BasicRepositoryConnector-repo.maven.apache.org-1-3] INFO  o.e.m.c.i.e.AbstractTransferListenerAdapter - Downloading https://repo.maven.apache.org/maven2/org/springframework/spring-test/7.0.5/spring-test-7.0.5.jar
2026-02-24 13:49:49,751 [BasicRepositoryConnector-repo.maven.apache.org-1-3] INFO  o.e.m.c.i.e.AbstractTransferListenerAdapter - Downloaded https://repo.maven.apache.org/maven2/org/springframework/spring-test/7.0.5/spring-test-7.0.5.jar
2026-02-24 13:49:49,776 [BasicRepositoryConnector-repo.maven.apache.org-1-0] INFO  o.e.m.c.i.e.AbstractTransferListenerAdapter - Downloaded https://repo.maven.apache.org/maven2/org/mockito/mockito-junit-jupiter/5.20.0/mockito-junit-jupiter-5.20.0.jar
2026-02-24 13:49:49,788 [BasicRepositoryConnector-repo.maven.apache.org-1-4] INFO  o.e.m.c.i.e.AbstractTransferListenerAdapter - Downloaded https://repo.maven.apache.org/maven2/com/vaadin/external/google/android-json/0.0.20131108.vaadin1/android-json-0.0.20131108.vaadin1.jar
2026-02-24 13:49:49,793 [BasicRepositoryConnector-repo.maven.apache.org-1-3] INFO  o.e.m.c.i.e.AbstractTransferListenerAdapter - Downloading https://repo.maven.apache.org/maven2/org/xmlunit/xmlunit-core/2.10.4/xmlunit-core-2.10.4.jar
2026-02-24 13:49:49,808 [BasicRepositoryConnector-repo.maven.apache.org-1-0] INFO  o.e.m.c.i.e.AbstractTransferListenerAdapter - Downloading https://repo.maven.apache.org/maven2/org/springframework/boot/spring-boot-starter-jdbc-test/4.0.3/spring-boot-starter-jdbc-test-4.0.3.jar
2026-02-24 13:49:49,831 [BasicRepositoryConnector-repo.maven.apache.org-1-4] INFO  o.e.m.c.i.e.AbstractTransferListenerAdapter - Downloading https://repo.maven.apache.org/maven2/org/springframework/boot/spring-boot-jdbc-test/4.0.3/spring-boot-jdbc-test-4.0.3.jar
2026-02-24 13:49:49,869 [BasicRepositoryConnector-repo.maven.apache.org-1-3] INFO  o.e.m.c.i.e.AbstractTransferListenerAdapter - Downloaded https://repo.maven.apache.org/maven2/org/xmlunit/xmlunit-core/2.10.4/xmlunit-core-2.10.4.jar
2026-02-24 13:49:49,891 [BasicRepositoryConnector-repo.maven.apache.org-1-0] INFO  o.e.m.c.i.e.AbstractTransferListenerAdapter - Downloaded https://repo.maven.apache.org/maven2/org/springframework/boot/spring-boot-starter-jdbc-test/4.0.3/spring-boot-starter-jdbc-test-4.0.3.jar
2026-02-24 13:49:49,905 [BasicRepositoryConnector-repo.maven.apache.org-1-3] INFO  o.e.m.c.i.e.AbstractTransferListenerAdapter - Downloading https://repo.maven.apache.org/maven2/org/springframework/boot/spring-boot-data-jpa-test/4.0.3/spring-boot-data-jpa-test-4.0.3.jar
2026-02-24 13:49:49,924 [BasicRepositoryConnector-repo.maven.apache.org-1-0] INFO  o.e.m.c.i.e.AbstractTransferListenerAdapter - Downloading https://repo.maven.apache.org/maven2/org/springframework/boot/spring-boot-jpa-test/4.0.3/spring-boot-jpa-test-4.0.3.jar
2026-02-24 13:49:50,097 [BasicRepositoryConnector-repo.maven.apache.org-1-1] INFO  o.e.m.c.i.e.AbstractTransferListenerAdapter - Downloaded https://repo.maven.apache.org/maven2/org/skyscreamer/jsonassert/1.5.3/jsonassert-1.5.3.jar
2026-02-24 13:49:50,129 [BasicRepositoryConnector-repo.maven.apache.org-1-1] INFO  o.e.m.c.i.e.AbstractTransferListenerAdapter - Downloading https://repo.maven.apache.org/maven2/org/springframework/boot/spring-boot-starter-thymeleaf-test/4.0.3/spring-boot-starter-thymeleaf-test-4.0.3.jar
2026-02-24 13:49:50,144 [BasicRepositoryConnector-repo.maven.apache.org-1-3] INFO  o.e.m.c.i.e.AbstractTransferListenerAdapter - Downloaded https://repo.maven.apache.org/maven2/org/springframework/boot/spring-boot-data-jpa-test/4.0.3/spring-boot-data-jpa-test-4.0.3.jar
2026-02-24 13:49:50,171 [BasicRepositoryConnector-repo.maven.apache.org-1-0] INFO  o.e.m.c.i.e.AbstractTransferListenerAdapter - Downloaded https://repo.maven.apache.org/maven2/org/springframework/boot/spring-boot-jpa-test/4.0.3/spring-boot-jpa-test-4.0.3.jar
2026-02-24 13:49:50,173 [BasicRepositoryConnector-repo.maven.apache.org-1-3] INFO  o.e.m.c.i.e.AbstractTransferListenerAdapter - Downloading https://repo.maven.apache.org/maven2/org/springframework/boot/spring-boot-starter-webmvc-test/4.0.3/spring-boot-starter-webmvc-test-4.0.3.jar
2026-02-24 13:49:50,204 [BasicRepositoryConnector-repo.maven.apache.org-1-0] INFO  o.e.m.c.i.e.AbstractTransferListenerAdapter - Downloading https://repo.maven.apache.org/maven2/org/springframework/boot/spring-boot-starter-jackson-test/4.0.3/spring-boot-starter-jackson-test-4.0.3.jar
2026-02-24 13:49:50,223 [BasicRepositoryConnector-repo.maven.apache.org-1-1] INFO  o.e.m.c.i.e.AbstractTransferListenerAdapter - Downloaded https://repo.maven.apache.org/maven2/org/springframework/boot/spring-boot-starter-thymeleaf-test/4.0.3/spring-boot-starter-thymeleaf-test-4.0.3.jar
2026-02-24 13:49:50,259 [BasicRepositoryConnector-repo.maven.apache.org-1-1] INFO  o.e.m.c.i.e.AbstractTransferListenerAdapter - Downloading https://repo.maven.apache.org/maven2/org/springframework/boot/spring-boot-webmvc-test/4.0.3/spring-boot-webmvc-test-4.0.3.jar
2026-02-24 13:49:50,265 [BasicRepositoryConnector-repo.maven.apache.org-1-3] INFO  o.e.m.c.i.e.AbstractTransferListenerAdapter - Downloaded https://repo.maven.apache.org/maven2/org/springframework/boot/spring-boot-starter-webmvc-test/4.0.3/spring-boot-starter-webmvc-test-4.0.3.jar
2026-02-24 13:49:50,302 [BasicRepositoryConnector-repo.maven.apache.org-1-4] INFO  o.e.m.c.i.e.AbstractTransferListenerAdapter - Downloaded https://repo.maven.apache.org/maven2/org/springframework/boot/spring-boot-jdbc-test/4.0.3/spring-boot-jdbc-test-4.0.3.jar
2026-02-24 13:49:50,305 [BasicRepositoryConnector-repo.maven.apache.org-1-3] INFO  o.e.m.c.i.e.AbstractTransferListenerAdapter - Downloading https://repo.maven.apache.org/maven2/org/springframework/boot/spring-boot-resttestclient/4.0.3/spring-boot-resttestclient-4.0.3.jar
2026-02-24 13:49:50,328 [BasicRepositoryConnector-repo.maven.apache.org-1-0] INFO  o.e.m.c.i.e.AbstractTransferListenerAdapter - Downloaded https://repo.maven.apache.org/maven2/org/springframework/boot/spring-boot-starter-jackson-test/4.0.3/spring-boot-starter-jackson-test-4.0.3.jar
2026-02-24 13:49:50,580 [BasicRepositoryConnector-repo.maven.apache.org-1-2] INFO  o.e.m.c.i.e.AbstractTransferListenerAdapter - Downloaded https://repo.maven.apache.org/maven2/org/objenesis/objenesis/3.3/objenesis-3.3.jar
2026-02-24 13:49:50,820 [BasicRepositoryConnector-repo.maven.apache.org-1-3] INFO  o.e.m.c.i.e.AbstractTransferListenerAdapter - Downloaded https://repo.maven.apache.org/maven2/org/springframework/boot/spring-boot-resttestclient/4.0.3/spring-boot-resttestclient-4.0.3.jar
2026-02-24 13:49:50,978 [BasicRepositoryConnector-repo.maven.apache.org-1-1] INFO  o.e.m.c.i.e.AbstractTransferListenerAdapter - Downloaded https://repo.maven.apache.org/maven2/org/springframework/boot/spring-boot-webmvc-test/4.0.3/spring-boot-webmvc-test-4.0.3.jar
2026-02-24 13:49:51,931 [Worker-9: 入門コンテンツのインポート] INFO  o.e.m.c.i.e.AbstractTransferListenerAdapter - Downloading https://repo.maven.apache.org/maven2/org/apache/maven/plugins/maven-resources-plugin/3.3.1/maven-resources-plugin-3.3.1.pom
2026-02-24 13:49:51,967 [Worker-9: 入門コンテンツのインポート] INFO  o.e.m.c.i.e.AbstractTransferListenerAdapter - Downloaded https://repo.maven.apache.org/maven2/org/apache/maven/plugins/maven-resources-plugin/3.3.1/maven-resources-plugin-3.3.1.pom
2026-02-24 13:49:52,005 [Worker-9: 入門コンテンツのインポート] INFO  o.e.m.c.i.e.AbstractTransferListenerAdapter - Downloading https://repo.maven.apache.org/maven2/org/apache/maven/plugins/maven-plugins/39/maven-plugins-39.pom
2026-02-24 13:49:52,038 [Worker-9: 入門コンテンツのインポート] INFO  o.e.m.c.i.e.AbstractTransferListenerAdapter - Downloaded https://repo.maven.apache.org/maven2/org/apache/maven/plugins/maven-plugins/39/maven-plugins-39.pom
2026-02-24 13:49:52,092 [Worker-9: 入門コンテンツのインポート] INFO  o.e.m.c.i.e.AbstractTransferListenerAdapter - Downloading https://repo.maven.apache.org/maven2/org/apache/maven/plugins/maven-surefire-plugin/3.5.4/maven-surefire-plugin-3.5.4.pom
2026-02-24 13:49:52,123 [Worker-9: 入門コンテンツのインポート] INFO  o.e.m.c.i.e.AbstractTransferListenerAdapter - Downloaded https://repo.maven.apache.org/maven2/org/apache/maven/plugins/maven-surefire-plugin/3.5.4/maven-surefire-plugin-3.5.4.pom
2026-02-24 13:49:52,165 [Worker-9: 入門コンテンツのインポート] INFO  o.e.m.c.i.e.AbstractTransferListenerAdapter - Downloading https://repo.maven.apache.org/maven2/org/apache/maven/surefire/surefire/3.5.4/surefire-3.5.4.pom
2026-02-24 13:49:52,201 [Worker-9: 入門コンテンツのインポート] INFO  o.e.m.c.i.e.AbstractTransferListenerAdapter - Downloaded https://repo.maven.apache.org/maven2/org/apache/maven/surefire/surefire/3.5.4/surefire-3.5.4.pom
2026-02-24 13:49:52,257 [Worker-9: 入門コンテンツのインポート] INFO  o.e.m.c.i.e.AbstractTransferListenerAdapter - Downloading https://repo.maven.apache.org/maven2/org/apache/maven/maven-parent/44/maven-parent-44.pom
2026-02-24 13:49:52,292 [Worker-9: 入門コンテンツのインポート] INFO  o.e.m.c.i.e.AbstractTransferListenerAdapter - Downloaded https://repo.maven.apache.org/maven2/org/apache/maven/maven-parent/44/maven-parent-44.pom
2026-02-24 13:49:52,353 [Worker-9: 入門コンテンツのインポート] INFO  o.e.m.c.i.e.AbstractTransferListenerAdapter - Downloading https://repo.maven.apache.org/maven2/org/apache/apache/34/apache-34.pom
2026-02-24 13:49:52,393 [Worker-9: 入門コンテンツのインポート] INFO  o.e.m.c.i.e.AbstractTransferListenerAdapter - Downloaded https://repo.maven.apache.org/maven2/org/apache/apache/34/apache-34.pom
2026-02-24 13:49:52,450 [Worker-9: 入門コンテンツのインポート] INFO  o.e.m.c.i.e.AbstractTransferListenerAdapter - Downloading https://repo.maven.apache.org/maven2/org/junit/junit-bom/5.12.1/junit-bom-5.12.1.pom
2026-02-24 13:49:52,481 [Worker-9: 入門コンテンツのインポート] INFO  o.e.m.c.i.e.AbstractTransferListenerAdapter - Downloaded https://repo.maven.apache.org/maven2/org/junit/junit-bom/5.12.1/junit-bom-5.12.1.pom
2026-02-24 13:49:52,526 [Worker-9: 入門コンテンツのインポート] INFO  o.e.m.c.i.e.AbstractTransferListenerAdapter - Downloading https://repo.maven.apache.org/maven2/org/apache/maven/plugins/maven-war-plugin/3.4.0/maven-war-plugin-3.4.0.pom
2026-02-24 13:49:52,557 [Worker-9: 入門コンテンツのインポート] INFO  o.e.m.c.i.e.AbstractTransferListenerAdapter - Downloaded https://repo.maven.apache.org/maven2/org/apache/maven/plugins/maven-war-plugin/3.4.0/maven-war-plugin-3.4.0.pom
2026-02-24 13:49:52,629 [Worker-9: 入門コンテンツのインポート] INFO  o.e.m.c.i.e.AbstractTransferListenerAdapter - Downloading https://repo.maven.apache.org/maven2/org/apache/maven/maven-archiver/3.6.0/maven-archiver-3.6.0.pom
2026-02-24 13:49:52,661 [Worker-9: 入門コンテンツのインポート] INFO  o.e.m.c.i.e.AbstractTransferListenerAdapter - Downloaded https://repo.maven.apache.org/maven2/org/apache/maven/maven-archiver/3.6.0/maven-archiver-3.6.0.pom
2026-02-24 13:49:52,704 [Worker-9: 入門コンテンツのインポート] INFO  o.e.m.c.i.e.AbstractTransferListenerAdapter - Downloading https://repo.maven.apache.org/maven2/org/apache/maven/shared/maven-shared-components/36/maven-shared-components-36.pom
2026-02-24 13:49:52,735 [Worker-9: 入門コンテンツのインポート] INFO  o.e.m.c.i.e.AbstractTransferListenerAdapter - Downloaded https://repo.maven.apache.org/maven2/org/apache/maven/shared/maven-shared-components/36/maven-shared-components-36.pom
2026-02-24 13:49:52,780 [Worker-9: 入門コンテンツのインポート] INFO  o.e.m.c.i.e.AbstractTransferListenerAdapter - Downloading https://repo.maven.apache.org/maven2/org/apache/maven/maven-parent/36/maven-parent-36.pom
2026-02-24 13:49:52,815 [Worker-9: 入門コンテンツのインポート] INFO  o.e.m.c.i.e.AbstractTransferListenerAdapter - Downloaded https://repo.maven.apache.org/maven2/org/apache/maven/maven-parent/36/maven-parent-36.pom
2026-02-24 13:49:52,868 [Worker-9: 入門コンテンツのインポート] INFO  o.e.m.c.i.e.AbstractTransferListenerAdapter - Downloading https://repo.maven.apache.org/maven2/org/apache/apache/26/apache-26.pom
2026-02-24 13:49:52,907 [Worker-9: 入門コンテンツのインポート] INFO  o.e.m.c.i.e.AbstractTransferListenerAdapter - Downloaded https://repo.maven.apache.org/maven2/org/apache/apache/26/apache-26.pom
2026-02-24 13:49:52,966 [Worker-9: 入門コンテンツのインポート] INFO  o.e.m.c.i.e.AbstractTransferListenerAdapter - Downloading https://repo.maven.apache.org/maven2/org/codehaus/plexus/plexus-io/3.4.0/plexus-io-3.4.0.pom
2026-02-24 13:49:52,995 [Worker-9: 入門コンテンツのインポート] INFO  o.e.m.c.i.e.AbstractTransferListenerAdapter - Downloaded https://repo.maven.apache.org/maven2/org/codehaus/plexus/plexus-io/3.4.0/plexus-io-3.4.0.pom
2026-02-24 13:49:53,041 [Worker-9: 入門コンテンツのインポート] INFO  o.e.m.c.i.e.AbstractTransferListenerAdapter - Downloading https://repo.maven.apache.org/maven2/org/codehaus/plexus/plexus/10/plexus-10.pom
2026-02-24 13:49:53,073 [Worker-9: 入門コンテンツのインポート] INFO  o.e.m.c.i.e.AbstractTransferListenerAdapter - Downloaded https://repo.maven.apache.org/maven2/org/codehaus/plexus/plexus/10/plexus-10.pom
2026-02-24 13:49:53,126 [Worker-9: 入門コンテンツのインポート] INFO  o.e.m.c.i.e.AbstractTransferListenerAdapter - Downloading https://repo.maven.apache.org/maven2/org/codehaus/plexus/plexus-utils/3.5.0/plexus-utils-3.5.0.pom
2026-02-24 13:49:53,156 [Worker-9: 入門コンテンツのインポート] INFO  o.e.m.c.i.e.AbstractTransferListenerAdapter - Downloaded https://repo.maven.apache.org/maven2/org/codehaus/plexus/plexus-utils/3.5.0/plexus-utils-3.5.0.pom
2026-02-24 13:49:53,201 [Worker-9: 入門コンテンツのインポート] INFO  o.e.m.c.i.e.AbstractTransferListenerAdapter - Downloading https://repo.maven.apache.org/maven2/org/codehaus/plexus/plexus-archiver/4.4.0/plexus-archiver-4.4.0.pom
2026-02-24 13:49:53,235 [Worker-9: 入門コンテンツのインポート] INFO  o.e.m.c.i.e.AbstractTransferListenerAdapter - Downloaded https://repo.maven.apache.org/maven2/org/codehaus/plexus/plexus-archiver/4.4.0/plexus-archiver-4.4.0.pom
2026-02-24 13:49:53,280 [Worker-9: 入門コンテンツのインポート] INFO  o.e.m.c.i.e.AbstractTransferListenerAdapter - Downloading https://repo.maven.apache.org/maven2/org/apache/commons/commons-compress/1.21/commons-compress-1.21.pom
2026-02-24 13:49:53,314 [Worker-9: 入門コンテンツのインポート] INFO  o.e.m.c.i.e.AbstractTransferListenerAdapter - Downloaded https://repo.maven.apache.org/maven2/org/apache/commons/commons-compress/1.21/commons-compress-1.21.pom
2026-02-24 13:49:53,377 [Worker-9: 入門コンテンツのインポート] INFO  o.e.m.c.i.e.AbstractTransferListenerAdapter - Downloading https://repo.maven.apache.org/maven2/org/iq80/snappy/snappy/0.4/snappy-0.4.pom
2026-02-24 13:49:53,411 [Worker-9: 入門コンテンツのインポート] INFO  o.e.m.c.i.e.AbstractTransferListenerAdapter - Downloaded https://repo.maven.apache.org/maven2/org/iq80/snappy/snappy/0.4/snappy-0.4.pom
2026-02-24 13:49:53,463 [Worker-9: 入門コンテンツのインポート] INFO  o.e.m.c.i.e.AbstractTransferListenerAdapter - Downloading https://repo.maven.apache.org/maven2/org/tukaani/xz/1.9/xz-1.9.pom
2026-02-24 13:49:53,495 [Worker-9: 入門コンテンツのインポート] INFO  o.e.m.c.i.e.AbstractTransferListenerAdapter - Downloaded https://repo.maven.apache.org/maven2/org/tukaani/xz/1.9/xz-1.9.pom
2026-02-24 13:49:53,539 [Worker-9: 入門コンテンツのインポート] INFO  o.e.m.c.i.e.AbstractTransferListenerAdapter - Downloading https://repo.maven.apache.org/maven2/org/codehaus/plexus/plexus-interpolation/1.26/plexus-interpolation-1.26.pom
2026-02-24 13:49:53,572 [Worker-9: 入門コンテンツのインポート] INFO  o.e.m.c.i.e.AbstractTransferListenerAdapter - Downloaded https://repo.maven.apache.org/maven2/org/codehaus/plexus/plexus-interpolation/1.26/plexus-interpolation-1.26.pom
2026-02-24 13:49:53,613 [Worker-9: 入門コンテンツのインポート] INFO  o.e.m.c.i.e.AbstractTransferListenerAdapter - Downloading https://repo.maven.apache.org/maven2/org/codehaus/plexus/plexus/5.1/plexus-5.1.pom
2026-02-24 13:49:53,645 [Worker-9: 入門コンテンツのインポート] INFO  o.e.m.c.i.e.AbstractTransferListenerAdapter - Downloaded https://repo.maven.apache.org/maven2/org/codehaus/plexus/plexus/5.1/plexus-5.1.pom
2026-02-24 13:49:53,698 [Worker-9: 入門コンテンツのインポート] INFO  o.e.m.c.i.e.AbstractTransferListenerAdapter - Downloading https://repo.maven.apache.org/maven2/commons-io/commons-io/2.13.0/commons-io-2.13.0.pom
2026-02-24 13:49:53,734 [Worker-9: 入門コンテンツのインポート] INFO  o.e.m.c.i.e.AbstractTransferListenerAdapter - Downloaded https://repo.maven.apache.org/maven2/commons-io/commons-io/2.13.0/commons-io-2.13.0.pom
2026-02-24 13:49:53,794 [Worker-9: 入門コンテンツのインポート] INFO  o.e.m.c.i.e.AbstractTransferListenerAdapter - Downloading https://repo.maven.apache.org/maven2/org/apache/commons/commons-parent/58/commons-parent-58.pom
2026-02-24 13:49:53,836 [Worker-9: 入門コンテンツのインポート] INFO  o.e.m.c.i.e.AbstractTransferListenerAdapter - Downloaded https://repo.maven.apache.org/maven2/org/apache/commons/commons-parent/58/commons-parent-58.pom
2026-02-24 13:49:53,890 [Worker-9: 入門コンテンツのインポート] INFO  o.e.m.c.i.e.AbstractTransferListenerAdapter - Downloading https://repo.maven.apache.org/maven2/org/junit/junit-bom/5.9.3/junit-bom-5.9.3.pom
2026-02-24 13:49:53,920 [Worker-9: 入門コンテンツのインポート] INFO  o.e.m.c.i.e.AbstractTransferListenerAdapter - Downloaded https://repo.maven.apache.org/maven2/org/junit/junit-bom/5.9.3/junit-bom-5.9.3.pom
2026-02-24 13:49:53,964 [Worker-9: 入門コンテンツのインポート] INFO  o.e.m.c.i.e.AbstractTransferListenerAdapter - Downloading https://repo.maven.apache.org/maven2/org/codehaus/plexus/plexus-archiver/4.7.1/plexus-archiver-4.7.1.pom
2026-02-24 13:49:53,995 [Worker-9: 入門コンテンツのインポート] INFO  o.e.m.c.i.e.AbstractTransferListenerAdapter - Downloaded https://repo.maven.apache.org/maven2/org/codehaus/plexus/plexus-archiver/4.7.1/plexus-archiver-4.7.1.pom
2026-02-24 13:49:54,036 [Worker-9: 入門コンテンツのインポート] INFO  o.e.m.c.i.e.AbstractTransferListenerAdapter - Downloading https://repo.maven.apache.org/maven2/org/codehaus/plexus/plexus-io/3.4.1/plexus-io-3.4.1.pom
2026-02-24 13:49:54,065 [Worker-9: 入門コンテンツのインポート] INFO  o.e.m.c.i.e.AbstractTransferListenerAdapter - Downloaded https://repo.maven.apache.org/maven2/org/codehaus/plexus/plexus-io/3.4.1/plexus-io-3.4.1.pom
2026-02-24 13:49:54,108 [Worker-9: 入門コンテンツのインポート] INFO  o.e.m.c.i.e.AbstractTransferListenerAdapter - Downloading https://repo.maven.apache.org/maven2/org/apache/commons/commons-compress/1.23.0/commons-compress-1.23.0.pom
2026-02-24 13:49:54,148 [Worker-9: 入門コンテンツのインポート] INFO  o.e.m.c.i.e.AbstractTransferListenerAdapter - Downloaded https://repo.maven.apache.org/maven2/org/apache/commons/commons-compress/1.23.0/commons-compress-1.23.0.pom
2026-02-24 13:49:54,208 [Worker-9: 入門コンテンツのインポート] INFO  o.e.m.c.i.e.AbstractTransferListenerAdapter - Downloading https://repo.maven.apache.org/maven2/org/apache/commons/commons-parent/56/commons-parent-56.pom
2026-02-24 13:49:54,247 [Worker-9: 入門コンテンツのインポート] INFO  o.e.m.c.i.e.AbstractTransferListenerAdapter - Downloaded https://repo.maven.apache.org/maven2/org/apache/commons/commons-parent/56/commons-parent-56.pom
2026-02-24 13:49:54,302 [Worker-9: 入門コンテンツのインポート] INFO  o.e.m.c.i.e.AbstractTransferListenerAdapter - Downloading https://repo.maven.apache.org/maven2/org/junit/junit-bom/5.9.1/junit-bom-5.9.1.pom
2026-02-24 13:49:54,330 [Worker-9: 入門コンテンツのインポート] INFO  o.e.m.c.i.e.AbstractTransferListenerAdapter - Downloaded https://repo.maven.apache.org/maven2/org/junit/junit-bom/5.9.1/junit-bom-5.9.1.pom
2026-02-24 13:49:54,378 [Worker-9: 入門コンテンツのインポート] INFO  o.e.m.c.i.e.AbstractTransferListenerAdapter - Downloading https://repo.maven.apache.org/maven2/com/github/luben/zstd-jni/1.5.5-2/zstd-jni-1.5.5-2.pom
2026-02-24 13:49:54,412 [Worker-9: 入門コンテンツのインポート] INFO  o.e.m.c.i.e.AbstractTransferListenerAdapter - Downloaded https://repo.maven.apache.org/maven2/com/github/luben/zstd-jni/1.5.5-2/zstd-jni-1.5.5-2.pom
2026-02-24 13:49:54,455 [Worker-9: 入門コンテンツのインポート] INFO  o.e.m.c.i.e.AbstractTransferListenerAdapter - Downloading https://repo.maven.apache.org/maven2/org/codehaus/plexus/plexus-utils/3.5.1/plexus-utils-3.5.1.pom
2026-02-24 13:49:54,486 [Worker-9: 入門コンテンツのインポート] INFO  o.e.m.c.i.e.AbstractTransferListenerAdapter - Downloaded https://repo.maven.apache.org/maven2/org/codehaus/plexus/plexus-utils/3.5.1/plexus-utils-3.5.1.pom
2026-02-24 13:49:54,543 [Worker-9: 入門コンテンツのインポート] INFO  o.e.m.c.i.e.AbstractTransferListenerAdapter - Downloading https://repo.maven.apache.org/maven2/org/apache/maven/shared/maven-filtering/3.3.1/maven-filtering-3.3.1.pom
2026-02-24 13:49:54,573 [Worker-9: 入門コンテンツのインポート] INFO  o.e.m.c.i.e.AbstractTransferListenerAdapter - Downloaded https://repo.maven.apache.org/maven2/org/apache/maven/shared/maven-filtering/3.3.1/maven-filtering-3.3.1.pom
2026-02-24 13:49:54,617 [Worker-9: 入門コンテンツのインポート] INFO  o.e.m.c.i.e.AbstractTransferListenerAdapter - Downloading https://repo.maven.apache.org/maven2/org/sonatype/plexus/plexus-build-api/0.0.7/plexus-build-api-0.0.7.pom
2026-02-24 13:49:54,649 [Worker-9: 入門コンテンツのインポート] INFO  o.e.m.c.i.e.AbstractTransferListenerAdapter - Downloaded https://repo.maven.apache.org/maven2/org/sonatype/plexus/plexus-build-api/0.0.7/plexus-build-api-0.0.7.pom
2026-02-24 13:49:54,700 [Worker-9: 入門コンテンツのインポート] INFO  o.e.m.c.i.e.AbstractTransferListenerAdapter - Downloading https://repo.maven.apache.org/maven2/org/sonatype/spice/spice-parent/15/spice-parent-15.pom
2026-02-24 13:49:54,732 [Worker-9: 入門コンテンツのインポート] INFO  o.e.m.c.i.e.AbstractTransferListenerAdapter - Downloaded https://repo.maven.apache.org/maven2/org/sonatype/spice/spice-parent/15/spice-parent-15.pom
2026-02-24 13:49:54,790 [Worker-9: 入門コンテンツのインポート] INFO  o.e.m.c.i.e.AbstractTransferListenerAdapter - Downloading https://repo.maven.apache.org/maven2/org/sonatype/forge/forge-parent/5/forge-parent-5.pom
2026-02-24 13:49:54,822 [Worker-9: 入門コンテンツのインポート] INFO  o.e.m.c.i.e.AbstractTransferListenerAdapter - Downloaded https://repo.maven.apache.org/maven2/org/sonatype/forge/forge-parent/5/forge-parent-5.pom
2026-02-24 13:49:54,877 [Worker-9: 入門コンテンツのインポート] INFO  o.e.m.c.i.e.AbstractTransferListenerAdapter - Downloading https://repo.maven.apache.org/maven2/org/apache/maven/shared/maven-mapping/3.0.0/maven-mapping-3.0.0.pom
2026-02-24 13:49:54,908 [Worker-9: 入門コンテンツのインポート] INFO  o.e.m.c.i.e.AbstractTransferListenerAdapter - Downloaded https://repo.maven.apache.org/maven2/org/apache/maven/shared/maven-mapping/3.0.0/maven-mapping-3.0.0.pom
2026-02-24 13:49:54,946 [Worker-9: 入門コンテンツのインポート] INFO  o.e.m.c.i.e.AbstractTransferListenerAdapter - Downloading https://repo.maven.apache.org/maven2/org/apache/maven/shared/maven-shared-components/22/maven-shared-components-22.pom
2026-02-24 13:49:54,979 [Worker-9: 入門コンテンツのインポート] INFO  o.e.m.c.i.e.AbstractTransferListenerAdapter - Downloaded https://repo.maven.apache.org/maven2/org/apache/maven/shared/maven-shared-components/22/maven-shared-components-22.pom
2026-02-24 13:49:55,025 [Worker-9: 入門コンテンツのインポート] INFO  o.e.m.c.i.e.AbstractTransferListenerAdapter - Downloading https://repo.maven.apache.org/maven2/org/apache/maven/maven-parent/27/maven-parent-27.pom
2026-02-24 13:49:55,060 [Worker-9: 入門コンテンツのインポート] INFO  o.e.m.c.i.e.AbstractTransferListenerAdapter - Downloaded https://repo.maven.apache.org/maven2/org/apache/maven/maven-parent/27/maven-parent-27.pom
2026-02-24 13:49:55,116 [Worker-9: 入門コンテンツのインポート] INFO  o.e.m.c.i.e.AbstractTransferListenerAdapter - Downloading https://repo.maven.apache.org/maven2/org/apache/apache/17/apache-17.pom
2026-02-24 13:49:55,151 [Worker-9: 入門コンテンツのインポート] INFO  o.e.m.c.i.e.AbstractTransferListenerAdapter - Downloaded https://repo.maven.apache.org/maven2/org/apache/apache/17/apache-17.pom
2026-02-24 13:49:55,209 [Worker-9: 入門コンテンツのインポート] INFO  o.e.m.c.i.e.AbstractTransferListenerAdapter - Downloading https://repo.maven.apache.org/maven2/org/apache/maven/maven-core/3.0/maven-core-3.0.pom
2026-02-24 13:49:55,240 [Worker-9: 入門コンテンツのインポート] INFO  o.e.m.c.i.e.AbstractTransferListenerAdapter - Downloaded https://repo.maven.apache.org/maven2/org/apache/maven/maven-core/3.0/maven-core-3.0.pom
2026-02-24 13:49:55,290 [Worker-9: 入門コンテンツのインポート] INFO  o.e.m.c.i.e.AbstractTransferListenerAdapter - Downloading https://repo.maven.apache.org/maven2/org/apache/maven/maven/3.0/maven-3.0.pom
2026-02-24 13:49:55,325 [Worker-9: 入門コンテンツのインポート] INFO  o.e.m.c.i.e.AbstractTransferListenerAdapter - Downloaded https://repo.maven.apache.org/maven2/org/apache/maven/maven/3.0/maven-3.0.pom
2026-02-24 13:49:55,383 [Worker-9: 入門コンテンツのインポート] INFO  o.e.m.c.i.e.AbstractTransferListenerAdapter - Downloading https://repo.maven.apache.org/maven2/org/apache/maven/maven-parent/15/maven-parent-15.pom
2026-02-24 13:49:55,421 [Worker-9: 入門コンテンツのインポート] INFO  o.e.m.c.i.e.AbstractTransferListenerAdapter - Downloaded https://repo.maven.apache.org/maven2/org/apache/maven/maven-parent/15/maven-parent-15.pom
2026-02-24 13:49:55,484 [Worker-9: 入門コンテンツのインポート] INFO  o.e.m.c.i.e.AbstractTransferListenerAdapter - Downloading https://repo.maven.apache.org/maven2/org/apache/apache/6/apache-6.pom
2026-02-24 13:49:55,520 [Worker-9: 入門コンテンツのインポート] INFO  o.e.m.c.i.e.AbstractTransferListenerAdapter - Downloaded https://repo.maven.apache.org/maven2/org/apache/apache/6/apache-6.pom
2026-02-24 13:49:55,573 [Worker-9: 入門コンテンツのインポート] INFO  o.e.m.c.i.e.AbstractTransferListenerAdapter - Downloading https://repo.maven.apache.org/maven2/org/apache/maven/maven-model/3.0/maven-model-3.0.pom
2026-02-24 13:49:55,605 [Worker-9: 入門コンテンツのインポート] INFO  o.e.m.c.i.e.AbstractTransferListenerAdapter - Downloaded https://repo.maven.apache.org/maven2/org/apache/maven/maven-model/3.0/maven-model-3.0.pom
2026-02-24 13:49:55,650 [Worker-9: 入門コンテンツのインポート] INFO  o.e.m.c.i.e.AbstractTransferListenerAdapter - Downloading https://repo.maven.apache.org/maven2/org/apache/maven/maven-settings/3.2.5/maven-settings-3.2.5.pom
2026-02-24 13:49:55,680 [Worker-9: 入門コンテンツのインポート] INFO  o.e.m.c.i.e.AbstractTransferListenerAdapter - Downloaded https://repo.maven.apache.org/maven2/org/apache/maven/maven-settings/3.2.5/maven-settings-3.2.5.pom
2026-02-24 13:49:55,726 [Worker-9: 入門コンテンツのインポート] INFO  o.e.m.c.i.e.AbstractTransferListenerAdapter - Downloading https://repo.maven.apache.org/maven2/org/apache/maven/maven/3.2.5/maven-3.2.5.pom
2026-02-24 13:49:55,760 [Worker-9: 入門コンテンツのインポート] INFO  o.e.m.c.i.e.AbstractTransferListenerAdapter - Downloaded https://repo.maven.apache.org/maven2/org/apache/maven/maven/3.2.5/maven-3.2.5.pom
2026-02-24 13:49:55,815 [Worker-9: 入門コンテンツのインポート] INFO  o.e.m.c.i.e.AbstractTransferListenerAdapter - Downloading https://repo.maven.apache.org/maven2/org/apache/maven/maven-parent/25/maven-parent-25.pom
2026-02-24 13:49:55,852 [Worker-9: 入門コンテンツのインポート] INFO  o.e.m.c.i.e.AbstractTransferListenerAdapter - Downloaded https://repo.maven.apache.org/maven2/org/apache/maven/maven-parent/25/maven-parent-25.pom
2026-02-24 13:49:55,905 [Worker-9: 入門コンテンツのインポート] INFO  o.e.m.c.i.e.AbstractTransferListenerAdapter - Downloading https://repo.maven.apache.org/maven2/org/apache/apache/15/apache-15.pom
2026-02-24 13:49:55,940 [Worker-9: 入門コンテンツのインポート] INFO  o.e.m.c.i.e.AbstractTransferListenerAdapter - Downloaded https://repo.maven.apache.org/maven2/org/apache/apache/15/apache-15.pom
2026-02-24 13:49:56,005 [Worker-9: 入門コンテンツのインポート] INFO  o.e.m.c.i.e.AbstractTransferListenerAdapter - Downloading https://repo.maven.apache.org/maven2/org/apache/maven/maven-settings-builder/3.0/maven-settings-builder-3.0.pom
2026-02-24 13:49:56,038 [Worker-9: 入門コンテンツのインポート] INFO  o.e.m.c.i.e.AbstractTransferListenerAdapter - Downloaded https://repo.maven.apache.org/maven2/org/apache/maven/maven-settings-builder/3.0/maven-settings-builder-3.0.pom
2026-02-24 13:49:56,083 [Worker-9: 入門コンテンツのインポート] INFO  o.e.m.c.i.e.AbstractTransferListenerAdapter - Downloading https://repo.maven.apache.org/maven2/org/codehaus/plexus/plexus-interpolation/1.14/plexus-interpolation-1.14.pom
2026-02-24 13:49:56,112 [Worker-9: 入門コンテンツのインポート] INFO  o.e.m.c.i.e.AbstractTransferListenerAdapter - Downloaded https://repo.maven.apache.org/maven2/org/codehaus/plexus/plexus-interpolation/1.14/plexus-interpolation-1.14.pom
2026-02-24 13:49:56,157 [Worker-9: 入門コンテンツのインポート] INFO  o.e.m.c.i.e.AbstractTransferListenerAdapter - Downloading https://repo.maven.apache.org/maven2/org/codehaus/plexus/plexus-components/1.1.18/plexus-components-1.1.18.pom
2026-02-24 13:49:56,189 [Worker-9: 入門コンテンツのインポート] INFO  o.e.m.c.i.e.AbstractTransferListenerAdapter - Downloaded https://repo.maven.apache.org/maven2/org/codehaus/plexus/plexus-components/1.1.18/plexus-components-1.1.18.pom
2026-02-24 13:49:56,229 [Worker-9: 入門コンテンツのインポート] INFO  o.e.m.c.i.e.AbstractTransferListenerAdapter - Downloading https://repo.maven.apache.org/maven2/org/codehaus/plexus/plexus/2.0.7/plexus-2.0.7.pom
2026-02-24 13:49:56,301 [Worker-9: 入門コンテンツのインポート] INFO  o.e.m.c.i.e.AbstractTransferListenerAdapter - Downloaded https://repo.maven.apache.org/maven2/org/codehaus/plexus/plexus/2.0.7/plexus-2.0.7.pom
2026-02-24 13:49:56,361 [Worker-9: 入門コンテンツのインポート] INFO  o.e.m.c.i.e.AbstractTransferListenerAdapter - Downloading https://repo.maven.apache.org/maven2/org/codehaus/plexus/plexus-component-annotations/1.5.5/plexus-component-annotations-1.5.5.pom
2026-02-24 13:49:56,389 [Worker-9: 入門コンテンツのインポート] INFO  o.e.m.c.i.e.AbstractTransferListenerAdapter - Downloaded https://repo.maven.apache.org/maven2/org/codehaus/plexus/plexus-component-annotations/1.5.5/plexus-component-annotations-1.5.5.pom
2026-02-24 13:49:56,436 [Worker-9: 入門コンテンツのインポート] INFO  o.e.m.c.i.e.AbstractTransferListenerAdapter - Downloading https://repo.maven.apache.org/maven2/org/codehaus/plexus/plexus-containers/1.5.5/plexus-containers-1.5.5.pom
2026-02-24 13:49:56,468 [Worker-9: 入門コンテンツのインポート] INFO  o.e.m.c.i.e.AbstractTransferListenerAdapter - Downloaded https://repo.maven.apache.org/maven2/org/codehaus/plexus/plexus-containers/1.5.5/plexus-containers-1.5.5.pom
2026-02-24 13:49:56,512 [Worker-9: 入門コンテンツのインポート] INFO  o.e.m.c.i.e.AbstractTransferListenerAdapter - Downloading https://repo.maven.apache.org/maven2/org/sonatype/plexus/plexus-sec-dispatcher/1.3/plexus-sec-dispatcher-1.3.pom
2026-02-24 13:49:56,544 [Worker-9: 入門コンテンツのインポート] INFO  o.e.m.c.i.e.AbstractTransferListenerAdapter - Downloaded https://repo.maven.apache.org/maven2/org/sonatype/plexus/plexus-sec-dispatcher/1.3/plexus-sec-dispatcher-1.3.pom
2026-02-24 13:49:56,587 [Worker-9: 入門コンテンツのインポート] INFO  o.e.m.c.i.e.AbstractTransferListenerAdapter - Downloading https://repo.maven.apache.org/maven2/org/sonatype/spice/spice-parent/12/spice-parent-12.pom
2026-02-24 13:49:56,618 [Worker-9: 入門コンテンツのインポート] INFO  o.e.m.c.i.e.AbstractTransferListenerAdapter - Downloaded https://repo.maven.apache.org/maven2/org/sonatype/spice/spice-parent/12/spice-parent-12.pom
2026-02-24 13:49:56,657 [Worker-9: 入門コンテンツのインポート] INFO  o.e.m.c.i.e.AbstractTransferListenerAdapter - Downloading https://repo.maven.apache.org/maven2/org/sonatype/forge/forge-parent/4/forge-parent-4.pom
2026-02-24 13:49:56,689 [Worker-9: 入門コンテンツのインポート] INFO  o.e.m.c.i.e.AbstractTransferListenerAdapter - Downloaded https://repo.maven.apache.org/maven2/org/sonatype/forge/forge-parent/4/forge-parent-4.pom
2026-02-24 13:49:56,745 [Worker-9: 入門コンテンツのインポート] INFO  o.e.m.c.i.e.AbstractTransferListenerAdapter - Downloading https://repo.maven.apache.org/maven2/org/sonatype/plexus/plexus-cipher/1.4/plexus-cipher-1.4.pom
2026-02-24 13:49:56,774 [Worker-9: 入門コンテンツのインポート] INFO  o.e.m.c.i.e.AbstractTransferListenerAdapter - Downloaded https://repo.maven.apache.org/maven2/org/sonatype/plexus/plexus-cipher/1.4/plexus-cipher-1.4.pom
2026-02-24 13:49:56,818 [Worker-9: 入門コンテンツのインポート] INFO  o.e.m.c.i.e.AbstractTransferListenerAdapter - Downloading https://repo.maven.apache.org/maven2/org/apache/maven/maven-repository-metadata/3.0/maven-repository-metadata-3.0.pom
2026-02-24 13:49:56,846 [Worker-9: 入門コンテンツのインポート] INFO  o.e.m.c.i.e.AbstractTransferListenerAdapter - Downloaded https://repo.maven.apache.org/maven2/org/apache/maven/maven-repository-metadata/3.0/maven-repository-metadata-3.0.pom
2026-02-24 13:49:56,890 [Worker-9: 入門コンテンツのインポート] INFO  o.e.m.c.i.e.AbstractTransferListenerAdapter - Downloading https://repo.maven.apache.org/maven2/org/apache/maven/maven-artifact/3.0/maven-artifact-3.0.pom
2026-02-24 13:49:56,924 [Worker-9: 入門コンテンツのインポート] INFO  o.e.m.c.i.e.AbstractTransferListenerAdapter - Downloaded https://repo.maven.apache.org/maven2/org/apache/maven/maven-artifact/3.0/maven-artifact-3.0.pom
2026-02-24 13:49:56,969 [Worker-9: 入門コンテンツのインポート] INFO  o.e.m.c.i.e.AbstractTransferListenerAdapter - Downloading https://repo.maven.apache.org/maven2/org/apache/maven/maven-plugin-api/3.0/maven-plugin-api-3.0.pom
2026-02-24 13:49:56,999 [Worker-9: 入門コンテンツのインポート] INFO  o.e.m.c.i.e.AbstractTransferListenerAdapter - Downloaded https://repo.maven.apache.org/maven2/org/apache/maven/maven-plugin-api/3.0/maven-plugin-api-3.0.pom
2026-02-24 13:49:57,050 [Worker-9: 入門コンテンツのインポート] INFO  o.e.m.c.i.e.AbstractTransferListenerAdapter - Downloading https://repo.maven.apache.org/maven2/org/sonatype/sisu/sisu-inject-plexus/1.4.2/sisu-inject-plexus-1.4.2.pom
2026-02-24 13:49:57,079 [Worker-9: 入門コンテンツのインポート] INFO  o.e.m.c.i.e.AbstractTransferListenerAdapter - Downloaded https://repo.maven.apache.org/maven2/org/sonatype/sisu/sisu-inject-plexus/1.4.2/sisu-inject-plexus-1.4.2.pom
2026-02-24 13:49:57,129 [Worker-9: 入門コンテンツのインポート] INFO  o.e.m.c.i.e.AbstractTransferListenerAdapter - Downloading https://repo.maven.apache.org/maven2/org/sonatype/sisu/inject/guice-plexus/1.4.2/guice-plexus-1.4.2.pom
2026-02-24 13:49:57,161 [Worker-9: 入門コンテンツのインポート] INFO  o.e.m.c.i.e.AbstractTransferListenerAdapter - Downloaded https://repo.maven.apache.org/maven2/org/sonatype/sisu/inject/guice-plexus/1.4.2/guice-plexus-1.4.2.pom
2026-02-24 13:49:57,209 [Worker-9: 入門コンテンツのインポート] INFO  o.e.m.c.i.e.AbstractTransferListenerAdapter - Downloading https://repo.maven.apache.org/maven2/org/sonatype/sisu/inject/guice-bean/1.4.2/guice-bean-1.4.2.pom
2026-02-24 13:49:57,243 [Worker-9: 入門コンテンツのインポート] INFO  o.e.m.c.i.e.AbstractTransferListenerAdapter - Downloaded https://repo.maven.apache.org/maven2/org/sonatype/sisu/inject/guice-bean/1.4.2/guice-bean-1.4.2.pom
2026-02-24 13:49:57,284 [Worker-9: 入門コンテンツのインポート] INFO  o.e.m.c.i.e.AbstractTransferListenerAdapter - Downloading https://repo.maven.apache.org/maven2/org/sonatype/sisu/sisu-inject/1.4.2/sisu-inject-1.4.2.pom
2026-02-24 13:49:57,313 [Worker-9: 入門コンテンツのインポート] INFO  o.e.m.c.i.e.AbstractTransferListenerAdapter - Downloaded https://repo.maven.apache.org/maven2/org/sonatype/sisu/sisu-inject/1.4.2/sisu-inject-1.4.2.pom
2026-02-24 13:49:57,357 [Worker-9: 入門コンテンツのインポート] INFO  o.e.m.c.i.e.AbstractTransferListenerAdapter - Downloading https://repo.maven.apache.org/maven2/org/sonatype/sisu/sisu-parent/1.4.2/sisu-parent-1.4.2.pom
2026-02-24 13:49:57,386 [Worker-9: 入門コンテンツのインポート] INFO  o.e.m.c.i.e.AbstractTransferListenerAdapter - Downloaded https://repo.maven.apache.org/maven2/org/sonatype/sisu/sisu-parent/1.4.2/sisu-parent-1.4.2.pom
2026-02-24 13:49:57,425 [Worker-9: 入門コンテンツのインポート] INFO  o.e.m.c.i.e.AbstractTransferListenerAdapter - Downloading https://repo.maven.apache.org/maven2/org/sonatype/forge/forge-parent/6/forge-parent-6.pom
2026-02-24 13:49:57,457 [Worker-9: 入門コンテンツのインポート] INFO  o.e.m.c.i.e.AbstractTransferListenerAdapter - Downloaded https://repo.maven.apache.org/maven2/org/sonatype/forge/forge-parent/6/forge-parent-6.pom
2026-02-24 13:49:57,513 [Worker-9: 入門コンテンツのインポート] INFO  o.e.m.c.i.e.AbstractTransferListenerAdapter - Downloading https://repo.maven.apache.org/maven2/org/codehaus/plexus/plexus-component-annotations/1.5.4/plexus-component-annotations-1.5.4.pom
2026-02-24 13:49:57,546 [Worker-9: 入門コンテンツのインポート] INFO  o.e.m.c.i.e.AbstractTransferListenerAdapter - Downloaded https://repo.maven.apache.org/maven2/org/codehaus/plexus/plexus-component-annotations/1.5.4/plexus-component-annotations-1.5.4.pom
2026-02-24 13:49:57,590 [Worker-9: 入門コンテンツのインポート] INFO  o.e.m.c.i.e.AbstractTransferListenerAdapter - Downloading https://repo.maven.apache.org/maven2/org/codehaus/plexus/plexus-containers/1.5.4/plexus-containers-1.5.4.pom
2026-02-24 13:49:57,619 [Worker-9: 入門コンテンツのインポート] INFO  o.e.m.c.i.e.AbstractTransferListenerAdapter - Downloaded https://repo.maven.apache.org/maven2/org/codehaus/plexus/plexus-containers/1.5.4/plexus-containers-1.5.4.pom
2026-02-24 13:49:57,661 [Worker-9: 入門コンテンツのインポート] INFO  o.e.m.c.i.e.AbstractTransferListenerAdapter - Downloading https://repo.maven.apache.org/maven2/org/codehaus/plexus/plexus/2.0.5/plexus-2.0.5.pom
2026-02-24 13:49:57,696 [Worker-9: 入門コンテンツのインポート] INFO  o.e.m.c.i.e.AbstractTransferListenerAdapter - Downloaded https://repo.maven.apache.org/maven2/org/codehaus/plexus/plexus/2.0.5/plexus-2.0.5.pom
2026-02-24 13:49:57,752 [Worker-9: 入門コンテンツのインポート] INFO  o.e.m.c.i.e.AbstractTransferListenerAdapter - Downloading https://repo.maven.apache.org/maven2/org/codehaus/plexus/plexus-classworlds/2.2.3/plexus-classworlds-2.2.3.pom
2026-02-24 13:49:57,784 [Worker-9: 入門コンテンツのインポート] INFO  o.e.m.c.i.e.AbstractTransferListenerAdapter - Downloaded https://repo.maven.apache.org/maven2/org/codehaus/plexus/plexus-classworlds/2.2.3/plexus-classworlds-2.2.3.pom
2026-02-24 13:49:57,824 [Worker-9: 入門コンテンツのインポート] INFO  o.e.m.c.i.e.AbstractTransferListenerAdapter - Downloading https://repo.maven.apache.org/maven2/org/codehaus/plexus/plexus/2.0.6/plexus-2.0.6.pom
2026-02-24 13:49:57,858 [Worker-9: 入門コンテンツのインポート] INFO  o.e.m.c.i.e.AbstractTransferListenerAdapter - Downloaded https://repo.maven.apache.org/maven2/org/codehaus/plexus/plexus/2.0.6/plexus-2.0.6.pom
2026-02-24 13:49:57,912 [Worker-9: 入門コンテンツのインポート] INFO  o.e.m.c.i.e.AbstractTransferListenerAdapter - Downloading https://repo.maven.apache.org/maven2/org/sonatype/sisu/sisu-inject-bean/1.4.2/sisu-inject-bean-1.4.2.pom
2026-02-24 13:49:57,940 [Worker-9: 入門コンテンツのインポート] INFO  o.e.m.c.i.e.AbstractTransferListenerAdapter - Downloaded https://repo.maven.apache.org/maven2/org/sonatype/sisu/sisu-inject-bean/1.4.2/sisu-inject-bean-1.4.2.pom
2026-02-24 13:49:57,992 [Worker-9: 入門コンテンツのインポート] INFO  o.e.m.c.i.e.AbstractTransferListenerAdapter - Downloading https://repo.maven.apache.org/maven2/org/sonatype/sisu/sisu-guice/2.1.7/sisu-guice-2.1.7.pom
2026-02-24 13:49:58,026 [Worker-9: 入門コンテンツのインポート] INFO  o.e.m.c.i.e.AbstractTransferListenerAdapter - Downloaded https://repo.maven.apache.org/maven2/org/sonatype/sisu/sisu-guice/2.1.7/sisu-guice-2.1.7.pom
2026-02-24 13:49:58,084 [Worker-9: 入門コンテンツのインポート] INFO  o.e.m.c.i.e.AbstractTransferListenerAdapter - Downloading https://repo.maven.apache.org/maven2/org/apache/maven/maven-model-builder/3.0/maven-model-builder-3.0.pom
2026-02-24 13:49:58,116 [Worker-9: 入門コンテンツのインポート] INFO  o.e.m.c.i.e.AbstractTransferListenerAdapter - Downloaded https://repo.maven.apache.org/maven2/org/apache/maven/maven-model-builder/3.0/maven-model-builder-3.0.pom
2026-02-24 13:49:58,159 [Worker-9: 入門コンテンツのインポート] INFO  o.e.m.c.i.e.AbstractTransferListenerAdapter - Downloading https://repo.maven.apache.org/maven2/org/apache/maven/maven-aether-provider/3.0/maven-aether-provider-3.0.pom
2026-02-24 13:49:58,193 [Worker-9: 入門コンテンツのインポート] INFO  o.e.m.c.i.e.AbstractTransferListenerAdapter - Downloaded https://repo.maven.apache.org/maven2/org/apache/maven/maven-aether-provider/3.0/maven-aether-provider-3.0.pom
2026-02-24 13:49:58,238 [Worker-9: 入門コンテンツのインポート] INFO  o.e.m.c.i.e.AbstractTransferListenerAdapter - Downloading https://repo.maven.apache.org/maven2/org/sonatype/aether/aether-api/1.7/aether-api-1.7.pom
2026-02-24 13:49:58,274 [Worker-9: 入門コンテンツのインポート] INFO  o.e.m.c.i.e.AbstractTransferListenerAdapter - Downloaded https://repo.maven.apache.org/maven2/org/sonatype/aether/aether-api/1.7/aether-api-1.7.pom
2026-02-24 13:49:58,318 [Worker-9: 入門コンテンツのインポート] INFO  o.e.m.c.i.e.AbstractTransferListenerAdapter - Downloading https://repo.maven.apache.org/maven2/org/sonatype/aether/aether-parent/1.7/aether-parent-1.7.pom
2026-02-24 13:49:58,350 [Worker-9: 入門コンテンツのインポート] INFO  o.e.m.c.i.e.AbstractTransferListenerAdapter - Downloaded https://repo.maven.apache.org/maven2/org/sonatype/aether/aether-parent/1.7/aether-parent-1.7.pom
2026-02-24 13:49:58,394 [Worker-9: 入門コンテンツのインポート] INFO  o.e.m.c.i.e.AbstractTransferListenerAdapter - Downloading https://repo.maven.apache.org/maven2/org/sonatype/aether/aether-util/1.7/aether-util-1.7.pom
2026-02-24 13:49:58,424 [Worker-9: 入門コンテンツのインポート] INFO  o.e.m.c.i.e.AbstractTransferListenerAdapter - Downloaded https://repo.maven.apache.org/maven2/org/sonatype/aether/aether-util/1.7/aether-util-1.7.pom
2026-02-24 13:49:58,473 [Worker-9: 入門コンテンツのインポート] INFO  o.e.m.c.i.e.AbstractTransferListenerAdapter - Downloading https://repo.maven.apache.org/maven2/org/sonatype/aether/aether-impl/1.7/aether-impl-1.7.pom
2026-02-24 13:49:58,503 [Worker-9: 入門コンテンツのインポート] INFO  o.e.m.c.i.e.AbstractTransferListenerAdapter - Downloaded https://repo.maven.apache.org/maven2/org/sonatype/aether/aether-impl/1.7/aether-impl-1.7.pom
2026-02-24 13:49:58,549 [Worker-9: 入門コンテンツのインポート] INFO  o.e.m.c.i.e.AbstractTransferListenerAdapter - Downloading https://repo.maven.apache.org/maven2/org/sonatype/aether/aether-spi/1.7/aether-spi-1.7.pom
2026-02-24 13:49:58,577 [Worker-9: 入門コンテンツのインポート] INFO  o.e.m.c.i.e.AbstractTransferListenerAdapter - Downloaded https://repo.maven.apache.org/maven2/org/sonatype/aether/aether-spi/1.7/aether-spi-1.7.pom
2026-02-24 13:49:58,618 [Worker-9: 入門コンテンツのインポート] INFO  o.e.m.c.i.e.AbstractTransferListenerAdapter - Downloading https://repo.maven.apache.org/maven2/org/codehaus/plexus/plexus-interpolation/1.21/plexus-interpolation-1.21.pom
2026-02-24 13:49:58,645 [Worker-9: 入門コンテンツのインポート] INFO  o.e.m.c.i.e.AbstractTransferListenerAdapter - Downloaded https://repo.maven.apache.org/maven2/org/codehaus/plexus/plexus-interpolation/1.21/plexus-interpolation-1.21.pom
2026-02-24 13:49:58,684 [Worker-9: 入門コンテンツのインポート] INFO  o.e.m.c.i.e.AbstractTransferListenerAdapter - Downloading https://repo.maven.apache.org/maven2/org/codehaus/plexus/plexus-components/1.3.1/plexus-components-1.3.1.pom
2026-02-24 13:49:58,713 [Worker-9: 入門コンテンツのインポート] INFO  o.e.m.c.i.e.AbstractTransferListenerAdapter - Downloaded https://repo.maven.apache.org/maven2/org/codehaus/plexus/plexus-components/1.3.1/plexus-components-1.3.1.pom
2026-02-24 13:49:58,755 [Worker-9: 入門コンテンツのインポート] INFO  o.e.m.c.i.e.AbstractTransferListenerAdapter - Downloading https://repo.maven.apache.org/maven2/org/codehaus/plexus/plexus/3.3.1/plexus-3.3.1.pom
2026-02-24 13:49:58,787 [Worker-9: 入門コンテンツのインポート] INFO  o.e.m.c.i.e.AbstractTransferListenerAdapter - Downloaded https://repo.maven.apache.org/maven2/org/codehaus/plexus/plexus/3.3.1/plexus-3.3.1.pom
2026-02-24 13:49:58,839 [Worker-9: 入門コンテンツのインポート] INFO  o.e.m.c.i.e.AbstractTransferListenerAdapter - Downloading https://repo.maven.apache.org/maven2/org/sonatype/spice/spice-parent/17/spice-parent-17.pom
2026-02-24 13:49:58,870 [Worker-9: 入門コンテンツのインポート] INFO  o.e.m.c.i.e.AbstractTransferListenerAdapter - Downloaded https://repo.maven.apache.org/maven2/org/sonatype/spice/spice-parent/17/spice-parent-17.pom
2026-02-24 13:49:58,909 [Worker-9: 入門コンテンツのインポート] INFO  o.e.m.c.i.e.AbstractTransferListenerAdapter - Downloading https://repo.maven.apache.org/maven2/org/sonatype/forge/forge-parent/10/forge-parent-10.pom
2026-02-24 13:49:58,944 [Worker-9: 入門コンテンツのインポート] INFO  o.e.m.c.i.e.AbstractTransferListenerAdapter - Downloaded https://repo.maven.apache.org/maven2/org/sonatype/forge/forge-parent/10/forge-parent-10.pom
2026-02-24 13:49:59,011 [Worker-9: 入門コンテンツのインポート] INFO  o.e.m.c.i.e.AbstractTransferListenerAdapter - Downloading https://repo.maven.apache.org/maven2/org/apache/maven/maven-archiver/3.6.0/maven-archiver-3.6.0.jar
2026-02-24 13:49:59,258 [Worker-9: 入門コンテンツのインポート] INFO  o.e.m.c.i.e.AbstractTransferListenerAdapter - Downloaded https://repo.maven.apache.org/maven2/org/apache/maven/maven-archiver/3.6.0/maven-archiver-3.6.0.jar
2026-02-24 13:49:59,293 [BasicRepositoryConnector-repo.maven.apache.org-2-0] INFO  o.e.m.c.i.e.AbstractTransferListenerAdapter - Downloading https://repo.maven.apache.org/maven2/org/codehaus/plexus/plexus-io/3.4.0/plexus-io-3.4.0.jar
2026-02-24 13:49:59,296 [BasicRepositoryConnector-repo.maven.apache.org-2-1] INFO  o.e.m.c.i.e.AbstractTransferListenerAdapter - Downloading https://repo.maven.apache.org/maven2/commons-io/commons-io/2.13.0/commons-io-2.13.0.jar
2026-02-24 13:49:59,306 [BasicRepositoryConnector-repo.maven.apache.org-2-3] INFO  o.e.m.c.i.e.AbstractTransferListenerAdapter - Downloading https://repo.maven.apache.org/maven2/org/apache/commons/commons-compress/1.23.0/commons-compress-1.23.0.jar
2026-02-24 13:49:59,310 [BasicRepositoryConnector-repo.maven.apache.org-2-2] INFO  o.e.m.c.i.e.AbstractTransferListenerAdapter - Downloading https://repo.maven.apache.org/maven2/org/codehaus/plexus/plexus-archiver/4.7.1/plexus-archiver-4.7.1.jar
2026-02-24 13:49:59,312 [BasicRepositoryConnector-repo.maven.apache.org-2-4] INFO  o.e.m.c.i.e.AbstractTransferListenerAdapter - Downloading https://repo.maven.apache.org/maven2/org/iq80/snappy/snappy/0.4/snappy-0.4.jar
2026-02-24 13:49:59,360 [BasicRepositoryConnector-repo.maven.apache.org-2-0] INFO  o.e.m.c.i.e.AbstractTransferListenerAdapter - Downloaded https://repo.maven.apache.org/maven2/org/codehaus/plexus/plexus-io/3.4.0/plexus-io-3.4.0.jar
2026-02-24 13:49:59,388 [BasicRepositoryConnector-repo.maven.apache.org-2-4] INFO  o.e.m.c.i.e.AbstractTransferListenerAdapter - Downloaded https://repo.maven.apache.org/maven2/org/iq80/snappy/snappy/0.4/snappy-0.4.jar
2026-02-24 13:49:59,389 [BasicRepositoryConnector-repo.maven.apache.org-2-2] INFO  o.e.m.c.i.e.AbstractTransferListenerAdapter - Downloaded https://repo.maven.apache.org/maven2/org/codehaus/plexus/plexus-archiver/4.7.1/plexus-archiver-4.7.1.jar
2026-02-24 13:49:59,396 [BasicRepositoryConnector-repo.maven.apache.org-2-1] INFO  o.e.m.c.i.e.AbstractTransferListenerAdapter - Downloaded https://repo.maven.apache.org/maven2/commons-io/commons-io/2.13.0/commons-io-2.13.0.jar
2026-02-24 13:49:59,398 [BasicRepositoryConnector-repo.maven.apache.org-2-0] INFO  o.e.m.c.i.e.AbstractTransferListenerAdapter - Downloading https://repo.maven.apache.org/maven2/org/tukaani/xz/1.9/xz-1.9.jar
2026-02-24 13:49:59,423 [BasicRepositoryConnector-repo.maven.apache.org-2-4] INFO  o.e.m.c.i.e.AbstractTransferListenerAdapter - Downloading https://repo.maven.apache.org/maven2/com/github/luben/zstd-jni/1.5.5-2/zstd-jni-1.5.5-2.jar
2026-02-24 13:49:59,441 [BasicRepositoryConnector-repo.maven.apache.org-2-1] INFO  o.e.m.c.i.e.AbstractTransferListenerAdapter - Downloading https://repo.maven.apache.org/maven2/org/codehaus/plexus/plexus-utils/3.5.1/plexus-utils-3.5.1.jar
2026-02-24 13:49:59,453 [BasicRepositoryConnector-repo.maven.apache.org-2-2] INFO  o.e.m.c.i.e.AbstractTransferListenerAdapter - Downloading https://repo.maven.apache.org/maven2/org/codehaus/plexus/plexus-interpolation/1.26/plexus-interpolation-1.26.jar
2026-02-24 13:49:59,465 [BasicRepositoryConnector-repo.maven.apache.org-2-3] INFO  o.e.m.c.i.e.AbstractTransferListenerAdapter - Downloaded https://repo.maven.apache.org/maven2/org/apache/commons/commons-compress/1.23.0/commons-compress-1.23.0.jar
2026-02-24 13:49:59,470 [BasicRepositoryConnector-repo.maven.apache.org-2-0] INFO  o.e.m.c.i.e.AbstractTransferListenerAdapter - Downloaded https://repo.maven.apache.org/maven2/org/tukaani/xz/1.9/xz-1.9.jar
2026-02-24 13:49:59,503 [BasicRepositoryConnector-repo.maven.apache.org-2-2] INFO  o.e.m.c.i.e.AbstractTransferListenerAdapter - Downloaded https://repo.maven.apache.org/maven2/org/codehaus/plexus/plexus-interpolation/1.26/plexus-interpolation-1.26.jar
2026-02-24 13:49:59,550 [BasicRepositoryConnector-repo.maven.apache.org-2-3] INFO  o.e.m.c.i.e.AbstractTransferListenerAdapter - Downloading https://repo.maven.apache.org/maven2/org/apache/maven/shared/maven-filtering/3.3.1/maven-filtering-3.3.1.jar
2026-02-24 13:49:59,551 [BasicRepositoryConnector-repo.maven.apache.org-2-0] INFO  o.e.m.c.i.e.AbstractTransferListenerAdapter - Downloading https://repo.maven.apache.org/maven2/org/sonatype/plexus/plexus-build-api/0.0.7/plexus-build-api-0.0.7.jar
2026-02-24 13:49:59,551 [BasicRepositoryConnector-repo.maven.apache.org-2-2] INFO  o.e.m.c.i.e.AbstractTransferListenerAdapter - Downloading https://repo.maven.apache.org/maven2/org/apache/maven/shared/maven-mapping/3.0.0/maven-mapping-3.0.0.jar
2026-02-24 13:49:59,572 [BasicRepositoryConnector-repo.maven.apache.org-2-1] INFO  o.e.m.c.i.e.AbstractTransferListenerAdapter - Downloaded https://repo.maven.apache.org/maven2/org/codehaus/plexus/plexus-utils/3.5.1/plexus-utils-3.5.1.jar
2026-02-24 13:49:59,608 [BasicRepositoryConnector-repo.maven.apache.org-2-1] INFO  o.e.m.c.i.e.AbstractTransferListenerAdapter - Downloading https://repo.maven.apache.org/maven2/org/apache/maven/maven-core/3.0/maven-core-3.0.jar
2026-02-24 13:49:59,611 [BasicRepositoryConnector-repo.maven.apache.org-2-3] INFO  o.e.m.c.i.e.AbstractTransferListenerAdapter - Downloaded https://repo.maven.apache.org/maven2/org/apache/maven/shared/maven-filtering/3.3.1/maven-filtering-3.3.1.jar
2026-02-24 13:49:59,649 [BasicRepositoryConnector-repo.maven.apache.org-2-3] INFO  o.e.m.c.i.e.AbstractTransferListenerAdapter - Downloading https://repo.maven.apache.org/maven2/org/apache/maven/maven-model/3.0/maven-model-3.0.jar
2026-02-24 13:49:59,715 [BasicRepositoryConnector-repo.maven.apache.org-2-1] INFO  o.e.m.c.i.e.AbstractTransferListenerAdapter - Downloaded https://repo.maven.apache.org/maven2/org/apache/maven/maven-core/3.0/maven-core-3.0.jar
2026-02-24 13:49:59,719 [BasicRepositoryConnector-repo.maven.apache.org-2-3] INFO  o.e.m.c.i.e.AbstractTransferListenerAdapter - Downloaded https://repo.maven.apache.org/maven2/org/apache/maven/maven-model/3.0/maven-model-3.0.jar
2026-02-24 13:49:59,752 [BasicRepositoryConnector-repo.maven.apache.org-2-1] INFO  o.e.m.c.i.e.AbstractTransferListenerAdapter - Downloading https://repo.maven.apache.org/maven2/org/apache/maven/maven-settings-builder/3.0/maven-settings-builder-3.0.jar
2026-02-24 13:49:59,757 [BasicRepositoryConnector-repo.maven.apache.org-2-3] INFO  o.e.m.c.i.e.AbstractTransferListenerAdapter - Downloading https://repo.maven.apache.org/maven2/org/apache/maven/maven-repository-metadata/3.0/maven-repository-metadata-3.0.jar
2026-02-24 13:49:59,798 [BasicRepositoryConnector-repo.maven.apache.org-2-0] INFO  o.e.m.c.i.e.AbstractTransferListenerAdapter - Downloaded https://repo.maven.apache.org/maven2/org/sonatype/plexus/plexus-build-api/0.0.7/plexus-build-api-0.0.7.jar
2026-02-24 13:49:59,814 [BasicRepositoryConnector-repo.maven.apache.org-2-2] INFO  o.e.m.c.i.e.AbstractTransferListenerAdapter - Downloaded https://repo.maven.apache.org/maven2/org/apache/maven/shared/maven-mapping/3.0.0/maven-mapping-3.0.0.jar
2026-02-24 13:49:59,835 [BasicRepositoryConnector-repo.maven.apache.org-2-0] INFO  o.e.m.c.i.e.AbstractTransferListenerAdapter - Downloading https://repo.maven.apache.org/maven2/org/apache/maven/maven-artifact/3.0/maven-artifact-3.0.jar
2026-02-24 13:49:59,850 [BasicRepositoryConnector-repo.maven.apache.org-2-2] INFO  o.e.m.c.i.e.AbstractTransferListenerAdapter - Downloading https://repo.maven.apache.org/maven2/org/apache/maven/maven-plugin-api/3.0/maven-plugin-api-3.0.jar
2026-02-24 13:49:59,899 [BasicRepositoryConnector-repo.maven.apache.org-2-0] INFO  o.e.m.c.i.e.AbstractTransferListenerAdapter - Downloaded https://repo.maven.apache.org/maven2/org/apache/maven/maven-artifact/3.0/maven-artifact-3.0.jar
2026-02-24 13:49:59,931 [BasicRepositoryConnector-repo.maven.apache.org-2-0] INFO  o.e.m.c.i.e.AbstractTransferListenerAdapter - Downloading https://repo.maven.apache.org/maven2/org/apache/maven/maven-model-builder/3.0/maven-model-builder-3.0.jar
2026-02-24 13:49:59,950 [BasicRepositoryConnector-repo.maven.apache.org-2-4] INFO  o.e.m.c.i.e.AbstractTransferListenerAdapter - Downloaded https://repo.maven.apache.org/maven2/com/github/luben/zstd-jni/1.5.5-2/zstd-jni-1.5.5-2.jar
2026-02-24 13:49:59,985 [BasicRepositoryConnector-repo.maven.apache.org-2-4] INFO  o.e.m.c.i.e.AbstractTransferListenerAdapter - Downloading https://repo.maven.apache.org/maven2/org/apache/maven/maven-aether-provider/3.0/maven-aether-provider-3.0.jar
2026-02-24 13:49:59,999 [BasicRepositoryConnector-repo.maven.apache.org-2-0] INFO  o.e.m.c.i.e.AbstractTransferListenerAdapter - Downloaded https://repo.maven.apache.org/maven2/org/apache/maven/maven-model-builder/3.0/maven-model-builder-3.0.jar
2026-02-24 13:50:00,043 [BasicRepositoryConnector-repo.maven.apache.org-2-0] INFO  o.e.m.c.i.e.AbstractTransferListenerAdapter - Downloading https://repo.maven.apache.org/maven2/org/sonatype/aether/aether-impl/1.7/aether-impl-1.7.jar
2026-02-24 13:50:00,049 [BasicRepositoryConnector-repo.maven.apache.org-2-4] INFO  o.e.m.c.i.e.AbstractTransferListenerAdapter - Downloaded https://repo.maven.apache.org/maven2/org/apache/maven/maven-aether-provider/3.0/maven-aether-provider-3.0.jar
2026-02-24 13:50:00,086 [BasicRepositoryConnector-repo.maven.apache.org-2-4] INFO  o.e.m.c.i.e.AbstractTransferListenerAdapter - Downloading https://repo.maven.apache.org/maven2/org/sonatype/aether/aether-spi/1.7/aether-spi-1.7.jar
2026-02-24 13:50:00,101 [BasicRepositoryConnector-repo.maven.apache.org-2-0] INFO  o.e.m.c.i.e.AbstractTransferListenerAdapter - Downloaded https://repo.maven.apache.org/maven2/org/sonatype/aether/aether-impl/1.7/aether-impl-1.7.jar
2026-02-24 13:50:00,138 [BasicRepositoryConnector-repo.maven.apache.org-2-0] INFO  o.e.m.c.i.e.AbstractTransferListenerAdapter - Downloading https://repo.maven.apache.org/maven2/org/sonatype/aether/aether-api/1.7/aether-api-1.7.jar
2026-02-24 13:50:00,167 [BasicRepositoryConnector-repo.maven.apache.org-2-3] INFO  o.e.m.c.i.e.AbstractTransferListenerAdapter - Downloaded https://repo.maven.apache.org/maven2/org/apache/maven/maven-repository-metadata/3.0/maven-repository-metadata-3.0.jar
2026-02-24 13:50:00,199 [BasicRepositoryConnector-repo.maven.apache.org-2-0] INFO  o.e.m.c.i.e.AbstractTransferListenerAdapter - Downloaded https://repo.maven.apache.org/maven2/org/sonatype/aether/aether-api/1.7/aether-api-1.7.jar
2026-02-24 13:50:00,207 [BasicRepositoryConnector-repo.maven.apache.org-2-3] INFO  o.e.m.c.i.e.AbstractTransferListenerAdapter - Downloading https://repo.maven.apache.org/maven2/org/sonatype/aether/aether-util/1.7/aether-util-1.7.jar
2026-02-24 13:50:00,232 [BasicRepositoryConnector-repo.maven.apache.org-2-0] INFO  o.e.m.c.i.e.AbstractTransferListenerAdapter - Downloading https://repo.maven.apache.org/maven2/org/sonatype/sisu/sisu-inject-plexus/1.4.2/sisu-inject-plexus-1.4.2.jar
2026-02-24 13:50:00,270 [BasicRepositoryConnector-repo.maven.apache.org-2-3] INFO  o.e.m.c.i.e.AbstractTransferListenerAdapter - Downloaded https://repo.maven.apache.org/maven2/org/sonatype/aether/aether-util/1.7/aether-util-1.7.jar
2026-02-24 13:50:00,301 [BasicRepositoryConnector-repo.maven.apache.org-2-3] INFO  o.e.m.c.i.e.AbstractTransferListenerAdapter - Downloading https://repo.maven.apache.org/maven2/org/sonatype/sisu/sisu-inject-bean/1.4.2/sisu-inject-bean-1.4.2.jar
2026-02-24 13:50:00,312 [BasicRepositoryConnector-repo.maven.apache.org-2-0] INFO  o.e.m.c.i.e.AbstractTransferListenerAdapter - Downloaded https://repo.maven.apache.org/maven2/org/sonatype/sisu/sisu-inject-plexus/1.4.2/sisu-inject-plexus-1.4.2.jar
2026-02-24 13:50:00,361 [BasicRepositoryConnector-repo.maven.apache.org-2-0] INFO  o.e.m.c.i.e.AbstractTransferListenerAdapter - Downloading https://repo.maven.apache.org/maven2/org/sonatype/sisu/sisu-guice/2.1.7/sisu-guice-2.1.7-noaop.jar
2026-02-24 13:50:00,391 [BasicRepositoryConnector-repo.maven.apache.org-2-3] INFO  o.e.m.c.i.e.AbstractTransferListenerAdapter - Downloaded https://repo.maven.apache.org/maven2/org/sonatype/sisu/sisu-inject-bean/1.4.2/sisu-inject-bean-1.4.2.jar
2026-02-24 13:50:00,422 [BasicRepositoryConnector-repo.maven.apache.org-2-3] INFO  o.e.m.c.i.e.AbstractTransferListenerAdapter - Downloading https://repo.maven.apache.org/maven2/org/codehaus/plexus/plexus-classworlds/2.2.3/plexus-classworlds-2.2.3.jar
2026-02-24 13:50:00,457 [BasicRepositoryConnector-repo.maven.apache.org-2-0] INFO  o.e.m.c.i.e.AbstractTransferListenerAdapter - Downloaded https://repo.maven.apache.org/maven2/org/sonatype/sisu/sisu-guice/2.1.7/sisu-guice-2.1.7-noaop.jar
2026-02-24 13:50:00,488 [BasicRepositoryConnector-repo.maven.apache.org-2-0] INFO  o.e.m.c.i.e.AbstractTransferListenerAdapter - Downloading https://repo.maven.apache.org/maven2/org/codehaus/plexus/plexus-component-annotations/1.5.5/plexus-component-annotations-1.5.5.jar
2026-02-24 13:50:00,550 [BasicRepositoryConnector-repo.maven.apache.org-2-4] INFO  o.e.m.c.i.e.AbstractTransferListenerAdapter - Downloaded https://repo.maven.apache.org/maven2/org/sonatype/aether/aether-spi/1.7/aether-spi-1.7.jar
2026-02-24 13:50:00,579 [BasicRepositoryConnector-repo.maven.apache.org-2-0] INFO  o.e.m.c.i.e.AbstractTransferListenerAdapter - Downloaded https://repo.maven.apache.org/maven2/org/codehaus/plexus/plexus-component-annotations/1.5.5/plexus-component-annotations-1.5.5.jar
2026-02-24 13:50:00,584 [BasicRepositoryConnector-repo.maven.apache.org-2-4] INFO  o.e.m.c.i.e.AbstractTransferListenerAdapter - Downloading https://repo.maven.apache.org/maven2/org/sonatype/plexus/plexus-sec-dispatcher/1.3/plexus-sec-dispatcher-1.3.jar
2026-02-24 13:50:00,617 [BasicRepositoryConnector-repo.maven.apache.org-2-0] INFO  o.e.m.c.i.e.AbstractTransferListenerAdapter - Downloading https://repo.maven.apache.org/maven2/org/sonatype/plexus/plexus-cipher/1.4/plexus-cipher-1.4.jar
2026-02-24 13:50:00,669 [BasicRepositoryConnector-repo.maven.apache.org-2-1] INFO  o.e.m.c.i.e.AbstractTransferListenerAdapter - Downloaded https://repo.maven.apache.org/maven2/org/apache/maven/maven-settings-builder/3.0/maven-settings-builder-3.0.jar
2026-02-24 13:50:00,723 [BasicRepositoryConnector-repo.maven.apache.org-2-2] INFO  o.e.m.c.i.e.AbstractTransferListenerAdapter - Downloaded https://repo.maven.apache.org/maven2/org/apache/maven/maven-plugin-api/3.0/maven-plugin-api-3.0.jar
2026-02-24 13:50:00,897 [BasicRepositoryConnector-repo.maven.apache.org-2-0] INFO  o.e.m.c.i.e.AbstractTransferListenerAdapter - Downloaded https://repo.maven.apache.org/maven2/org/sonatype/plexus/plexus-cipher/1.4/plexus-cipher-1.4.jar
2026-02-24 13:50:01,026 [BasicRepositoryConnector-repo.maven.apache.org-2-4] INFO  o.e.m.c.i.e.AbstractTransferListenerAdapter - Downloaded https://repo.maven.apache.org/maven2/org/sonatype/plexus/plexus-sec-dispatcher/1.3/plexus-sec-dispatcher-1.3.jar
2026-02-24 13:50:01,250 [BasicRepositoryConnector-repo.maven.apache.org-2-3] INFO  o.e.m.c.i.e.AbstractTransferListenerAdapter - Downloaded https://repo.maven.apache.org/maven2/org/codehaus/plexus/plexus-classworlds/2.2.3/plexus-classworlds-2.2.3.jar
2026-02-24 13:50:02,047 [Worker-9: 入門コンテンツのインポート] INFO  o.e.m.c.i.e.AbstractTransferListenerAdapter - Downloading https://repo.maven.apache.org/maven2/org/apache/commons/commons-lang3/3.12.0/commons-lang3-3.12.0.pom
2026-02-24 13:50:02,081 [Worker-9: 入門コンテンツのインポート] INFO  o.e.m.c.i.e.AbstractTransferListenerAdapter - Downloaded https://repo.maven.apache.org/maven2/org/apache/commons/commons-lang3/3.12.0/commons-lang3-3.12.0.pom
2026-02-24 13:50:02,145 [Worker-9: 入門コンテンツのインポート] INFO  o.e.m.c.i.e.AbstractTransferListenerAdapter - Downloading https://repo.maven.apache.org/maven2/org/junit/junit-bom/5.7.1/junit-bom-5.7.1.pom
2026-02-24 13:50:02,174 [Worker-9: 入門コンテンツのインポート] INFO  o.e.m.c.i.e.AbstractTransferListenerAdapter - Downloaded https://repo.maven.apache.org/maven2/org/junit/junit-bom/5.7.1/junit-bom-5.7.1.pom
2026-02-24 13:50:02,243 [Worker-9: 入門コンテンツのインポート] INFO  o.e.m.c.i.e.AbstractTransferListenerAdapter - Downloading https://repo.maven.apache.org/maven2/org/apache/commons/commons-lang3/3.12.0/commons-lang3-3.12.0.jar
2026-02-24 13:50:02,317 [Worker-9: 入門コンテンツのインポート] INFO  o.e.m.c.i.e.AbstractTransferListenerAdapter - Downloaded https://repo.maven.apache.org/maven2/org/apache/commons/commons-lang3/3.12.0/commons-lang3-3.12.0.jar
2026-02-24 13:50:02,390 [Worker-9: 入門コンテンツのインポート] INFO  o.e.m.j.i.AbstractJavaProjectConfigurator - Adding source folder /demo/src/main/java
2026-02-24 13:50:02,392 [Worker-9: 入門コンテンツのインポート] INFO  o.e.m.j.i.AbstractJavaProjectConfigurator - Adding resource folder /demo/src/main/resources
2026-02-24 13:50:02,402 [Worker-9: 入門コンテンツのインポート] INFO  o.e.m.j.i.AbstractJavaProjectConfigurator - Adding resource folder /demo/src/main/resources
2026-02-24 13:50:02,413 [Worker-9: 入門コンテンツのインポート] INFO  o.e.m.j.i.AbstractJavaProjectConfigurator - Adding source folder /demo/src/test/java
2026-02-24 13:50:02,415 [Worker-9: 入門コンテンツのインポート] INFO  o.e.m.j.i.AbstractJavaProjectConfigurator - Adding resource folder /demo/src/test/resources
2026-02-24 13:50:02,794 [Worker-10: ソースおよび Javadoc のダウンロード] INFO  o.e.m.c.i.e.AbstractTransferListenerAdapter - Downloading https://repo.maven.apache.org/maven2/org/springframework/boot/spring-boot-starter-data-jpa/4.0.3/spring-boot-starter-data-jpa-4.0.3-sources.jar
2026-02-24 13:50:02,803 [Worker-10: ソースおよび Javadoc のダウンロード] INFO  o.e.m.c.i.e.AbstractTransferListenerAdapter - Downloaded https://repo.maven.apache.org/maven2/org/springframework/boot/spring-boot-starter-data-jpa/4.0.3/spring-boot-starter-data-jpa-4.0.3-sources.jar
2026-02-24 13:50:02,809 [Worker-10: ソースおよび Javadoc のダウンロード] INFO  o.e.m.j.internal.DownloadSourcesJob - Downloaded sources for org.springframework.boot:spring-boot-starter-data-jpa:4.0.3
2026-02-24 13:50:02,890 [Worker-10: ソースおよび Javadoc のダウンロード] INFO  o.e.m.c.i.e.AbstractTransferListenerAdapter - Downloading https://repo.maven.apache.org/maven2/org/springframework/boot/spring-boot-starter/4.0.3/spring-boot-starter-4.0.3-sources.jar
2026-02-24 13:50:02,899 [Worker-10: ソースおよび Javadoc のダウンロード] INFO  o.e.m.c.i.e.AbstractTransferListenerAdapter - Downloaded https://repo.maven.apache.org/maven2/org/springframework/boot/spring-boot-starter/4.0.3/spring-boot-starter-4.0.3-sources.jar
2026-02-24 13:50:02,903 [Worker-10: ソースおよび Javadoc のダウンロード] INFO  o.e.m.j.internal.DownloadSourcesJob - Downloaded sources for org.springframework.boot:spring-boot-starter:4.0.3
2026-02-24 13:50:02,988 [Worker-10: ソースおよび Javadoc のダウンロード] INFO  o.e.m.c.i.e.AbstractTransferListenerAdapter - Downloading https://repo.maven.apache.org/maven2/org/springframework/boot/spring-boot-starter-logging/4.0.3/spring-boot-starter-logging-4.0.3-sources.jar
2026-02-24 13:50:02,995 [Worker-10: ソースおよび Javadoc のダウンロード] INFO  o.e.m.c.i.e.AbstractTransferListenerAdapter - Downloaded https://repo.maven.apache.org/maven2/org/springframework/boot/spring-boot-starter-logging/4.0.3/spring-boot-starter-logging-4.0.3-sources.jar
2026-02-24 13:50:03,001 [Worker-10: ソースおよび Javadoc のダウンロード] INFO  o.e.m.j.internal.DownloadSourcesJob - Downloaded sources for org.springframework.boot:spring-boot-starter-logging:4.0.3
2026-02-24 13:50:03,074 [Worker-10: ソースおよび Javadoc のダウンロード] INFO  o.e.m.c.i.e.AbstractTransferListenerAdapter - Downloading https://repo.maven.apache.org/maven2/ch/qos/logback/logback-classic/1.5.32/logback-classic-1.5.32-sources.jar
2026-02-24 13:50:03,154 [Worker-10: ソースおよび Javadoc のダウンロード] INFO  o.e.m.c.i.e.AbstractTransferListenerAdapter - Downloaded https://repo.maven.apache.org/maven2/ch/qos/logback/logback-classic/1.5.32/logback-classic-1.5.32-sources.jar
2026-02-24 13:50:03,160 [Worker-10: ソースおよび Javadoc のダウンロード] INFO  o.e.m.j.internal.DownloadSourcesJob - Downloaded sources for ch.qos.logback:logback-classic:1.5.32
2026-02-24 13:50:03,375 [Worker-10: ソースおよび Javadoc のダウンロード] INFO  o.e.m.c.i.e.AbstractTransferListenerAdapter - Downloading https://repo.maven.apache.org/maven2/ch/qos/logback/logback-core/1.5.32/logback-core-1.5.32-sources.jar
2026-02-24 13:50:03,472 [Worker-10: ソースおよび Javadoc のダウンロード] INFO  o.e.m.c.i.e.AbstractTransferListenerAdapter - Downloaded https://repo.maven.apache.org/maven2/ch/qos/logback/logback-core/1.5.32/logback-core-1.5.32-sources.jar
2026-02-24 13:50:03,478 [Worker-10: ソースおよび Javadoc のダウンロード] INFO  o.e.m.j.internal.DownloadSourcesJob - Downloaded sources for ch.qos.logback:logback-core:1.5.32
2026-02-24 13:50:03,553 [Worker-10: ソースおよび Javadoc のダウンロード] INFO  o.e.m.c.i.e.AbstractTransferListenerAdapter - Downloading https://repo.maven.apache.org/maven2/org/apache/logging/log4j/log4j-to-slf4j/2.25.3/log4j-to-slf4j-2.25.3-sources.jar
2026-02-24 13:50:04,007 [Worker-10: ソースおよび Javadoc のダウンロード] INFO  o.e.m.c.i.e.AbstractTransferListenerAdapter - Downloaded https://repo.maven.apache.org/maven2/org/apache/logging/log4j/log4j-to-slf4j/2.25.3/log4j-to-slf4j-2.25.3-sources.jar
2026-02-24 13:50:04,013 [Worker-10: ソースおよび Javadoc のダウンロード] INFO  o.e.m.j.internal.DownloadSourcesJob - Downloaded sources for org.apache.logging.log4j:log4j-to-slf4j:2.25.3
2026-02-24 13:50:04,099 [Worker-10: ソースおよび Javadoc のダウンロード] INFO  o.e.m.c.i.e.AbstractTransferListenerAdapter - Downloading https://repo.maven.apache.org/maven2/org/apache/logging/log4j/log4j-api/2.25.3/log4j-api-2.25.3-sources.jar
2026-02-24 13:50:04,191 [Worker-10: ソースおよび Javadoc のダウンロード] INFO  o.e.m.c.i.e.AbstractTransferListenerAdapter - Downloaded https://repo.maven.apache.org/maven2/org/apache/logging/log4j/log4j-api/2.25.3/log4j-api-2.25.3-sources.jar
2026-02-24 13:50:04,197 [Worker-10: ソースおよび Javadoc のダウンロード] INFO  o.e.m.j.internal.DownloadSourcesJob - Downloaded sources for org.apache.logging.log4j:log4j-api:2.25.3
2026-02-24 13:50:04,270 [Worker-10: ソースおよび Javadoc のダウンロード] INFO  o.e.m.c.i.e.AbstractTransferListenerAdapter - Downloading https://repo.maven.apache.org/maven2/org/slf4j/jul-to-slf4j/2.0.17/jul-to-slf4j-2.0.17-sources.jar
2026-02-24 13:50:04,365 [Worker-10: ソースおよび Javadoc のダウンロード] INFO  o.e.m.c.i.e.AbstractTransferListenerAdapter - Downloaded https://repo.maven.apache.org/maven2/org/slf4j/jul-to-slf4j/2.0.17/jul-to-slf4j-2.0.17-sources.jar
2026-02-24 13:50:04,369 [Worker-10: ソースおよび Javadoc のダウンロード] INFO  o.e.m.j.internal.DownloadSourcesJob - Downloaded sources for org.slf4j:jul-to-slf4j:2.0.17
2026-02-24 13:50:04,439 [Worker-10: ソースおよび Javadoc のダウンロード] INFO  o.e.m.c.i.e.AbstractTransferListenerAdapter - Downloading https://repo.maven.apache.org/maven2/jakarta/annotation/jakarta.annotation-api/3.0.0/jakarta.annotation-api-3.0.0-sources.jar
2026-02-24 13:50:05,033 [Worker-10: ソースおよび Javadoc のダウンロード] INFO  o.e.m.c.i.e.AbstractTransferListenerAdapter - Downloaded https://repo.maven.apache.org/maven2/jakarta/annotation/jakarta.annotation-api/3.0.0/jakarta.annotation-api-3.0.0-sources.jar
2026-02-24 13:50:05,039 [Worker-10: ソースおよび Javadoc のダウンロード] INFO  o.e.m.j.internal.DownloadSourcesJob - Downloaded sources for jakarta.annotation:jakarta.annotation-api:3.0.0
2026-02-24 13:50:05,134 [Worker-10: ソースおよび Javadoc のダウンロード] INFO  o.e.m.c.i.e.AbstractTransferListenerAdapter - Downloading https://repo.maven.apache.org/maven2/org/yaml/snakeyaml/2.5/snakeyaml-2.5-sources.jar
2026-02-24 13:50:05,228 [Worker-10: ソースおよび Javadoc のダウンロード] INFO  o.e.m.c.i.e.AbstractTransferListenerAdapter - Downloaded https://repo.maven.apache.org/maven2/org/yaml/snakeyaml/2.5/snakeyaml-2.5-sources.jar
2026-02-24 13:50:05,235 [Worker-10: ソースおよび Javadoc のダウンロード] INFO  o.e.m.j.internal.DownloadSourcesJob - Downloaded sources for org.yaml:snakeyaml:2.5
2026-02-24 13:50:05,316 [Worker-10: ソースおよび Javadoc のダウンロード] INFO  o.e.m.c.i.e.AbstractTransferListenerAdapter - Downloading https://repo.maven.apache.org/maven2/org/springframework/boot/spring-boot-starter-jdbc/4.0.3/spring-boot-starter-jdbc-4.0.3-sources.jar
2026-02-24 13:50:05,356 [Worker-10: ソースおよび Javadoc のダウンロード] INFO  o.e.m.c.i.e.AbstractTransferListenerAdapter - Downloaded https://repo.maven.apache.org/maven2/org/springframework/boot/spring-boot-starter-jdbc/4.0.3/spring-boot-starter-jdbc-4.0.3-sources.jar
2026-02-24 13:50:05,362 [Worker-10: ソースおよび Javadoc のダウンロード] INFO  o.e.m.j.internal.DownloadSourcesJob - Downloaded sources for org.springframework.boot:spring-boot-starter-jdbc:4.0.3
2026-02-24 13:50:05,436 [Worker-10: ソースおよび Javadoc のダウンロード] INFO  o.e.m.c.i.e.AbstractTransferListenerAdapter - Downloading https://repo.maven.apache.org/maven2/com/zaxxer/HikariCP/7.0.2/HikariCP-7.0.2-sources.jar
2026-02-24 13:50:05,491 [Worker-10: ソースおよび Javadoc のダウンロード] INFO  o.e.m.c.i.e.AbstractTransferListenerAdapter - Downloaded https://repo.maven.apache.org/maven2/com/zaxxer/HikariCP/7.0.2/HikariCP-7.0.2-sources.jar
2026-02-24 13:50:05,497 [Worker-10: ソースおよび Javadoc のダウンロード] INFO  o.e.m.j.internal.DownloadSourcesJob - Downloaded sources for com.zaxxer:HikariCP:7.0.2
2026-02-24 13:50:05,568 [Worker-10: ソースおよび Javadoc のダウンロード] INFO  o.e.m.c.i.e.AbstractTransferListenerAdapter - Downloading https://repo.maven.apache.org/maven2/org/slf4j/slf4j-api/2.0.17/slf4j-api-2.0.17-sources.jar
2026-02-24 13:50:05,617 [Worker-10: ソースおよび Javadoc のダウンロード] INFO  o.e.m.c.i.e.AbstractTransferListenerAdapter - Downloaded https://repo.maven.apache.org/maven2/org/slf4j/slf4j-api/2.0.17/slf4j-api-2.0.17-sources.jar
2026-02-24 13:50:05,622 [Worker-10: ソースおよび Javadoc のダウンロード] INFO  o.e.m.j.internal.DownloadSourcesJob - Downloaded sources for org.slf4j:slf4j-api:2.0.17
2026-02-24 13:50:05,692 [Worker-10: ソースおよび Javadoc のダウンロード] INFO  o.e.m.c.i.e.AbstractTransferListenerAdapter - Downloading https://repo.maven.apache.org/maven2/org/springframework/boot/spring-boot-data-jpa/4.0.3/spring-boot-data-jpa-4.0.3-sources.jar
2026-02-24 13:50:05,906 [Worker-10: ソースおよび Javadoc のダウンロード] INFO  o.e.m.c.i.e.AbstractTransferListenerAdapter - Downloaded https://repo.maven.apache.org/maven2/org/springframework/boot/spring-boot-data-jpa/4.0.3/spring-boot-data-jpa-4.0.3-sources.jar
2026-02-24 13:50:05,912 [Worker-10: ソースおよび Javadoc のダウンロード] INFO  o.e.m.j.internal.DownloadSourcesJob - Downloaded sources for org.springframework.boot:spring-boot-data-jpa:4.0.3
2026-02-24 13:50:05,994 [Worker-9: 入門コンテンツのインポート] INFO  o.e.m.c.i.e.AbstractTransferListenerAdapter - Downloading https://repo.maven.apache.org/maven2/org/apache/maven/plugins/maven-clean-plugin/3.5.0/maven-clean-plugin-3.5.0.pom
2026-02-24 13:50:06,001 [Worker-10: ソースおよび Javadoc のダウンロード] INFO  o.e.m.c.i.e.AbstractTransferListenerAdapter - Downloading https://repo.maven.apache.org/maven2/org/springframework/boot/spring-boot-data-commons/4.0.3/spring-boot-data-commons-4.0.3-sources.jar
2026-02-24 13:50:06,034 [Worker-9: 入門コンテンツのインポート] INFO  o.e.m.c.i.e.AbstractTransferListenerAdapter - Downloaded https://repo.maven.apache.org/maven2/org/apache/maven/plugins/maven-clean-plugin/3.5.0/maven-clean-plugin-3.5.0.pom
2026-02-24 13:50:06,077 [Worker-9: 入門コンテンツのインポート] INFO  o.e.m.c.i.e.AbstractTransferListenerAdapter - Downloading https://repo.maven.apache.org/maven2/org/apache/maven/plugins/maven-plugins/44/maven-plugins-44.pom
2026-02-24 13:50:06,125 [Worker-9: 入門コンテンツのインポート] INFO  o.e.m.c.i.e.AbstractTransferListenerAdapter - Downloaded https://repo.maven.apache.org/maven2/org/apache/maven/plugins/maven-plugins/44/maven-plugins-44.pom
2026-02-24 13:50:06,276 [Worker-9: 入門コンテンツのインポート] INFO  o.e.m.c.i.p.ProjectConfigurationManager - Imported and configured 1 project(s) in 50 sec
2026-02-24 13:50:06,278 [Worker-9: 入門コンテンツのインポート] INFO  o.e.m.c.i.p.ProjectConfigurationManager - Update started
2026-02-24 13:50:06,555 [Worker-10: ソースおよび Javadoc のダウンロード] INFO  o.e.m.c.i.e.AbstractTransferListenerAdapter - Downloaded https://repo.maven.apache.org/maven2/org/springframework/boot/spring-boot-data-commons/4.0.3/spring-boot-data-commons-4.0.3-sources.jar
2026-02-24 13:50:06,810 [Worker-10: ソースおよび Javadoc のダウンロード] INFO  o.e.m.j.internal.DownloadSourcesJob - Downloaded sources for org.springframework.boot:spring-boot-data-commons:4.0.3
2026-02-24 13:50:07,669 [Worker-10: ソースおよび Javadoc のダウンロード] INFO  o.e.m.c.i.e.AbstractTransferListenerAdapter - Downloading https://repo.maven.apache.org/maven2/org/springframework/boot/spring-boot-persistence/4.0.3/spring-boot-persistence-4.0.3-sources.jar
2026-02-24 13:50:07,674 [Worker-9: 入門コンテンツのインポート] INFO  o.e.m.c.i.l.LifecycleMappingFactory - Using org.maven.ide.eclipse.wtp.WarLifecycleMapping lifecycle mapping for MavenProject: com.example:demo:0.0.1-SNAPSHOT @ C:\springDemo\demo\pom.xml.
2026-02-24 13:50:07,946 [Worker-10: ソースおよび Javadoc のダウンロード] INFO  o.e.m.c.i.e.AbstractTransferListenerAdapter - Downloaded https://repo.maven.apache.org/maven2/org/springframework/boot/spring-boot-persistence/4.0.3/spring-boot-persistence-4.0.3-sources.jar
2026-02-24 13:50:07,952 [Worker-10: ソースおよび Javadoc のダウンロード] INFO  o.e.m.j.internal.DownloadSourcesJob - Downloaded sources for org.springframework.boot:spring-boot-persistence:4.0.3
2026-02-24 13:50:08,027 [Worker-10: ソースおよび Javadoc のダウンロード] INFO  o.e.m.c.i.e.AbstractTransferListenerAdapter - Downloading https://repo.maven.apache.org/maven2/org/springframework/data/spring-data-commons/4.0.3/spring-data-commons-4.0.3-sources.jar
2026-02-24 13:50:08,169 [Worker-10: ソースおよび Javadoc のダウンロード] INFO  o.e.m.c.i.e.AbstractTransferListenerAdapter - Downloaded https://repo.maven.apache.org/maven2/org/springframework/data/spring-data-commons/4.0.3/spring-data-commons-4.0.3-sources.jar
2026-02-24 13:50:08,174 [Worker-10: ソースおよび Javadoc のダウンロード] INFO  o.e.m.j.internal.DownloadSourcesJob - Downloaded sources for org.springframework.data:spring-data-commons:4.0.3
2026-02-24 13:50:08,253 [Worker-10: ソースおよび Javadoc のダウンロード] INFO  o.e.m.c.i.e.AbstractTransferListenerAdapter - Downloading https://repo.maven.apache.org/maven2/org/springframework/boot/spring-boot-hibernate/4.0.3/spring-boot-hibernate-4.0.3-sources.jar
2026-02-24 13:50:08,747 [Worker-10: ソースおよび Javadoc のダウンロード] INFO  o.e.m.c.i.e.AbstractTransferListenerAdapter - Downloaded https://repo.maven.apache.org/maven2/org/springframework/boot/spring-boot-hibernate/4.0.3/spring-boot-hibernate-4.0.3-sources.jar
2026-02-24 13:50:08,751 [Worker-10: ソースおよび Javadoc のダウンロード] INFO  o.e.m.j.internal.DownloadSourcesJob - Downloaded sources for org.springframework.boot:spring-boot-hibernate:4.0.3
2026-02-24 13:50:08,820 [Worker-10: ソースおよび Javadoc のダウンロード] INFO  o.e.m.c.i.e.AbstractTransferListenerAdapter - Downloading https://repo.maven.apache.org/maven2/org/springframework/boot/spring-boot-jpa/4.0.3/spring-boot-jpa-4.0.3-sources.jar
2026-02-24 13:50:08,924 [Worker-9: 入門コンテンツのインポート] INFO  o.e.m.j.i.AbstractJavaProjectConfigurator - Adding source folder /demo/src/main/java
2026-02-24 13:50:08,926 [Worker-9: 入門コンテンツのインポート] INFO  o.e.m.j.i.AbstractJavaProjectConfigurator - Adding resource folder /demo/src/main/resources
2026-02-24 13:50:08,926 [Worker-9: 入門コンテンツのインポート] INFO  o.e.m.j.i.AbstractJavaProjectConfigurator - Adding resource folder /demo/src/main/resources
2026-02-24 13:50:08,926 [Worker-9: 入門コンテンツのインポート] INFO  o.e.m.j.i.AbstractJavaProjectConfigurator - Adding source folder /demo/src/test/java
2026-02-24 13:50:08,927 [Worker-9: 入門コンテンツのインポート] INFO  o.e.m.j.i.AbstractJavaProjectConfigurator - Adding resource folder /demo/src/test/resources
2026-02-24 13:50:09,173 [Worker-10: ソースおよび Javadoc のダウンロード] INFO  o.e.m.c.i.e.AbstractTransferListenerAdapter - Downloaded https://repo.maven.apache.org/maven2/org/springframework/boot/spring-boot-jpa/4.0.3/spring-boot-jpa-4.0.3-sources.jar
2026-02-24 13:50:09,180 [Worker-10: ソースおよび Javadoc のダウンロード] INFO  o.e.m.j.internal.DownloadSourcesJob - Downloaded sources for org.springframework.boot:spring-boot-jpa:4.0.3
2026-02-24 13:50:09,251 [Worker-10: ソースおよび Javadoc のダウンロード] INFO  o.e.m.c.i.e.AbstractTransferListenerAdapter - Downloading https://repo.maven.apache.org/maven2/jakarta/persistence/jakarta.persistence-api/3.2.0/jakarta.persistence-api-3.2.0-sources.jar
2026-02-24 13:50:09,346 [Worker-10: ソースおよび Javadoc のダウンロード] INFO  o.e.m.c.i.e.AbstractTransferListenerAdapter - Downloaded https://repo.maven.apache.org/maven2/jakarta/persistence/jakarta.persistence-api/3.2.0/jakarta.persistence-api-3.2.0-sources.jar
2026-02-24 13:50:09,352 [Worker-10: ソースおよび Javadoc のダウンロード] INFO  o.e.m.j.internal.DownloadSourcesJob - Downloaded sources for jakarta.persistence:jakarta.persistence-api:3.2.0
2026-02-24 13:50:09,468 [Worker-10: ソースおよび Javadoc のダウンロード] INFO  o.e.m.c.i.e.AbstractTransferListenerAdapter - Downloading https://repo.maven.apache.org/maven2/org/hibernate/orm/hibernate-core/7.2.4.Final/hibernate-core-7.2.4.Final-sources.jar
2026-02-24 13:50:10,024 [Worker-10: ソースおよび Javadoc のダウンロード] INFO  o.e.m.c.i.e.AbstractTransferListenerAdapter - Downloaded https://repo.maven.apache.org/maven2/org/hibernate/orm/hibernate-core/7.2.4.Final/hibernate-core-7.2.4.Final-sources.jar
2026-02-24 13:50:10,031 [Worker-10: ソースおよび Javadoc のダウンロード] INFO  o.e.m.j.internal.DownloadSourcesJob - Downloaded sources for org.hibernate.orm:hibernate-core:7.2.4.Final
2026-02-24 13:50:10,110 [Worker-10: ソースおよび Javadoc のダウンロード] INFO  o.e.m.c.i.e.AbstractTransferListenerAdapter - Downloading https://repo.maven.apache.org/maven2/jakarta/transaction/jakarta.transaction-api/2.0.1/jakarta.transaction-api-2.0.1-sources.jar
2026-02-24 13:50:10,412 [Worker-9: 入門コンテンツのインポート] INFO  o.e.m.w.i.f.ResourceFilteringBuildParticipant - Cleaning filtered folder for demo
2026-02-24 13:50:10,418 [Worker-9: 入門コンテンツのインポート] INFO  o.e.m.c.i.p.ProjectConfigurationManager - Update completed for 1 poms: local refresh takes 0.00 sec, refresh facades takes 2.00 sec, update config takes 0.00 sec 
2026-02-24 13:50:10,748 [Worker-10: ソースおよび Javadoc のダウンロード] INFO  o.e.m.c.i.e.AbstractTransferListenerAdapter - Downloaded https://repo.maven.apache.org/maven2/jakarta/transaction/jakarta.transaction-api/2.0.1/jakarta.transaction-api-2.0.1-sources.jar
2026-02-24 13:50:10,754 [Worker-10: ソースおよび Javadoc のダウンロード] INFO  o.e.m.j.internal.DownloadSourcesJob - Downloaded sources for jakarta.transaction:jakarta.transaction-api:2.0.1
2026-02-24 13:50:10,827 [Worker-10: ソースおよび Javadoc のダウンロード] INFO  o.e.m.c.i.e.AbstractTransferListenerAdapter - Downloading https://repo.maven.apache.org/maven2/org/jboss/logging/jboss-logging/3.6.2.Final/jboss-logging-3.6.2.Final-sources.jar
2026-02-24 13:50:11,931 [Worker-3: ビルド] INFO  o.a.m.s.f.DefaultMavenResourcesFiltering - Copying 1 resource from src\main\resources to target\classes
2026-02-24 13:50:11,949 [Worker-3: ビルド] INFO  o.a.m.s.f.DefaultMavenResourcesFiltering - Copying 0 resource from src\main\resources to target\classes
2026-02-24 13:50:11,955 [Worker-3: ビルド] INFO  o.a.m.s.f.DefaultMavenResourcesFiltering - skip non existing resourceDirectory C:\springDemo\demo\src\test\resources
2026-02-24 13:50:11,956 [Worker-3: ビルド] INFO  o.e.m.w.i.f.ResourceFilteringBuildParticipant - Changed resources require a complete clean of filtered resources of demo
2026-02-24 13:50:11,956 [Worker-3: ビルド] INFO  o.e.m.w.i.f.ResourceFilteringBuildParticipant - Executing resource filtering for demo
2026-02-24 13:50:11,989 [Worker-10: ソースおよび Javadoc のダウンロード] INFO  o.e.m.c.i.e.AbstractTransferListenerAdapter - Downloaded https://repo.maven.apache.org/maven2/org/jboss/logging/jboss-logging/3.6.2.Final/jboss-logging-3.6.2.Final-sources.jar
2026-02-24 13:50:11,995 [Worker-10: ソースおよび Javadoc のダウンロード] INFO  o.e.m.j.internal.DownloadSourcesJob - Downloaded sources for org.jboss.logging:jboss-logging:3.6.2.Final
2026-02-24 13:50:12,113 [Worker-10: ソースおよび Javadoc のダウンロード] INFO  o.e.m.c.i.e.AbstractTransferListenerAdapter - Downloading https://repo.maven.apache.org/maven2/org/hibernate/models/hibernate-models/1.0.1/hibernate-models-1.0.1-sources.jar
2026-02-24 13:50:12,181 [Worker-10: ソースおよび Javadoc のダウンロード] INFO  o.e.m.c.i.e.AbstractTransferListenerAdapter - Downloaded https://repo.maven.apache.org/maven2/org/hibernate/models/hibernate-models/1.0.1/hibernate-models-1.0.1-sources.jar
2026-02-24 13:50:12,187 [Worker-10: ソースおよび Javadoc のダウンロード] INFO  o.e.m.j.internal.DownloadSourcesJob - Downloaded sources for org.hibernate.models:hibernate-models:1.0.1
2026-02-24 13:50:12,260 [Worker-10: ソースおよび Javadoc のダウンロード] INFO  o.e.m.c.i.e.AbstractTransferListenerAdapter - Downloading https://repo.maven.apache.org/maven2/com/fasterxml/classmate/1.7.3/classmate-1.7.3-sources.jar
2026-02-24 13:50:12,315 [Worker-10: ソースおよび Javadoc のダウンロード] INFO  o.e.m.c.i.e.AbstractTransferListenerAdapter - Downloaded https://repo.maven.apache.org/maven2/com/fasterxml/classmate/1.7.3/classmate-1.7.3-sources.jar
2026-02-24 13:50:12,321 [Worker-10: ソースおよび Javadoc のダウンロード] INFO  o.e.m.j.internal.DownloadSourcesJob - Downloaded sources for com.fasterxml:classmate:1.7.3
2026-02-24 13:50:12,391 [Worker-10: ソースおよび Javadoc のダウンロード] INFO  o.e.m.c.i.e.AbstractTransferListenerAdapter - Downloading https://repo.maven.apache.org/maven2/org/glassfish/jaxb/jaxb-runtime/4.0.6/jaxb-runtime-4.0.6-sources.jar
2026-02-24 13:50:12,508 [Worker-10: ソースおよび Javadoc のダウンロード] INFO  o.e.m.c.i.e.AbstractTransferListenerAdapter - Downloaded https://repo.maven.apache.org/maven2/org/glassfish/jaxb/jaxb-runtime/4.0.6/jaxb-runtime-4.0.6-sources.jar
2026-02-24 13:50:12,514 [Worker-10: ソースおよび Javadoc のダウンロード] INFO  o.e.m.j.internal.DownloadSourcesJob - Downloaded sources for org.glassfish.jaxb:jaxb-runtime:4.0.6
2026-02-24 13:50:12,591 [Worker-10: ソースおよび Javadoc のダウンロード] INFO  o.e.m.c.i.e.AbstractTransferListenerAdapter - Downloading https://repo.maven.apache.org/maven2/org/glassfish/jaxb/jaxb-core/4.0.6/jaxb-core-4.0.6-sources.jar
2026-02-24 13:50:12,670 [Worker-10: ソースおよび Javadoc のダウンロード] INFO  o.e.m.c.i.e.AbstractTransferListenerAdapter - Downloaded https://repo.maven.apache.org/maven2/org/glassfish/jaxb/jaxb-core/4.0.6/jaxb-core-4.0.6-sources.jar
2026-02-24 13:50:12,674 [Worker-10: ソースおよび Javadoc のダウンロード] INFO  o.e.m.j.internal.DownloadSourcesJob - Downloaded sources for org.glassfish.jaxb:jaxb-core:4.0.6
2026-02-24 13:50:12,742 [Worker-10: ソースおよび Javadoc のダウンロード] INFO  o.e.m.c.i.e.AbstractTransferListenerAdapter - Downloading https://repo.maven.apache.org/maven2/org/eclipse/angus/angus-activation/2.0.3/angus-activation-2.0.3-sources.jar
2026-02-24 13:50:13,130 [Worker-10: ソースおよび Javadoc のダウンロード] INFO  o.e.m.c.i.e.AbstractTransferListenerAdapter - Downloaded https://repo.maven.apache.org/maven2/org/eclipse/angus/angus-activation/2.0.3/angus-activation-2.0.3-sources.jar
2026-02-24 13:50:13,136 [Worker-10: ソースおよび Javadoc のダウンロード] INFO  o.e.m.j.internal.DownloadSourcesJob - Downloaded sources for org.eclipse.angus:angus-activation:2.0.3
2026-02-24 13:50:13,209 [Worker-10: ソースおよび Javadoc のダウンロード] INFO  o.e.m.c.i.e.AbstractTransferListenerAdapter - Downloading https://repo.maven.apache.org/maven2/org/glassfish/jaxb/txw2/4.0.6/txw2-4.0.6-sources.jar
2026-02-24 13:50:13,262 [Worker-10: ソースおよび Javadoc のダウンロード] INFO  o.e.m.c.i.e.AbstractTransferListenerAdapter - Downloaded https://repo.maven.apache.org/maven2/org/glassfish/jaxb/txw2/4.0.6/txw2-4.0.6-sources.jar
2026-02-24 13:50:13,268 [Worker-10: ソースおよび Javadoc のダウンロード] INFO  o.e.m.j.internal.DownloadSourcesJob - Downloaded sources for org.glassfish.jaxb:txw2:4.0.6
2026-02-24 13:50:13,366 [Worker-10: ソースおよび Javadoc のダウンロード] INFO  o.e.m.c.i.e.AbstractTransferListenerAdapter - Downloading https://repo.maven.apache.org/maven2/com/sun/istack/istack-commons-runtime/4.1.2/istack-commons-runtime-4.1.2-sources.jar
2026-02-24 13:50:13,927 [Worker-10: ソースおよび Javadoc のダウンロード] INFO  o.e.m.c.i.e.AbstractTransferListenerAdapter - Downloaded https://repo.maven.apache.org/maven2/com/sun/istack/istack-commons-runtime/4.1.2/istack-commons-runtime-4.1.2-sources.jar
2026-02-24 13:50:13,931 [Worker-10: ソースおよび Javadoc のダウンロード] INFO  o.e.m.j.internal.DownloadSourcesJob - Downloaded sources for com.sun.istack:istack-commons-runtime:4.1.2
2026-02-24 13:50:14,001 [Worker-10: ソースおよび Javadoc のダウンロード] INFO  o.e.m.c.i.e.AbstractTransferListenerAdapter - Downloading https://repo.maven.apache.org/maven2/jakarta/inject/jakarta.inject-api/2.0.1/jakarta.inject-api-2.0.1-sources.jar
2026-02-24 13:50:14,299 [Worker-10: ソースおよび Javadoc のダウンロード] INFO  o.e.m.c.i.e.AbstractTransferListenerAdapter - Downloaded https://repo.maven.apache.org/maven2/jakarta/inject/jakarta.inject-api/2.0.1/jakarta.inject-api-2.0.1-sources.jar
2026-02-24 13:50:14,304 [Worker-10: ソースおよび Javadoc のダウンロード] INFO  o.e.m.j.internal.DownloadSourcesJob - Downloaded sources for jakarta.inject:jakarta.inject-api:2.0.1
2026-02-24 13:50:14,375 [Worker-10: ソースおよび Javadoc のダウンロード] INFO  o.e.m.c.i.e.AbstractTransferListenerAdapter - Downloading https://repo.maven.apache.org/maven2/org/springframework/spring-orm/7.0.5/spring-orm-7.0.5-sources.jar
2026-02-24 13:50:14,440 [Worker-10: ソースおよび Javadoc のダウンロード] INFO  o.e.m.c.i.e.AbstractTransferListenerAdapter - Downloaded https://repo.maven.apache.org/maven2/org/springframework/spring-orm/7.0.5/spring-orm-7.0.5-sources.jar
2026-02-24 13:50:14,445 [Worker-10: ソースおよび Javadoc のダウンロード] INFO  o.e.m.j.internal.DownloadSourcesJob - Downloaded sources for org.springframework:spring-orm:7.0.5
2026-02-24 13:50:14,521 [Worker-10: ソースおよび Javadoc のダウンロード] INFO  o.e.m.c.i.e.AbstractTransferListenerAdapter - Downloading https://repo.maven.apache.org/maven2/org/springframework/data/spring-data-jpa/4.0.3/spring-data-jpa-4.0.3-sources.jar
2026-02-24 13:50:14,634 [Worker-10: ソースおよび Javadoc のダウンロード] INFO  o.e.m.c.i.e.AbstractTransferListenerAdapter - Downloaded https://repo.maven.apache.org/maven2/org/springframework/data/spring-data-jpa/4.0.3/spring-data-jpa-4.0.3-sources.jar
2026-02-24 13:50:14,638 [Worker-10: ソースおよび Javadoc のダウンロード] INFO  o.e.m.j.internal.DownloadSourcesJob - Downloaded sources for org.springframework.data:spring-data-jpa:4.0.3
2026-02-24 13:50:14,705 [Worker-10: ソースおよび Javadoc のダウンロード] INFO  o.e.m.c.i.e.AbstractTransferListenerAdapter - Downloading https://repo.maven.apache.org/maven2/org/springframework/spring-aop/7.0.5/spring-aop-7.0.5-sources.jar
2026-02-24 13:50:14,798 [Worker-10: ソースおよび Javadoc のダウンロード] INFO  o.e.m.c.i.e.AbstractTransferListenerAdapter - Downloaded https://repo.maven.apache.org/maven2/org/springframework/spring-aop/7.0.5/spring-aop-7.0.5-sources.jar
2026-02-24 13:50:14,803 [Worker-10: ソースおよび Javadoc のダウンロード] INFO  o.e.m.j.internal.DownloadSourcesJob - Downloaded sources for org.springframework:spring-aop:7.0.5
2026-02-24 13:50:14,868 [Worker-10: ソースおよび Javadoc のダウンロード] INFO  o.e.m.c.i.e.AbstractTransferListenerAdapter - Downloading https://repo.maven.apache.org/maven2/org/springframework/spring-tx/7.0.5/spring-tx-7.0.5-sources.jar
2026-02-24 13:50:14,953 [Worker-10: ソースおよび Javadoc のダウンロード] INFO  o.e.m.c.i.e.AbstractTransferListenerAdapter - Downloaded https://repo.maven.apache.org/maven2/org/springframework/spring-tx/7.0.5/spring-tx-7.0.5-sources.jar
2026-02-24 13:50:14,958 [Worker-10: ソースおよび Javadoc のダウンロード] INFO  o.e.m.j.internal.DownloadSourcesJob - Downloaded sources for org.springframework:spring-tx:7.0.5
2026-02-24 13:50:15,033 [Worker-10: ソースおよび Javadoc のダウンロード] INFO  o.e.m.c.i.e.AbstractTransferListenerAdapter - Downloading https://repo.maven.apache.org/maven2/org/springframework/spring-beans/7.0.5/spring-beans-7.0.5-sources.jar
2026-02-24 13:50:15,149 [Worker-10: ソースおよび Javadoc のダウンロード] INFO  o.e.m.c.i.e.AbstractTransferListenerAdapter - Downloaded https://repo.maven.apache.org/maven2/org/springframework/spring-beans/7.0.5/spring-beans-7.0.5-sources.jar
2026-02-24 13:50:15,154 [Worker-10: ソースおよび Javadoc のダウンロード] INFO  o.e.m.j.internal.DownloadSourcesJob - Downloaded sources for org.springframework:spring-beans:7.0.5
2026-02-24 13:50:15,230 [Worker-10: ソースおよび Javadoc のダウンロード] INFO  o.e.m.c.i.e.AbstractTransferListenerAdapter - Downloading https://repo.maven.apache.org/maven2/org/antlr/antlr4-runtime/4.13.2/antlr4-runtime-4.13.2-sources.jar
2026-02-24 13:50:15,312 [Worker-10: ソースおよび Javadoc のダウンロード] INFO  o.e.m.c.i.e.AbstractTransferListenerAdapter - Downloaded https://repo.maven.apache.org/maven2/org/antlr/antlr4-runtime/4.13.2/antlr4-runtime-4.13.2-sources.jar
2026-02-24 13:50:15,318 [Worker-10: ソースおよび Javadoc のダウンロード] INFO  o.e.m.j.internal.DownloadSourcesJob - Downloaded sources for org.antlr:antlr4-runtime:4.13.2
2026-02-24 13:50:15,395 [Worker-10: ソースおよび Javadoc のダウンロード] INFO  o.e.m.c.i.e.AbstractTransferListenerAdapter - Downloading https://repo.maven.apache.org/maven2/org/springframework/spring-aspects/7.0.5/spring-aspects-7.0.5-sources.jar
2026-02-24 13:50:16,019 [Worker-10: ソースおよび Javadoc のダウンロード] INFO  o.e.m.c.i.e.AbstractTransferListenerAdapter - Downloaded https://repo.maven.apache.org/maven2/org/springframework/spring-aspects/7.0.5/spring-aspects-7.0.5-sources.jar
2026-02-24 13:50:16,024 [Worker-10: ソースおよび Javadoc のダウンロード] INFO  o.e.m.j.internal.DownloadSourcesJob - Downloaded sources for org.springframework:spring-aspects:7.0.5
2026-02-24 13:50:16,093 [Worker-10: ソースおよび Javadoc のダウンロード] INFO  o.e.m.c.i.e.AbstractTransferListenerAdapter - Downloading https://repo.maven.apache.org/maven2/org/aspectj/aspectjweaver/1.9.25.1/aspectjweaver-1.9.25.1-sources.jar
2026-02-24 13:50:16,283 [Worker-10: ソースおよび Javadoc のダウンロード] INFO  o.e.m.c.i.e.AbstractTransferListenerAdapter - Downloaded https://repo.maven.apache.org/maven2/org/aspectj/aspectjweaver/1.9.25.1/aspectjweaver-1.9.25.1-sources.jar
2026-02-24 13:50:16,288 [Worker-10: ソースおよび Javadoc のダウンロード] INFO  o.e.m.j.internal.DownloadSourcesJob - Downloaded sources for org.aspectj:aspectjweaver:1.9.25.1
2026-02-24 13:50:16,358 [Worker-10: ソースおよび Javadoc のダウンロード] INFO  o.e.m.c.i.e.AbstractTransferListenerAdapter - Downloading https://repo.maven.apache.org/maven2/org/springframework/boot/spring-boot-jdbc/4.0.3/spring-boot-jdbc-4.0.3-sources.jar
2026-02-24 13:50:16,408 [Worker-10: ソースおよび Javadoc のダウンロード] INFO  o.e.m.c.i.e.AbstractTransferListenerAdapter - Downloaded https://repo.maven.apache.org/maven2/org/springframework/boot/spring-boot-jdbc/4.0.3/spring-boot-jdbc-4.0.3-sources.jar
2026-02-24 13:50:16,413 [Worker-10: ソースおよび Javadoc のダウンロード] INFO  o.e.m.j.internal.DownloadSourcesJob - Downloaded sources for org.springframework.boot:spring-boot-jdbc:4.0.3
2026-02-24 13:50:16,484 [Worker-10: ソースおよび Javadoc のダウンロード] INFO  o.e.m.c.i.e.AbstractTransferListenerAdapter - Downloading https://repo.maven.apache.org/maven2/org/springframework/boot/spring-boot-sql/4.0.3/spring-boot-sql-4.0.3-sources.jar
2026-02-24 13:50:17,066 [Worker-10: ソースおよび Javadoc のダウンロード] INFO  o.e.m.c.i.e.AbstractTransferListenerAdapter - Downloaded https://repo.maven.apache.org/maven2/org/springframework/boot/spring-boot-sql/4.0.3/spring-boot-sql-4.0.3-sources.jar
2026-02-24 13:50:17,071 [Worker-10: ソースおよび Javadoc のダウンロード] INFO  o.e.m.j.internal.DownloadSourcesJob - Downloaded sources for org.springframework.boot:spring-boot-sql:4.0.3
2026-02-24 13:50:17,139 [Worker-10: ソースおよび Javadoc のダウンロード] INFO  o.e.m.c.i.e.AbstractTransferListenerAdapter - Downloading https://repo.maven.apache.org/maven2/org/springframework/boot/spring-boot-transaction/4.0.3/spring-boot-transaction-4.0.3-sources.jar
2026-02-24 13:50:17,466 [Worker-10: ソースおよび Javadoc のダウンロード] INFO  o.e.m.c.i.e.AbstractTransferListenerAdapter - Downloaded https://repo.maven.apache.org/maven2/org/springframework/boot/spring-boot-transaction/4.0.3/spring-boot-transaction-4.0.3-sources.jar
2026-02-24 13:50:17,472 [Worker-10: ソースおよび Javadoc のダウンロード] INFO  o.e.m.j.internal.DownloadSourcesJob - Downloaded sources for org.springframework.boot:spring-boot-transaction:4.0.3
2026-02-24 13:50:17,542 [Worker-10: ソースおよび Javadoc のダウンロード] INFO  o.e.m.c.i.e.AbstractTransferListenerAdapter - Downloading https://repo.maven.apache.org/maven2/org/springframework/spring-jdbc/7.0.5/spring-jdbc-7.0.5-sources.jar
2026-02-24 13:50:17,642 [Worker-10: ソースおよび Javadoc のダウンロード] INFO  o.e.m.c.i.e.AbstractTransferListenerAdapter - Downloaded https://repo.maven.apache.org/maven2/org/springframework/spring-jdbc/7.0.5/spring-jdbc-7.0.5-sources.jar
2026-02-24 13:50:17,647 [Worker-10: ソースおよび Javadoc のダウンロード] INFO  o.e.m.j.internal.DownloadSourcesJob - Downloaded sources for org.springframework:spring-jdbc:7.0.5
2026-02-24 13:50:17,711 [Worker-10: ソースおよび Javadoc のダウンロード] INFO  o.e.m.c.i.e.AbstractTransferListenerAdapter - Downloading https://repo.maven.apache.org/maven2/org/springframework/boot/spring-boot-starter-thymeleaf/4.0.3/spring-boot-starter-thymeleaf-4.0.3-sources.jar
2026-02-24 13:50:17,721 [Worker-10: ソースおよび Javadoc のダウンロード] INFO  o.e.m.c.i.e.AbstractTransferListenerAdapter - Downloaded https://repo.maven.apache.org/maven2/org/springframework/boot/spring-boot-starter-thymeleaf/4.0.3/spring-boot-starter-thymeleaf-4.0.3-sources.jar
2026-02-24 13:50:17,726 [Worker-10: ソースおよび Javadoc のダウンロード] INFO  o.e.m.j.internal.DownloadSourcesJob - Downloaded sources for org.springframework.boot:spring-boot-starter-thymeleaf:4.0.3
2026-02-24 13:50:17,794 [Worker-10: ソースおよび Javadoc のダウンロード] INFO  o.e.m.c.i.e.AbstractTransferListenerAdapter - Downloading https://repo.maven.apache.org/maven2/org/springframework/boot/spring-boot-thymeleaf/4.0.3/spring-boot-thymeleaf-4.0.3-sources.jar
2026-02-24 13:50:18,117 [Worker-10: ソースおよび Javadoc のダウンロード] INFO  o.e.m.c.i.e.AbstractTransferListenerAdapter - Downloaded https://repo.maven.apache.org/maven2/org/springframework/boot/spring-boot-thymeleaf/4.0.3/spring-boot-thymeleaf-4.0.3-sources.jar
2026-02-24 13:50:18,123 [Worker-10: ソースおよび Javadoc のダウンロード] INFO  o.e.m.j.internal.DownloadSourcesJob - Downloaded sources for org.springframework.boot:spring-boot-thymeleaf:4.0.3
2026-02-24 13:50:18,197 [Worker-10: ソースおよび Javadoc のダウンロード] INFO  o.e.m.c.i.e.AbstractTransferListenerAdapter - Downloading https://repo.maven.apache.org/maven2/org/thymeleaf/thymeleaf-spring6/3.1.3.RELEASE/thymeleaf-spring6-3.1.3.RELEASE-sources.jar
2026-02-24 13:50:18,266 [Worker-10: ソースおよび Javadoc のダウンロード] INFO  o.e.m.c.i.e.AbstractTransferListenerAdapter - Downloaded https://repo.maven.apache.org/maven2/org/thymeleaf/thymeleaf-spring6/3.1.3.RELEASE/thymeleaf-spring6-3.1.3.RELEASE-sources.jar
2026-02-24 13:50:18,271 [Worker-10: ソースおよび Javadoc のダウンロード] INFO  o.e.m.j.internal.DownloadSourcesJob - Downloaded sources for org.thymeleaf:thymeleaf-spring6:3.1.3.RELEASE
2026-02-24 13:50:18,341 [Worker-10: ソースおよび Javadoc のダウンロード] INFO  o.e.m.c.i.e.AbstractTransferListenerAdapter - Downloading https://repo.maven.apache.org/maven2/org/thymeleaf/thymeleaf/3.1.3.RELEASE/thymeleaf-3.1.3.RELEASE-sources.jar
2026-02-24 13:50:18,460 [Worker-10: ソースおよび Javadoc のダウンロード] INFO  o.e.m.c.i.e.AbstractTransferListenerAdapter - Downloaded https://repo.maven.apache.org/maven2/org/thymeleaf/thymeleaf/3.1.3.RELEASE/thymeleaf-3.1.3.RELEASE-sources.jar
2026-02-24 13:50:18,464 [Worker-10: ソースおよび Javadoc のダウンロード] INFO  o.e.m.j.internal.DownloadSourcesJob - Downloaded sources for org.thymeleaf:thymeleaf:3.1.3.RELEASE
2026-02-24 13:50:18,543 [Worker-10: ソースおよび Javadoc のダウンロード] INFO  o.e.m.c.i.e.AbstractTransferListenerAdapter - Downloading https://repo.maven.apache.org/maven2/org/attoparser/attoparser/2.0.7.RELEASE/attoparser-2.0.7.RELEASE-sources.jar
2026-02-24 13:50:18,614 [Worker-10: ソースおよび Javadoc のダウンロード] INFO  o.e.m.c.i.e.AbstractTransferListenerAdapter - Downloaded https://repo.maven.apache.org/maven2/org/attoparser/attoparser/2.0.7.RELEASE/attoparser-2.0.7.RELEASE-sources.jar
2026-02-24 13:50:18,620 [Worker-10: ソースおよび Javadoc のダウンロード] INFO  o.e.m.j.internal.DownloadSourcesJob - Downloaded sources for org.attoparser:attoparser:2.0.7.RELEASE
2026-02-24 13:50:18,724 [Worker-10: ソースおよび Javadoc のダウンロード] INFO  o.e.m.c.i.e.AbstractTransferListenerAdapter - Downloading https://repo.maven.apache.org/maven2/org/unbescape/unbescape/1.1.6.RELEASE/unbescape-1.1.6.RELEASE-sources.jar
2026-02-24 13:50:18,798 [Worker-10: ソースおよび Javadoc のダウンロード] INFO  o.e.m.c.i.e.AbstractTransferListenerAdapter - Downloaded https://repo.maven.apache.org/maven2/org/unbescape/unbescape/1.1.6.RELEASE/unbescape-1.1.6.RELEASE-sources.jar
2026-02-24 13:50:18,803 [Worker-10: ソースおよび Javadoc のダウンロード] INFO  o.e.m.j.internal.DownloadSourcesJob - Downloaded sources for org.unbescape:unbescape:1.1.6.RELEASE
2026-02-24 13:50:18,866 [Worker-10: ソースおよび Javadoc のダウンロード] INFO  o.e.m.c.i.e.AbstractTransferListenerAdapter - Downloading https://repo.maven.apache.org/maven2/org/springframework/spring-web/7.0.5/spring-web-7.0.5-sources.jar
2026-02-24 13:50:19,034 [Worker-10: ソースおよび Javadoc のダウンロード] INFO  o.e.m.c.i.e.AbstractTransferListenerAdapter - Downloaded https://repo.maven.apache.org/maven2/org/springframework/spring-web/7.0.5/spring-web-7.0.5-sources.jar
2026-02-24 13:50:19,039 [Worker-10: ソースおよび Javadoc のダウンロード] INFO  o.e.m.j.internal.DownloadSourcesJob - Downloaded sources for org.springframework:spring-web:7.0.5
2026-02-24 13:50:19,105 [Worker-10: ソースおよび Javadoc のダウンロード] INFO  o.e.m.c.i.e.AbstractTransferListenerAdapter - Downloading https://repo.maven.apache.org/maven2/io/micrometer/micrometer-observation/1.16.3/micrometer-observation-1.16.3-sources.jar
2026-02-24 13:50:19,147 [Worker-10: ソースおよび Javadoc のダウンロード] INFO  o.e.m.c.i.e.AbstractTransferListenerAdapter - Downloaded https://repo.maven.apache.org/maven2/io/micrometer/micrometer-observation/1.16.3/micrometer-observation-1.16.3-sources.jar
2026-02-24 13:50:19,152 [Worker-10: ソースおよび Javadoc のダウンロード] INFO  o.e.m.j.internal.DownloadSourcesJob - Downloaded sources for io.micrometer:micrometer-observation:1.16.3
2026-02-24 13:50:19,222 [Worker-10: ソースおよび Javadoc のダウンロード] INFO  o.e.m.c.i.e.AbstractTransferListenerAdapter - Downloading https://repo.maven.apache.org/maven2/io/micrometer/micrometer-commons/1.16.3/micrometer-commons-1.16.3-sources.jar
2026-02-24 13:50:20,176 [Worker-10: ソースおよび Javadoc のダウンロード] INFO  o.e.m.c.i.e.AbstractTransferListenerAdapter - Downloaded https://repo.maven.apache.org/maven2/io/micrometer/micrometer-commons/1.16.3/micrometer-commons-1.16.3-sources.jar
2026-02-24 13:50:20,182 [Worker-10: ソースおよび Javadoc のダウンロード] INFO  o.e.m.j.internal.DownloadSourcesJob - Downloaded sources for io.micrometer:micrometer-commons:1.16.3
2026-02-24 13:50:20,265 [Worker-10: ソースおよび Javadoc のダウンロード] INFO  o.e.m.c.i.e.AbstractTransferListenerAdapter - Downloading https://repo.maven.apache.org/maven2/org/springframework/boot/spring-boot-starter-webmvc/4.0.3/spring-boot-starter-webmvc-4.0.3-sources.jar
2026-02-24 13:50:20,273 [Worker-10: ソースおよび Javadoc のダウンロード] INFO  o.e.m.c.i.e.AbstractTransferListenerAdapter - Downloaded https://repo.maven.apache.org/maven2/org/springframework/boot/spring-boot-starter-webmvc/4.0.3/spring-boot-starter-webmvc-4.0.3-sources.jar
2026-02-24 13:50:20,278 [Worker-10: ソースおよび Javadoc のダウンロード] INFO  o.e.m.j.internal.DownloadSourcesJob - Downloaded sources for org.springframework.boot:spring-boot-starter-webmvc:4.0.3
2026-02-24 13:50:20,358 [Worker-10: ソースおよび Javadoc のダウンロード] INFO  o.e.m.c.i.e.AbstractTransferListenerAdapter - Downloading https://repo.maven.apache.org/maven2/org/springframework/boot/spring-boot-starter-jackson/4.0.3/spring-boot-starter-jackson-4.0.3-sources.jar
2026-02-24 13:50:20,368 [Worker-10: ソースおよび Javadoc のダウンロード] INFO  o.e.m.c.i.e.AbstractTransferListenerAdapter - Downloaded https://repo.maven.apache.org/maven2/org/springframework/boot/spring-boot-starter-jackson/4.0.3/spring-boot-starter-jackson-4.0.3-sources.jar
2026-02-24 13:50:20,374 [Worker-10: ソースおよび Javadoc のダウンロード] INFO  o.e.m.j.internal.DownloadSourcesJob - Downloaded sources for org.springframework.boot:spring-boot-starter-jackson:4.0.3
2026-02-24 13:50:20,448 [Worker-10: ソースおよび Javadoc のダウンロード] INFO  o.e.m.c.i.e.AbstractTransferListenerAdapter - Downloading https://repo.maven.apache.org/maven2/org/springframework/boot/spring-boot-jackson/4.0.3/spring-boot-jackson-4.0.3-sources.jar
2026-02-24 13:50:21,359 [Worker-10: ソースおよび Javadoc のダウンロード] INFO  o.e.m.c.i.e.AbstractTransferListenerAdapter - Downloaded https://repo.maven.apache.org/maven2/org/springframework/boot/spring-boot-jackson/4.0.3/spring-boot-jackson-4.0.3-sources.jar
2026-02-24 13:50:21,366 [Worker-10: ソースおよび Javadoc のダウンロード] INFO  o.e.m.j.internal.DownloadSourcesJob - Downloaded sources for org.springframework.boot:spring-boot-jackson:4.0.3
2026-02-24 13:50:21,441 [Worker-10: ソースおよび Javadoc のダウンロード] INFO  o.e.m.c.i.e.AbstractTransferListenerAdapter - Downloading https://repo.maven.apache.org/maven2/tools/jackson/core/jackson-databind/3.0.4/jackson-databind-3.0.4-sources.jar
2026-02-24 13:50:21,605 [Worker-10: ソースおよび Javadoc のダウンロード] INFO  o.e.m.c.i.e.AbstractTransferListenerAdapter - Downloaded https://repo.maven.apache.org/maven2/tools/jackson/core/jackson-databind/3.0.4/jackson-databind-3.0.4-sources.jar
2026-02-24 13:50:21,611 [Worker-10: ソースおよび Javadoc のダウンロード] INFO  o.e.m.j.internal.DownloadSourcesJob - Downloaded sources for tools.jackson.core:jackson-databind:3.0.4
2026-02-24 13:50:21,689 [Worker-10: ソースおよび Javadoc のダウンロード] INFO  o.e.m.c.i.e.AbstractTransferListenerAdapter - Downloading https://repo.maven.apache.org/maven2/com/fasterxml/jackson/core/jackson-annotations/2.20/jackson-annotations-2.20-sources.jar
2026-02-24 13:50:21,751 [Worker-10: ソースおよび Javadoc のダウンロード] INFO  o.e.m.c.i.e.AbstractTransferListenerAdapter - Downloaded https://repo.maven.apache.org/maven2/com/fasterxml/jackson/core/jackson-annotations/2.20/jackson-annotations-2.20-sources.jar
2026-02-24 13:50:21,756 [Worker-10: ソースおよび Javadoc のダウンロード] INFO  o.e.m.j.internal.DownloadSourcesJob - Downloaded sources for com.fasterxml.jackson.core:jackson-annotations:2.20
2026-02-24 13:50:21,832 [Worker-10: ソースおよび Javadoc のダウンロード] INFO  o.e.m.c.i.e.AbstractTransferListenerAdapter - Downloading https://repo.maven.apache.org/maven2/tools/jackson/core/jackson-core/3.0.4/jackson-core-3.0.4-sources.jar
2026-02-24 13:50:21,930 [Worker-10: ソースおよび Javadoc のダウンロード] INFO  o.e.m.c.i.e.AbstractTransferListenerAdapter - Downloaded https://repo.maven.apache.org/maven2/tools/jackson/core/jackson-core/3.0.4/jackson-core-3.0.4-sources.jar
2026-02-24 13:50:21,936 [Worker-10: ソースおよび Javadoc のダウンロード] INFO  o.e.m.j.internal.DownloadSourcesJob - Downloaded sources for tools.jackson.core:jackson-core:3.0.4
2026-02-24 13:50:22,004 [Worker-10: ソースおよび Javadoc のダウンロード] INFO  o.e.m.c.i.e.AbstractTransferListenerAdapter - Downloading https://repo.maven.apache.org/maven2/org/springframework/boot/spring-boot-http-converter/4.0.3/spring-boot-http-converter-4.0.3-sources.jar
2026-02-24 13:50:22,475 [Worker-10: ソースおよび Javadoc のダウンロード] INFO  o.e.m.c.i.e.AbstractTransferListenerAdapter - Downloaded https://repo.maven.apache.org/maven2/org/springframework/boot/spring-boot-http-converter/4.0.3/spring-boot-http-converter-4.0.3-sources.jar
2026-02-24 13:50:22,480 [Worker-10: ソースおよび Javadoc のダウンロード] INFO  o.e.m.j.internal.DownloadSourcesJob - Downloaded sources for org.springframework.boot:spring-boot-http-converter:4.0.3
2026-02-24 13:50:22,553 [Worker-10: ソースおよび Javadoc のダウンロード] INFO  o.e.m.c.i.e.AbstractTransferListenerAdapter - Downloading https://repo.maven.apache.org/maven2/org/springframework/boot/spring-boot-webmvc/4.0.3/spring-boot-webmvc-4.0.3-sources.jar
2026-02-24 13:50:22,607 [Worker-10: ソースおよび Javadoc のダウンロード] INFO  o.e.m.c.i.e.AbstractTransferListenerAdapter - Downloaded https://repo.maven.apache.org/maven2/org/springframework/boot/spring-boot-webmvc/4.0.3/spring-boot-webmvc-4.0.3-sources.jar
2026-02-24 13:50:22,613 [Worker-10: ソースおよび Javadoc のダウンロード] INFO  o.e.m.j.internal.DownloadSourcesJob - Downloaded sources for org.springframework.boot:spring-boot-webmvc:4.0.3
2026-02-24 13:50:22,679 [Worker-10: ソースおよび Javadoc のダウンロード] INFO  o.e.m.c.i.e.AbstractTransferListenerAdapter - Downloading https://repo.maven.apache.org/maven2/org/springframework/boot/spring-boot-servlet/4.0.3/spring-boot-servlet-4.0.3-sources.jar
2026-02-24 13:50:23,453 [Worker-10: ソースおよび Javadoc のダウンロード] INFO  o.e.m.c.i.e.AbstractTransferListenerAdapter - Downloaded https://repo.maven.apache.org/maven2/org/springframework/boot/spring-boot-servlet/4.0.3/spring-boot-servlet-4.0.3-sources.jar
2026-02-24 13:50:23,458 [Worker-10: ソースおよび Javadoc のダウンロード] INFO  o.e.m.j.internal.DownloadSourcesJob - Downloaded sources for org.springframework.boot:spring-boot-servlet:4.0.3
2026-02-24 13:50:23,532 [Worker-10: ソースおよび Javadoc のダウンロード] INFO  o.e.m.c.i.e.AbstractTransferListenerAdapter - Downloading https://repo.maven.apache.org/maven2/org/springframework/spring-webmvc/7.0.5/spring-webmvc-7.0.5-sources.jar
2026-02-24 13:50:23,655 [Worker-10: ソースおよび Javadoc のダウンロード] INFO  o.e.m.c.i.e.AbstractTransferListenerAdapter - Downloaded https://repo.maven.apache.org/maven2/org/springframework/spring-webmvc/7.0.5/spring-webmvc-7.0.5-sources.jar
2026-02-24 13:50:23,661 [Worker-10: ソースおよび Javadoc のダウンロード] INFO  o.e.m.j.internal.DownloadSourcesJob - Downloaded sources for org.springframework:spring-webmvc:7.0.5
2026-02-24 13:50:23,735 [Worker-10: ソースおよび Javadoc のダウンロード] INFO  o.e.m.c.i.e.AbstractTransferListenerAdapter - Downloading https://repo.maven.apache.org/maven2/org/springframework/spring-expression/7.0.5/spring-expression-7.0.5-sources.jar
2026-02-24 13:50:23,808 [Worker-10: ソースおよび Javadoc のダウンロード] INFO  o.e.m.c.i.e.AbstractTransferListenerAdapter - Downloaded https://repo.maven.apache.org/maven2/org/springframework/spring-expression/7.0.5/spring-expression-7.0.5-sources.jar
2026-02-24 13:50:23,813 [Worker-10: ソースおよび Javadoc のダウンロード] INFO  o.e.m.j.internal.DownloadSourcesJob - Downloaded sources for org.springframework:spring-expression:7.0.5
2026-02-24 13:50:23,885 [Worker-10: ソースおよび Javadoc のダウンロード] INFO  o.e.m.c.i.e.AbstractTransferListenerAdapter - Downloading https://repo.maven.apache.org/maven2/org/springframework/boot/spring-boot-devtools/4.0.3/spring-boot-devtools-4.0.3-sources.jar
2026-02-24 13:50:23,947 [Worker-10: ソースおよび Javadoc のダウンロード] INFO  o.e.m.c.i.e.AbstractTransferListenerAdapter - Downloaded https://repo.maven.apache.org/maven2/org/springframework/boot/spring-boot-devtools/4.0.3/spring-boot-devtools-4.0.3-sources.jar
2026-02-24 13:50:23,952 [Worker-10: ソースおよび Javadoc のダウンロード] INFO  o.e.m.j.internal.DownloadSourcesJob - Downloaded sources for org.springframework.boot:spring-boot-devtools:4.0.3
2026-02-24 13:50:24,033 [Worker-10: ソースおよび Javadoc のダウンロード] INFO  o.e.m.c.i.e.AbstractTransferListenerAdapter - Downloading https://repo.maven.apache.org/maven2/org/springframework/boot/spring-boot/4.0.3/spring-boot-4.0.3-sources.jar
2026-02-24 13:50:24,171 [Worker-10: ソースおよび Javadoc のダウンロード] INFO  o.e.m.c.i.e.AbstractTransferListenerAdapter - Downloaded https://repo.maven.apache.org/maven2/org/springframework/boot/spring-boot/4.0.3/spring-boot-4.0.3-sources.jar
2026-02-24 13:50:24,176 [Worker-10: ソースおよび Javadoc のダウンロード] INFO  o.e.m.j.internal.DownloadSourcesJob - Downloaded sources for org.springframework.boot:spring-boot:4.0.3
2026-02-24 13:50:24,250 [Worker-10: ソースおよび Javadoc のダウンロード] INFO  o.e.m.c.i.e.AbstractTransferListenerAdapter - Downloading https://repo.maven.apache.org/maven2/org/springframework/spring-core/7.0.5/spring-core-7.0.5-sources.jar
2026-02-24 13:50:24,406 [Worker-10: ソースおよび Javadoc のダウンロード] INFO  o.e.m.c.i.e.AbstractTransferListenerAdapter - Downloaded https://repo.maven.apache.org/maven2/org/springframework/spring-core/7.0.5/spring-core-7.0.5-sources.jar
2026-02-24 13:50:24,410 [Worker-10: ソースおよび Javadoc のダウンロード] INFO  o.e.m.j.internal.DownloadSourcesJob - Downloaded sources for org.springframework:spring-core:7.0.5
2026-02-24 13:50:24,483 [Worker-10: ソースおよび Javadoc のダウンロード] INFO  o.e.m.c.i.e.AbstractTransferListenerAdapter - Downloading https://repo.maven.apache.org/maven2/commons-logging/commons-logging/1.3.5/commons-logging-1.3.5-sources.jar
2026-02-24 13:50:24,528 [Worker-10: ソースおよび Javadoc のダウンロード] INFO  o.e.m.c.i.e.AbstractTransferListenerAdapter - Downloaded https://repo.maven.apache.org/maven2/commons-logging/commons-logging/1.3.5/commons-logging-1.3.5-sources.jar
2026-02-24 13:50:24,532 [Worker-10: ソースおよび Javadoc のダウンロード] INFO  o.e.m.j.internal.DownloadSourcesJob - Downloaded sources for commons-logging:commons-logging:1.3.5
2026-02-24 13:50:24,597 [Worker-10: ソースおよび Javadoc のダウンロード] INFO  o.e.m.c.i.e.AbstractTransferListenerAdapter - Downloading https://repo.maven.apache.org/maven2/org/jspecify/jspecify/1.0.0/jspecify-1.0.0-sources.jar
2026-02-24 13:50:24,767 [Worker-10: ソースおよび Javadoc のダウンロード] INFO  o.e.m.c.i.e.AbstractTransferListenerAdapter - Downloaded https://repo.maven.apache.org/maven2/org/jspecify/jspecify/1.0.0/jspecify-1.0.0-sources.jar
2026-02-24 13:50:24,772 [Worker-10: ソースおよび Javadoc のダウンロード] INFO  o.e.m.j.internal.DownloadSourcesJob - Downloaded sources for org.jspecify:jspecify:1.0.0
2026-02-24 13:50:24,841 [Worker-10: ソースおよび Javadoc のダウンロード] INFO  o.e.m.c.i.e.AbstractTransferListenerAdapter - Downloading https://repo.maven.apache.org/maven2/org/springframework/spring-context/7.0.5/spring-context-7.0.5-sources.jar
2026-02-24 13:50:24,970 [Worker-10: ソースおよび Javadoc のダウンロード] INFO  o.e.m.c.i.e.AbstractTransferListenerAdapter - Downloaded https://repo.maven.apache.org/maven2/org/springframework/spring-context/7.0.5/spring-context-7.0.5-sources.jar
2026-02-24 13:50:24,974 [Worker-10: ソースおよび Javadoc のダウンロード] INFO  o.e.m.j.internal.DownloadSourcesJob - Downloaded sources for org.springframework:spring-context:7.0.5
2026-02-24 13:50:25,041 [Worker-10: ソースおよび Javadoc のダウンロード] INFO  o.e.m.c.i.e.AbstractTransferListenerAdapter - Downloading https://repo.maven.apache.org/maven2/org/springframework/boot/spring-boot-autoconfigure/4.0.3/spring-boot-autoconfigure-4.0.3-sources.jar
2026-02-24 13:50:25,109 [Worker-10: ソースおよび Javadoc のダウンロード] INFO  o.e.m.c.i.e.AbstractTransferListenerAdapter - Downloaded https://repo.maven.apache.org/maven2/org/springframework/boot/spring-boot-autoconfigure/4.0.3/spring-boot-autoconfigure-4.0.3-sources.jar
2026-02-24 13:50:25,113 [Worker-10: ソースおよび Javadoc のダウンロード] INFO  o.e.m.j.internal.DownloadSourcesJob - Downloaded sources for org.springframework.boot:spring-boot-autoconfigure:4.0.3
2026-02-24 13:50:25,195 [Worker-10: ソースおよび Javadoc のダウンロード] INFO  o.e.m.c.i.e.AbstractTransferListenerAdapter - Downloading https://repo.maven.apache.org/maven2/org/postgresql/postgresql/42.7.10/postgresql-42.7.10-sources.jar
2026-02-24 13:50:25,306 [Worker-10: ソースおよび Javadoc のダウンロード] INFO  o.e.m.c.i.e.AbstractTransferListenerAdapter - Downloaded https://repo.maven.apache.org/maven2/org/postgresql/postgresql/42.7.10/postgresql-42.7.10-sources.jar
2026-02-24 13:50:25,311 [Worker-10: ソースおよび Javadoc のダウンロード] INFO  o.e.m.j.internal.DownloadSourcesJob - Downloaded sources for org.postgresql:postgresql:42.7.10
2026-02-24 13:50:25,393 [Worker-10: ソースおよび Javadoc のダウンロード] INFO  o.e.m.c.i.e.AbstractTransferListenerAdapter - Downloading https://repo.maven.apache.org/maven2/org/checkerframework/checker-qual/3.52.0/checker-qual-3.52.0-sources.jar
2026-02-24 13:50:25,481 [Worker-10: ソースおよび Javadoc のダウンロード] INFO  o.e.m.c.i.e.AbstractTransferListenerAdapter - Downloaded https://repo.maven.apache.org/maven2/org/checkerframework/checker-qual/3.52.0/checker-qual-3.52.0-sources.jar
2026-02-24 13:50:25,486 [Worker-10: ソースおよび Javadoc のダウンロード] INFO  o.e.m.j.internal.DownloadSourcesJob - Downloaded sources for org.checkerframework:checker-qual:3.52.0
2026-02-24 13:50:25,554 [Worker-10: ソースおよび Javadoc のダウンロード] INFO  o.e.m.c.i.e.AbstractTransferListenerAdapter - Downloading https://repo.maven.apache.org/maven2/org/projectlombok/lombok/1.18.42/lombok-1.18.42-sources.jar
2026-02-24 13:50:25,683 [Worker-10: ソースおよび Javadoc のダウンロード] INFO  o.e.m.c.i.e.AbstractTransferListenerAdapter - Downloaded https://repo.maven.apache.org/maven2/org/projectlombok/lombok/1.18.42/lombok-1.18.42-sources.jar
2026-02-24 13:50:25,687 [Worker-10: ソースおよび Javadoc のダウンロード] INFO  o.e.m.j.internal.DownloadSourcesJob - Downloaded sources for org.projectlombok:lombok:1.18.42
2026-02-24 13:50:25,761 [Worker-10: ソースおよび Javadoc のダウンロード] INFO  o.e.m.c.i.e.AbstractTransferListenerAdapter - Downloading https://repo.maven.apache.org/maven2/org/springframework/boot/spring-boot-starter-tomcat/4.0.3/spring-boot-starter-tomcat-4.0.3-sources.jar
2026-02-24 13:50:25,812 [Worker-10: ソースおよび Javadoc のダウンロード] INFO  o.e.m.c.i.e.AbstractTransferListenerAdapter - Downloaded https://repo.maven.apache.org/maven2/org/springframework/boot/spring-boot-starter-tomcat/4.0.3/spring-boot-starter-tomcat-4.0.3-sources.jar
2026-02-24 13:50:25,816 [Worker-10: ソースおよび Javadoc のダウンロード] INFO  o.e.m.j.internal.DownloadSourcesJob - Downloaded sources for org.springframework.boot:spring-boot-starter-tomcat:4.0.3
2026-02-24 13:50:25,890 [Worker-10: ソースおよび Javadoc のダウンロード] INFO  o.e.m.c.i.e.AbstractTransferListenerAdapter - Downloading https://repo.maven.apache.org/maven2/org/springframework/boot/spring-boot-starter-tomcat-runtime/4.0.3/spring-boot-starter-tomcat-runtime-4.0.3-sources.jar
2026-02-24 13:50:25,902 [Worker-10: ソースおよび Javadoc のダウンロード] INFO  o.e.m.c.i.e.AbstractTransferListenerAdapter - Downloaded https://repo.maven.apache.org/maven2/org/springframework/boot/spring-boot-starter-tomcat-runtime/4.0.3/spring-boot-starter-tomcat-runtime-4.0.3-sources.jar
2026-02-24 13:50:25,906 [Worker-10: ソースおよび Javadoc のダウンロード] INFO  o.e.m.j.internal.DownloadSourcesJob - Downloaded sources for org.springframework.boot:spring-boot-starter-tomcat-runtime:4.0.3
2026-02-24 13:50:25,975 [Worker-10: ソースおよび Javadoc のダウンロード] INFO  o.e.m.c.i.e.AbstractTransferListenerAdapter - Downloading https://repo.maven.apache.org/maven2/org/springframework/boot/spring-boot-web-server/4.0.3/spring-boot-web-server-4.0.3-sources.jar
2026-02-24 13:50:26,035 [Worker-10: ソースおよび Javadoc のダウンロード] INFO  o.e.m.c.i.e.AbstractTransferListenerAdapter - Downloaded https://repo.maven.apache.org/maven2/org/springframework/boot/spring-boot-web-server/4.0.3/spring-boot-web-server-4.0.3-sources.jar
2026-02-24 13:50:26,040 [Worker-10: ソースおよび Javadoc のダウンロード] INFO  o.e.m.j.internal.DownloadSourcesJob - Downloaded sources for org.springframework.boot:spring-boot-web-server:4.0.3
2026-02-24 13:50:26,110 [Worker-10: ソースおよび Javadoc のダウンロード] INFO  o.e.m.c.i.e.AbstractTransferListenerAdapter - Downloading https://repo.maven.apache.org/maven2/org/apache/tomcat/embed/tomcat-embed-core/11.0.18/tomcat-embed-core-11.0.18-sources.jar
2026-02-24 13:50:26,388 [Worker-10: ソースおよび Javadoc のダウンロード] INFO  o.e.m.c.i.e.AbstractTransferListenerAdapter - Downloaded https://repo.maven.apache.org/maven2/org/apache/tomcat/embed/tomcat-embed-core/11.0.18/tomcat-embed-core-11.0.18-sources.jar
2026-02-24 13:50:26,392 [Worker-10: ソースおよび Javadoc のダウンロード] INFO  o.e.m.j.internal.DownloadSourcesJob - Downloaded sources for org.apache.tomcat.embed:tomcat-embed-core:11.0.18
2026-02-24 13:50:26,466 [Worker-10: ソースおよび Javadoc のダウンロード] INFO  o.e.m.c.i.e.AbstractTransferListenerAdapter - Downloading https://repo.maven.apache.org/maven2/org/apache/tomcat/embed/tomcat-embed-el/11.0.18/tomcat-embed-el-11.0.18-sources.jar
2026-02-24 13:50:26,535 [Worker-10: ソースおよび Javadoc のダウンロード] INFO  o.e.m.c.i.e.AbstractTransferListenerAdapter - Downloaded https://repo.maven.apache.org/maven2/org/apache/tomcat/embed/tomcat-embed-el/11.0.18/tomcat-embed-el-11.0.18-sources.jar
2026-02-24 13:50:26,540 [Worker-10: ソースおよび Javadoc のダウンロード] INFO  o.e.m.j.internal.DownloadSourcesJob - Downloaded sources for org.apache.tomcat.embed:tomcat-embed-el:11.0.18
2026-02-24 13:50:26,618 [Worker-10: ソースおよび Javadoc のダウンロード] INFO  o.e.m.c.i.e.AbstractTransferListenerAdapter - Downloading https://repo.maven.apache.org/maven2/org/apache/tomcat/embed/tomcat-embed-websocket/11.0.18/tomcat-embed-websocket-11.0.18-sources.jar
2026-02-24 13:50:26,690 [Worker-10: ソースおよび Javadoc のダウンロード] INFO  o.e.m.c.i.e.AbstractTransferListenerAdapter - Downloaded https://repo.maven.apache.org/maven2/org/apache/tomcat/embed/tomcat-embed-websocket/11.0.18/tomcat-embed-websocket-11.0.18-sources.jar
2026-02-24 13:50:26,695 [Worker-10: ソースおよび Javadoc のダウンロード] INFO  o.e.m.j.internal.DownloadSourcesJob - Downloaded sources for org.apache.tomcat.embed:tomcat-embed-websocket:11.0.18
2026-02-24 13:50:26,775 [Worker-10: ソースおよび Javadoc のダウンロード] INFO  o.e.m.c.i.e.AbstractTransferListenerAdapter - Downloading https://repo.maven.apache.org/maven2/org/springframework/boot/spring-boot-tomcat/4.0.3/spring-boot-tomcat-4.0.3-sources.jar
2026-02-24 13:50:26,822 [Worker-10: ソースおよび Javadoc のダウンロード] INFO  o.e.m.c.i.e.AbstractTransferListenerAdapter - Downloaded https://repo.maven.apache.org/maven2/org/springframework/boot/spring-boot-tomcat/4.0.3/spring-boot-tomcat-4.0.3-sources.jar
2026-02-24 13:50:26,827 [Worker-10: ソースおよび Javadoc のダウンロード] INFO  o.e.m.j.internal.DownloadSourcesJob - Downloaded sources for org.springframework.boot:spring-boot-tomcat:4.0.3
2026-02-24 13:50:26,903 [Worker-10: ソースおよび Javadoc のダウンロード] INFO  o.e.m.c.i.e.AbstractTransferListenerAdapter - Downloading https://repo.maven.apache.org/maven2/org/springframework/boot/spring-boot-starter-data-jpa-test/4.0.3/spring-boot-starter-data-jpa-test-4.0.3-sources.jar
2026-02-24 13:50:26,912 [Worker-10: ソースおよび Javadoc のダウンロード] INFO  o.e.m.c.i.e.AbstractTransferListenerAdapter - Downloaded https://repo.maven.apache.org/maven2/org/springframework/boot/spring-boot-starter-data-jpa-test/4.0.3/spring-boot-starter-data-jpa-test-4.0.3-sources.jar
2026-02-24 13:50:26,917 [Worker-10: ソースおよび Javadoc のダウンロード] INFO  o.e.m.j.internal.DownloadSourcesJob - Downloaded sources for org.springframework.boot:spring-boot-starter-data-jpa-test:4.0.3
2026-02-24 13:50:26,984 [Worker-10: ソースおよび Javadoc のダウンロード] INFO  o.e.m.c.i.e.AbstractTransferListenerAdapter - Downloading https://repo.maven.apache.org/maven2/org/springframework/boot/spring-boot-starter-test/4.0.3/spring-boot-starter-test-4.0.3-sources.jar
2026-02-24 13:50:27,009 [Worker-10: ソースおよび Javadoc のダウンロード] INFO  o.e.m.c.i.e.AbstractTransferListenerAdapter - Downloaded https://repo.maven.apache.org/maven2/org/springframework/boot/spring-boot-starter-test/4.0.3/spring-boot-starter-test-4.0.3-sources.jar
2026-02-24 13:50:27,016 [Worker-10: ソースおよび Javadoc のダウンロード] INFO  o.e.m.j.internal.DownloadSourcesJob - Downloaded sources for org.springframework.boot:spring-boot-starter-test:4.0.3
2026-02-24 13:50:27,088 [Worker-10: ソースおよび Javadoc のダウンロード] INFO  o.e.m.c.i.e.AbstractTransferListenerAdapter - Downloading https://repo.maven.apache.org/maven2/org/springframework/boot/spring-boot-test/4.0.3/spring-boot-test-4.0.3-sources.jar
2026-02-24 13:50:27,153 [Worker-10: ソースおよび Javadoc のダウンロード] INFO  o.e.m.c.i.e.AbstractTransferListenerAdapter - Downloaded https://repo.maven.apache.org/maven2/org/springframework/boot/spring-boot-test/4.0.3/spring-boot-test-4.0.3-sources.jar
2026-02-24 13:50:27,157 [Worker-10: ソースおよび Javadoc のダウンロード] INFO  o.e.m.j.internal.DownloadSourcesJob - Downloaded sources for org.springframework.boot:spring-boot-test:4.0.3
2026-02-24 13:50:27,226 [Worker-10: ソースおよび Javadoc のダウンロード] INFO  o.e.m.c.i.e.AbstractTransferListenerAdapter - Downloading https://repo.maven.apache.org/maven2/org/springframework/boot/spring-boot-test-autoconfigure/4.0.3/spring-boot-test-autoconfigure-4.0.3-sources.jar
2026-02-24 13:50:27,677 [Worker-10: ソースおよび Javadoc のダウンロード] INFO  o.e.m.c.i.e.AbstractTransferListenerAdapter - Downloaded https://repo.maven.apache.org/maven2/org/springframework/boot/spring-boot-test-autoconfigure/4.0.3/spring-boot-test-autoconfigure-4.0.3-sources.jar
2026-02-24 13:50:27,683 [Worker-10: ソースおよび Javadoc のダウンロード] INFO  o.e.m.j.internal.DownloadSourcesJob - Downloaded sources for org.springframework.boot:spring-boot-test-autoconfigure:4.0.3
2026-02-24 13:50:27,754 [Worker-10: ソースおよび Javadoc のダウンロード] INFO  o.e.m.c.i.e.AbstractTransferListenerAdapter - Downloading https://repo.maven.apache.org/maven2/com/jayway/jsonpath/json-path/2.10.0/json-path-2.10.0-sources.jar
2026-02-24 13:50:27,820 [Worker-10: ソースおよび Javadoc のダウンロード] INFO  o.e.m.c.i.e.AbstractTransferListenerAdapter - Downloaded https://repo.maven.apache.org/maven2/com/jayway/jsonpath/json-path/2.10.0/json-path-2.10.0-sources.jar
2026-02-24 13:50:27,826 [Worker-10: ソースおよび Javadoc のダウンロード] INFO  o.e.m.j.internal.DownloadSourcesJob - Downloaded sources for com.jayway.jsonpath:json-path:2.10.0
2026-02-24 13:50:27,896 [Worker-10: ソースおよび Javadoc のダウンロード] INFO  o.e.m.c.i.e.AbstractTransferListenerAdapter - Downloading https://repo.maven.apache.org/maven2/jakarta/xml/bind/jakarta.xml.bind-api/4.0.4/jakarta.xml.bind-api-4.0.4-sources.jar
2026-02-24 13:50:27,966 [Worker-10: ソースおよび Javadoc のダウンロード] INFO  o.e.m.c.i.e.AbstractTransferListenerAdapter - Downloaded https://repo.maven.apache.org/maven2/jakarta/xml/bind/jakarta.xml.bind-api/4.0.4/jakarta.xml.bind-api-4.0.4-sources.jar
2026-02-24 13:50:27,971 [Worker-10: ソースおよび Javadoc のダウンロード] INFO  o.e.m.j.internal.DownloadSourcesJob - Downloaded sources for jakarta.xml.bind:jakarta.xml.bind-api:4.0.4
2026-02-24 13:50:28,043 [Worker-10: ソースおよび Javadoc のダウンロード] INFO  o.e.m.c.i.e.AbstractTransferListenerAdapter - Downloading https://repo.maven.apache.org/maven2/jakarta/activation/jakarta.activation-api/2.1.4/jakarta.activation-api-2.1.4-sources.jar
2026-02-24 13:50:28,083 [Worker-10: ソースおよび Javadoc のダウンロード] INFO  o.e.m.c.i.e.AbstractTransferListenerAdapter - Downloaded https://repo.maven.apache.org/maven2/jakarta/activation/jakarta.activation-api/2.1.4/jakarta.activation-api-2.1.4-sources.jar
2026-02-24 13:50:28,087 [Worker-10: ソースおよび Javadoc のダウンロード] INFO  o.e.m.j.internal.DownloadSourcesJob - Downloaded sources for jakarta.activation:jakarta.activation-api:2.1.4
2026-02-24 13:50:28,151 [Worker-10: ソースおよび Javadoc のダウンロード] INFO  o.e.m.c.i.e.AbstractTransferListenerAdapter - Downloading https://repo.maven.apache.org/maven2/net/minidev/json-smart/2.6.0/json-smart-2.6.0-sources.jar
2026-02-24 13:50:28,191 [Worker-10: ソースおよび Javadoc のダウンロード] INFO  o.e.m.c.i.e.AbstractTransferListenerAdapter - Downloaded https://repo.maven.apache.org/maven2/net/minidev/json-smart/2.6.0/json-smart-2.6.0-sources.jar
2026-02-24 13:50:28,196 [Worker-10: ソースおよび Javadoc のダウンロード] INFO  o.e.m.j.internal.DownloadSourcesJob - Downloaded sources for net.minidev:json-smart:2.6.0
2026-02-24 13:50:28,262 [Worker-10: ソースおよび Javadoc のダウンロード] INFO  o.e.m.c.i.e.AbstractTransferListenerAdapter - Downloading https://repo.maven.apache.org/maven2/net/minidev/accessors-smart/2.6.0/accessors-smart-2.6.0-sources.jar
2026-02-24 13:50:28,584 [Worker-10: ソースおよび Javadoc のダウンロード] INFO  o.e.m.c.i.e.AbstractTransferListenerAdapter - Downloaded https://repo.maven.apache.org/maven2/net/minidev/accessors-smart/2.6.0/accessors-smart-2.6.0-sources.jar
2026-02-24 13:50:28,588 [Worker-10: ソースおよび Javadoc のダウンロード] INFO  o.e.m.j.internal.DownloadSourcesJob - Downloaded sources for net.minidev:accessors-smart:2.6.0
2026-02-24 13:50:28,658 [Worker-10: ソースおよび Javadoc のダウンロード] INFO  o.e.m.c.i.e.AbstractTransferListenerAdapter - Downloading https://repo.maven.apache.org/maven2/org/ow2/asm/asm/9.7.1/asm-9.7.1-sources.jar
2026-02-24 13:50:28,721 [Worker-10: ソースおよび Javadoc のダウンロード] INFO  o.e.m.c.i.e.AbstractTransferListenerAdapter - Downloaded https://repo.maven.apache.org/maven2/org/ow2/asm/asm/9.7.1/asm-9.7.1-sources.jar
2026-02-24 13:50:28,726 [Worker-10: ソースおよび Javadoc のダウンロード] INFO  o.e.m.j.internal.DownloadSourcesJob - Downloaded sources for org.ow2.asm:asm:9.7.1
2026-02-24 13:50:28,802 [Worker-10: ソースおよび Javadoc のダウンロード] INFO  o.e.m.c.i.e.AbstractTransferListenerAdapter - Downloading https://repo.maven.apache.org/maven2/org/assertj/assertj-core/3.27.7/assertj-core-3.27.7-sources.jar
2026-02-24 13:50:28,943 [Worker-10: ソースおよび Javadoc のダウンロード] INFO  o.e.m.c.i.e.AbstractTransferListenerAdapter - Downloaded https://repo.maven.apache.org/maven2/org/assertj/assertj-core/3.27.7/assertj-core-3.27.7-sources.jar
2026-02-24 13:50:28,948 [Worker-10: ソースおよび Javadoc のダウンロード] INFO  o.e.m.j.internal.DownloadSourcesJob - Downloaded sources for org.assertj:assertj-core:3.27.7
2026-02-24 13:50:29,017 [Worker-10: ソースおよび Javadoc のダウンロード] INFO  o.e.m.c.i.e.AbstractTransferListenerAdapter - Downloading https://repo.maven.apache.org/maven2/net/bytebuddy/byte-buddy/1.17.8/byte-buddy-1.17.8-sources.jar
2026-02-24 13:50:29,241 [Worker-10: ソースおよび Javadoc のダウンロード] INFO  o.e.m.c.i.e.AbstractTransferListenerAdapter - Downloaded https://repo.maven.apache.org/maven2/net/bytebuddy/byte-buddy/1.17.8/byte-buddy-1.17.8-sources.jar
2026-02-24 13:50:29,245 [Worker-10: ソースおよび Javadoc のダウンロード] INFO  o.e.m.j.internal.DownloadSourcesJob - Downloaded sources for net.bytebuddy:byte-buddy:1.17.8
2026-02-24 13:50:29,329 [Worker-10: ソースおよび Javadoc のダウンロード] INFO  o.e.m.c.i.e.AbstractTransferListenerAdapter - Downloading https://repo.maven.apache.org/maven2/org/awaitility/awaitility/4.3.0/awaitility-4.3.0-sources.jar
2026-02-24 13:50:29,386 [Worker-10: ソースおよび Javadoc のダウンロード] INFO  o.e.m.c.i.e.AbstractTransferListenerAdapter - Downloaded https://repo.maven.apache.org/maven2/org/awaitility/awaitility/4.3.0/awaitility-4.3.0-sources.jar
2026-02-24 13:50:29,392 [Worker-10: ソースおよび Javadoc のダウンロード] INFO  o.e.m.j.internal.DownloadSourcesJob - Downloaded sources for org.awaitility:awaitility:4.3.0
2026-02-24 13:50:29,469 [Worker-10: ソースおよび Javadoc のダウンロード] INFO  o.e.m.c.i.e.AbstractTransferListenerAdapter - Downloading https://repo.maven.apache.org/maven2/org/hamcrest/hamcrest/3.0/hamcrest-3.0-sources.jar
2026-02-24 13:50:29,521 [Worker-10: ソースおよび Javadoc のダウンロード] INFO  o.e.m.c.i.e.AbstractTransferListenerAdapter - Downloaded https://repo.maven.apache.org/maven2/org/hamcrest/hamcrest/3.0/hamcrest-3.0-sources.jar
2026-02-24 13:50:29,525 [Worker-10: ソースおよび Javadoc のダウンロード] INFO  o.e.m.j.internal.DownloadSourcesJob - Downloaded sources for org.hamcrest:hamcrest:3.0
2026-02-24 13:50:29,592 [Worker-10: ソースおよび Javadoc のダウンロード] INFO  o.e.m.c.i.e.AbstractTransferListenerAdapter - Downloading https://repo.maven.apache.org/maven2/org/junit/jupiter/junit-jupiter/6.0.3/junit-jupiter-6.0.3-sources.jar
2026-02-24 13:50:29,651 [Worker-10: ソースおよび Javadoc のダウンロード] INFO  o.e.m.c.i.e.AbstractTransferListenerAdapter - Downloaded https://repo.maven.apache.org/maven2/org/junit/jupiter/junit-jupiter/6.0.3/junit-jupiter-6.0.3-sources.jar
2026-02-24 13:50:29,655 [Worker-10: ソースおよび Javadoc のダウンロード] INFO  o.e.m.j.internal.DownloadSourcesJob - Downloaded sources for org.junit.jupiter:junit-jupiter:6.0.3
2026-02-24 13:50:29,726 [Worker-10: ソースおよび Javadoc のダウンロード] INFO  o.e.m.c.i.e.AbstractTransferListenerAdapter - Downloading https://repo.maven.apache.org/maven2/org/junit/jupiter/junit-jupiter-api/6.0.3/junit-jupiter-api-6.0.3-sources.jar
2026-02-24 13:50:29,791 [Worker-10: ソースおよび Javadoc のダウンロード] INFO  o.e.m.c.i.e.AbstractTransferListenerAdapter - Downloaded https://repo.maven.apache.org/maven2/org/junit/jupiter/junit-jupiter-api/6.0.3/junit-jupiter-api-6.0.3-sources.jar
2026-02-24 13:50:29,796 [Worker-10: ソースおよび Javadoc のダウンロード] INFO  o.e.m.j.internal.DownloadSourcesJob - Downloaded sources for org.junit.jupiter:junit-jupiter-api:6.0.3
2026-02-24 13:50:29,868 [Worker-10: ソースおよび Javadoc のダウンロード] INFO  o.e.m.c.i.e.AbstractTransferListenerAdapter - Downloading https://repo.maven.apache.org/maven2/org/opentest4j/opentest4j/1.3.0/opentest4j-1.3.0-sources.jar
2026-02-24 13:50:30,103 [Worker-10: ソースおよび Javadoc のダウンロード] INFO  o.e.m.c.i.e.AbstractTransferListenerAdapter - Downloaded https://repo.maven.apache.org/maven2/org/opentest4j/opentest4j/1.3.0/opentest4j-1.3.0-sources.jar
2026-02-24 13:50:30,108 [Worker-10: ソースおよび Javadoc のダウンロード] INFO  o.e.m.j.internal.DownloadSourcesJob - Downloaded sources for org.opentest4j:opentest4j:1.3.0
2026-02-24 13:50:30,179 [Worker-10: ソースおよび Javadoc のダウンロード] INFO  o.e.m.c.i.e.AbstractTransferListenerAdapter - Downloading https://repo.maven.apache.org/maven2/org/junit/platform/junit-platform-commons/6.0.3/junit-platform-commons-6.0.3-sources.jar
2026-02-24 13:50:30,394 [Worker-10: ソースおよび Javadoc のダウンロード] INFO  o.e.m.c.i.e.AbstractTransferListenerAdapter - Downloaded https://repo.maven.apache.org/maven2/org/junit/platform/junit-platform-commons/6.0.3/junit-platform-commons-6.0.3-sources.jar
2026-02-24 13:50:30,400 [Worker-10: ソースおよび Javadoc のダウンロード] INFO  o.e.m.j.internal.DownloadSourcesJob - Downloaded sources for org.junit.platform:junit-platform-commons:6.0.3
2026-02-24 13:50:30,468 [Worker-10: ソースおよび Javadoc のダウンロード] INFO  o.e.m.c.i.e.AbstractTransferListenerAdapter - Downloading https://repo.maven.apache.org/maven2/org/apiguardian/apiguardian-api/1.1.2/apiguardian-api-1.1.2-sources.jar
2026-02-24 13:50:30,525 [Worker-10: ソースおよび Javadoc のダウンロード] INFO  o.e.m.c.i.e.AbstractTransferListenerAdapter - Downloaded https://repo.maven.apache.org/maven2/org/apiguardian/apiguardian-api/1.1.2/apiguardian-api-1.1.2-sources.jar
2026-02-24 13:50:30,530 [Worker-10: ソースおよび Javadoc のダウンロード] INFO  o.e.m.j.internal.DownloadSourcesJob - Downloaded sources for org.apiguardian:apiguardian-api:1.1.2
2026-02-24 13:50:30,592 [Worker-10: ソースおよび Javadoc のダウンロード] INFO  o.e.m.c.i.e.AbstractTransferListenerAdapter - Downloading https://repo.maven.apache.org/maven2/org/junit/jupiter/junit-jupiter-params/6.0.3/junit-jupiter-params-6.0.3-sources.jar
2026-02-24 13:50:30,656 [Worker-10: ソースおよび Javadoc のダウンロード] INFO  o.e.m.c.i.e.AbstractTransferListenerAdapter - Downloaded https://repo.maven.apache.org/maven2/org/junit/jupiter/junit-jupiter-params/6.0.3/junit-jupiter-params-6.0.3-sources.jar
2026-02-24 13:50:30,661 [Worker-10: ソースおよび Javadoc のダウンロード] INFO  o.e.m.j.internal.DownloadSourcesJob - Downloaded sources for org.junit.jupiter:junit-jupiter-params:6.0.3
2026-02-24 13:50:30,741 [Worker-10: ソースおよび Javadoc のダウンロード] INFO  o.e.m.c.i.e.AbstractTransferListenerAdapter - Downloading https://repo.maven.apache.org/maven2/org/junit/jupiter/junit-jupiter-engine/6.0.3/junit-jupiter-engine-6.0.3-sources.jar
2026-02-24 13:50:30,812 [Worker-10: ソースおよび Javadoc のダウンロード] INFO  o.e.m.c.i.e.AbstractTransferListenerAdapter - Downloaded https://repo.maven.apache.org/maven2/org/junit/jupiter/junit-jupiter-engine/6.0.3/junit-jupiter-engine-6.0.3-sources.jar
2026-02-24 13:50:30,816 [Worker-10: ソースおよび Javadoc のダウンロード] INFO  o.e.m.j.internal.DownloadSourcesJob - Downloaded sources for org.junit.jupiter:junit-jupiter-engine:6.0.3
2026-02-24 13:50:30,885 [Worker-10: ソースおよび Javadoc のダウンロード] INFO  o.e.m.c.i.e.AbstractTransferListenerAdapter - Downloading https://repo.maven.apache.org/maven2/org/junit/platform/junit-platform-engine/6.0.3/junit-platform-engine-6.0.3-sources.jar
2026-02-24 13:50:30,951 [Worker-10: ソースおよび Javadoc のダウンロード] INFO  o.e.m.c.i.e.AbstractTransferListenerAdapter - Downloaded https://repo.maven.apache.org/maven2/org/junit/platform/junit-platform-engine/6.0.3/junit-platform-engine-6.0.3-sources.jar
2026-02-24 13:50:30,956 [Worker-10: ソースおよび Javadoc のダウンロード] INFO  o.e.m.j.internal.DownloadSourcesJob - Downloaded sources for org.junit.platform:junit-platform-engine:6.0.3
2026-02-24 13:50:31,054 [Worker-10: ソースおよび Javadoc のダウンロード] INFO  o.e.m.c.i.e.AbstractTransferListenerAdapter - Downloading https://repo.maven.apache.org/maven2/org/mockito/mockito-core/5.20.0/mockito-core-5.20.0-sources.jar
2026-02-24 13:50:31,134 [Worker-10: ソースおよび Javadoc のダウンロード] INFO  o.e.m.c.i.e.AbstractTransferListenerAdapter - Downloaded https://repo.maven.apache.org/maven2/org/mockito/mockito-core/5.20.0/mockito-core-5.20.0-sources.jar
2026-02-24 13:50:31,139 [Worker-10: ソースおよび Javadoc のダウンロード] INFO  o.e.m.j.internal.DownloadSourcesJob - Downloaded sources for org.mockito:mockito-core:5.20.0
2026-02-24 13:50:31,215 [Worker-10: ソースおよび Javadoc のダウンロード] INFO  o.e.m.c.i.e.AbstractTransferListenerAdapter - Downloading https://repo.maven.apache.org/maven2/net/bytebuddy/byte-buddy-agent/1.17.8/byte-buddy-agent-1.17.8-sources.jar
2026-02-24 13:50:31,311 [Worker-10: ソースおよび Javadoc のダウンロード] INFO  o.e.m.c.i.e.AbstractTransferListenerAdapter - Downloaded https://repo.maven.apache.org/maven2/net/bytebuddy/byte-buddy-agent/1.17.8/byte-buddy-agent-1.17.8-sources.jar
2026-02-24 13:50:31,316 [Worker-10: ソースおよび Javadoc のダウンロード] INFO  o.e.m.j.internal.DownloadSourcesJob - Downloaded sources for net.bytebuddy:byte-buddy-agent:1.17.8
2026-02-24 13:50:31,394 [Worker-10: ソースおよび Javadoc のダウンロード] INFO  o.e.m.c.i.e.AbstractTransferListenerAdapter - Downloading https://repo.maven.apache.org/maven2/org/objenesis/objenesis/3.3/objenesis-3.3-sources.jar
2026-02-24 13:50:31,435 [Worker-10: ソースおよび Javadoc のダウンロード] INFO  o.e.m.c.i.e.AbstractTransferListenerAdapter - Downloaded https://repo.maven.apache.org/maven2/org/objenesis/objenesis/3.3/objenesis-3.3-sources.jar
2026-02-24 13:50:31,440 [Worker-10: ソースおよび Javadoc のダウンロード] INFO  o.e.m.j.internal.DownloadSourcesJob - Downloaded sources for org.objenesis:objenesis:3.3
2026-02-24 13:50:31,533 [Worker-10: ソースおよび Javadoc のダウンロード] INFO  o.e.m.c.i.e.AbstractTransferListenerAdapter - Downloading https://repo.maven.apache.org/maven2/org/mockito/mockito-junit-jupiter/5.20.0/mockito-junit-jupiter-5.20.0-sources.jar
2026-02-24 13:50:31,635 [Worker-10: ソースおよび Javadoc のダウンロード] INFO  o.e.m.c.i.e.AbstractTransferListenerAdapter - Downloaded https://repo.maven.apache.org/maven2/org/mockito/mockito-junit-jupiter/5.20.0/mockito-junit-jupiter-5.20.0-sources.jar
2026-02-24 13:50:31,639 [Worker-10: ソースおよび Javadoc のダウンロード] INFO  o.e.m.j.internal.DownloadSourcesJob - Downloaded sources for org.mockito:mockito-junit-jupiter:5.20.0
2026-02-24 13:50:31,712 [Worker-10: ソースおよび Javadoc のダウンロード] INFO  o.e.m.c.i.e.AbstractTransferListenerAdapter - Downloading https://repo.maven.apache.org/maven2/org/skyscreamer/jsonassert/1.5.3/jsonassert-1.5.3-sources.jar
2026-02-24 13:50:32,492 [Worker-10: ソースおよび Javadoc のダウンロード] INFO  o.e.m.c.i.e.AbstractTransferListenerAdapter - Downloaded https://repo.maven.apache.org/maven2/org/skyscreamer/jsonassert/1.5.3/jsonassert-1.5.3-sources.jar
2026-02-24 13:50:32,496 [Worker-10: ソースおよび Javadoc のダウンロード] INFO  o.e.m.j.internal.DownloadSourcesJob - Downloaded sources for org.skyscreamer:jsonassert:1.5.3
2026-02-24 13:50:32,562 [Worker-10: ソースおよび Javadoc のダウンロード] INFO  o.e.m.c.i.e.AbstractTransferListenerAdapter - Downloading https://repo.maven.apache.org/maven2/com/vaadin/external/google/android-json/0.0.20131108.vaadin1/android-json-0.0.20131108.vaadin1-sources.jar
2026-02-24 13:50:32,698 [Worker-10: ソースおよび Javadoc のダウンロード] INFO  o.e.m.c.i.e.AbstractTransferListenerAdapter - Downloaded https://repo.maven.apache.org/maven2/com/vaadin/external/google/android-json/0.0.20131108.vaadin1/android-json-0.0.20131108.vaadin1-sources.jar
2026-02-24 13:50:32,703 [Worker-10: ソースおよび Javadoc のダウンロード] INFO  o.e.m.j.internal.DownloadSourcesJob - Downloaded sources for com.vaadin.external.google:android-json:0.0.20131108.vaadin1
2026-02-24 13:50:32,769 [Worker-10: ソースおよび Javadoc のダウンロード] INFO  o.e.m.c.i.e.AbstractTransferListenerAdapter - Downloading https://repo.maven.apache.org/maven2/org/springframework/spring-test/7.0.5/spring-test-7.0.5-sources.jar
2026-02-24 13:50:32,885 [Worker-10: ソースおよび Javadoc のダウンロード] INFO  o.e.m.c.i.e.AbstractTransferListenerAdapter - Downloaded https://repo.maven.apache.org/maven2/org/springframework/spring-test/7.0.5/spring-test-7.0.5-sources.jar
2026-02-24 13:50:32,891 [Worker-10: ソースおよび Javadoc のダウンロード] INFO  o.e.m.j.internal.DownloadSourcesJob - Downloaded sources for org.springframework:spring-test:7.0.5
2026-02-24 13:50:32,972 [Worker-10: ソースおよび Javadoc のダウンロード] INFO  o.e.m.c.i.e.AbstractTransferListenerAdapter - Downloading https://repo.maven.apache.org/maven2/org/xmlunit/xmlunit-core/2.10.4/xmlunit-core-2.10.4-sources.jar
2026-02-24 13:50:33,017 [Worker-10: ソースおよび Javadoc のダウンロード] INFO  o.e.m.c.i.e.AbstractTransferListenerAdapter - Downloaded https://repo.maven.apache.org/maven2/org/xmlunit/xmlunit-core/2.10.4/xmlunit-core-2.10.4-sources.jar
2026-02-24 13:50:33,021 [Worker-10: ソースおよび Javadoc のダウンロード] INFO  o.e.m.j.internal.DownloadSourcesJob - Downloaded sources for org.xmlunit:xmlunit-core:2.10.4
2026-02-24 13:50:33,092 [Worker-10: ソースおよび Javadoc のダウンロード] INFO  o.e.m.c.i.e.AbstractTransferListenerAdapter - Downloading https://repo.maven.apache.org/maven2/org/springframework/boot/spring-boot-starter-jdbc-test/4.0.3/spring-boot-starter-jdbc-test-4.0.3-sources.jar
2026-02-24 13:50:33,104 [Worker-10: ソースおよび Javadoc のダウンロード] INFO  o.e.m.c.i.e.AbstractTransferListenerAdapter - Downloaded https://repo.maven.apache.org/maven2/org/springframework/boot/spring-boot-starter-jdbc-test/4.0.3/spring-boot-starter-jdbc-test-4.0.3-sources.jar
2026-02-24 13:50:33,108 [Worker-10: ソースおよび Javadoc のダウンロード] INFO  o.e.m.j.internal.DownloadSourcesJob - Downloaded sources for org.springframework.boot:spring-boot-starter-jdbc-test:4.0.3
2026-02-24 13:50:33,179 [Worker-10: ソースおよび Javadoc のダウンロード] INFO  o.e.m.c.i.e.AbstractTransferListenerAdapter - Downloading https://repo.maven.apache.org/maven2/org/springframework/boot/spring-boot-jdbc-test/4.0.3/spring-boot-jdbc-test-4.0.3-sources.jar
2026-02-24 13:50:33,422 [Worker-10: ソースおよび Javadoc のダウンロード] INFO  o.e.m.c.i.e.AbstractTransferListenerAdapter - Downloaded https://repo.maven.apache.org/maven2/org/springframework/boot/spring-boot-jdbc-test/4.0.3/spring-boot-jdbc-test-4.0.3-sources.jar
2026-02-24 13:50:33,427 [Worker-10: ソースおよび Javadoc のダウンロード] INFO  o.e.m.j.internal.DownloadSourcesJob - Downloaded sources for org.springframework.boot:spring-boot-jdbc-test:4.0.3
2026-02-24 13:50:33,506 [Worker-10: ソースおよび Javadoc のダウンロード] INFO  o.e.m.c.i.e.AbstractTransferListenerAdapter - Downloading https://repo.maven.apache.org/maven2/org/springframework/boot/spring-boot-data-jpa-test/4.0.3/spring-boot-data-jpa-test-4.0.3-sources.jar
2026-02-24 13:50:33,681 [Worker-10: ソースおよび Javadoc のダウンロード] INFO  o.e.m.c.i.e.AbstractTransferListenerAdapter - Downloaded https://repo.maven.apache.org/maven2/org/springframework/boot/spring-boot-data-jpa-test/4.0.3/spring-boot-data-jpa-test-4.0.3-sources.jar
2026-02-24 13:50:33,687 [Worker-10: ソースおよび Javadoc のダウンロード] INFO  o.e.m.j.internal.DownloadSourcesJob - Downloaded sources for org.springframework.boot:spring-boot-data-jpa-test:4.0.3
2026-02-24 13:50:33,754 [Worker-10: ソースおよび Javadoc のダウンロード] INFO  o.e.m.c.i.e.AbstractTransferListenerAdapter - Downloading https://repo.maven.apache.org/maven2/org/springframework/boot/spring-boot-jpa-test/4.0.3/spring-boot-jpa-test-4.0.3-sources.jar
2026-02-24 13:50:33,908 [Worker-10: ソースおよび Javadoc のダウンロード] INFO  o.e.m.c.i.e.AbstractTransferListenerAdapter - Downloaded https://repo.maven.apache.org/maven2/org/springframework/boot/spring-boot-jpa-test/4.0.3/spring-boot-jpa-test-4.0.3-sources.jar
2026-02-24 13:50:33,912 [Worker-10: ソースおよび Javadoc のダウンロード] INFO  o.e.m.j.internal.DownloadSourcesJob - Downloaded sources for org.springframework.boot:spring-boot-jpa-test:4.0.3
2026-02-24 13:50:33,979 [Worker-10: ソースおよび Javadoc のダウンロード] INFO  o.e.m.c.i.e.AbstractTransferListenerAdapter - Downloading https://repo.maven.apache.org/maven2/org/springframework/boot/spring-boot-starter-thymeleaf-test/4.0.3/spring-boot-starter-thymeleaf-test-4.0.3-sources.jar
2026-02-24 13:50:33,988 [Worker-10: ソースおよび Javadoc のダウンロード] INFO  o.e.m.c.i.e.AbstractTransferListenerAdapter - Downloaded https://repo.maven.apache.org/maven2/org/springframework/boot/spring-boot-starter-thymeleaf-test/4.0.3/spring-boot-starter-thymeleaf-test-4.0.3-sources.jar
2026-02-24 13:50:33,993 [Worker-10: ソースおよび Javadoc のダウンロード] INFO  o.e.m.j.internal.DownloadSourcesJob - Downloaded sources for org.springframework.boot:spring-boot-starter-thymeleaf-test:4.0.3
2026-02-24 13:50:34,064 [Worker-10: ソースおよび Javadoc のダウンロード] INFO  o.e.m.c.i.e.AbstractTransferListenerAdapter - Downloading https://repo.maven.apache.org/maven2/org/springframework/boot/spring-boot-starter-webmvc-test/4.0.3/spring-boot-starter-webmvc-test-4.0.3-sources.jar
2026-02-24 13:50:34,084 [Worker-10: ソースおよび Javadoc のダウンロード] INFO  o.e.m.c.i.e.AbstractTransferListenerAdapter - Downloaded https://repo.maven.apache.org/maven2/org/springframework/boot/spring-boot-starter-webmvc-test/4.0.3/spring-boot-starter-webmvc-test-4.0.3-sources.jar
2026-02-24 13:50:34,089 [Worker-10: ソースおよび Javadoc のダウンロード] INFO  o.e.m.j.internal.DownloadSourcesJob - Downloaded sources for org.springframework.boot:spring-boot-starter-webmvc-test:4.0.3
2026-02-24 13:50:34,159 [Worker-10: ソースおよび Javadoc のダウンロード] INFO  o.e.m.c.i.e.AbstractTransferListenerAdapter - Downloading https://repo.maven.apache.org/maven2/org/springframework/boot/spring-boot-starter-jackson-test/4.0.3/spring-boot-starter-jackson-test-4.0.3-sources.jar
2026-02-24 13:50:34,168 [Worker-10: ソースおよび Javadoc のダウンロード] INFO  o.e.m.c.i.e.AbstractTransferListenerAdapter - Downloaded https://repo.maven.apache.org/maven2/org/springframework/boot/spring-boot-starter-jackson-test/4.0.3/spring-boot-starter-jackson-test-4.0.3-sources.jar
2026-02-24 13:50:34,173 [Worker-10: ソースおよび Javadoc のダウンロード] INFO  o.e.m.j.internal.DownloadSourcesJob - Downloaded sources for org.springframework.boot:spring-boot-starter-jackson-test:4.0.3
2026-02-24 13:50:34,245 [Worker-10: ソースおよび Javadoc のダウンロード] INFO  o.e.m.c.i.e.AbstractTransferListenerAdapter - Downloading https://repo.maven.apache.org/maven2/org/springframework/boot/spring-boot-webmvc-test/4.0.3/spring-boot-webmvc-test-4.0.3-sources.jar
2026-02-24 13:50:34,766 [Worker-10: ソースおよび Javadoc のダウンロード] INFO  o.e.m.c.i.e.AbstractTransferListenerAdapter - Downloaded https://repo.maven.apache.org/maven2/org/springframework/boot/spring-boot-webmvc-test/4.0.3/spring-boot-webmvc-test-4.0.3-sources.jar
2026-02-24 13:50:34,772 [Worker-10: ソースおよび Javadoc のダウンロード] INFO  o.e.m.j.internal.DownloadSourcesJob - Downloaded sources for org.springframework.boot:spring-boot-webmvc-test:4.0.3
2026-02-24 13:50:34,839 [Worker-10: ソースおよび Javadoc のダウンロード] INFO  o.e.m.c.i.e.AbstractTransferListenerAdapter - Downloading https://repo.maven.apache.org/maven2/org/springframework/boot/spring-boot-resttestclient/4.0.3/spring-boot-resttestclient-4.0.3-sources.jar
2026-02-24 13:50:35,147 [Worker-10: ソースおよび Javadoc のダウンロード] INFO  o.e.m.c.i.e.AbstractTransferListenerAdapter - Downloaded https://repo.maven.apache.org/maven2/org/springframework/boot/spring-boot-resttestclient/4.0.3/spring-boot-resttestclient-4.0.3-sources.jar
2026-02-24 13:50:35,151 [Worker-10: ソースおよび Javadoc のダウンロード] INFO  o.e.m.j.internal.DownloadSourcesJob - Downloaded sources for org.springframework.boot:spring-boot-resttestclient:4.0.3
2026-02-24 13:54:42,515 [Worker-9: ビルド] INFO  o.a.m.s.f.DefaultMavenResourcesFiltering - Copying 1 resource from src\main\resources to target\classes
2026-02-24 13:54:42,524 [Worker-9: ビルド] INFO  o.a.m.s.f.DefaultMavenResourcesFiltering - Copying 0 resource from src\main\resources to target\classes
2026-02-24 13:54:42,532 [Worker-9: ビルド] INFO  o.a.m.s.f.DefaultMavenResourcesFiltering - skip non existing resourceDirectory C:\springDemo\demo\src\test\resources
2026-02-24 13:55:32,329 [Worker-3: ビルド] INFO  o.a.m.s.f.DefaultMavenResourcesFiltering - Copying 1 resource from src\main\resources to target\classes
2026-02-24 13:55:32,332 [Worker-3: ビルド] INFO  o.a.m.s.f.DefaultMavenResourcesFiltering - Copying 0 resource from src\main\resources to target\classes
2026-02-24 13:55:32,334 [Worker-3: ビルド] INFO  o.a.m.s.f.DefaultMavenResourcesFiltering - skip non existing resourceDirectory C:\springDemo\demo\src\test\resources
2026-02-24 13:57:37,988 [Worker-18: ビルド] INFO  o.a.m.s.f.DefaultMavenResourcesFiltering - Copying 1 resource from src\main\resources to target\classes
2026-02-24 13:57:37,993 [Worker-18: ビルド] INFO  o.a.m.s.f.DefaultMavenResourcesFiltering - Copying 0 resource from src\main\resources to target\classes
2026-02-24 13:57:37,996 [Worker-18: ビルド] INFO  o.a.m.s.f.DefaultMavenResourcesFiltering - skip non existing resourceDirectory C:\springDemo\demo\src\test\resources
2026-02-24 13:57:40,480 [Worker-9: ビルド] INFO  o.a.m.s.f.DefaultMavenResourcesFiltering - Copying 1 resource from src\main\resources to target\classes
2026-02-24 13:57:40,484 [Worker-9: ビルド] INFO  o.a.m.s.f.DefaultMavenResourcesFiltering - Copying 0 resource from src\main\resources to target\classes
2026-02-24 13:57:40,489 [Worker-9: ビルド] INFO  o.a.m.s.f.DefaultMavenResourcesFiltering - skip non existing resourceDirectory C:\springDemo\demo\src\test\resources
2026-02-24 13:59:40,010 [Worker-15: ビルド] INFO  o.a.m.s.f.DefaultMavenResourcesFiltering - Copying 1 resource from src\main\resources to target\classes
2026-02-24 13:59:40,013 [Worker-15: ビルド] INFO  o.a.m.s.f.DefaultMavenResourcesFiltering - Copying 0 resource from src\main\resources to target\classes
2026-02-24 13:59:40,016 [Worker-15: ビルド] INFO  o.a.m.s.f.DefaultMavenResourcesFiltering - skip non existing resourceDirectory C:\springDemo\demo\src\test\resources
2026-02-24 14:01:47,548 [Worker-19: ビルド] INFO  o.a.m.s.f.DefaultMavenResourcesFiltering - Copying 0 resource from src\main\resources to target\classes
2026-02-24 14:01:47,550 [Worker-19: ビルド] INFO  o.a.m.s.f.DefaultMavenResourcesFiltering - Copying 0 resource from src\main\resources to target\classes
2026-02-24 14:01:47,553 [Worker-19: ビルド] INFO  o.a.m.s.f.DefaultMavenResourcesFiltering - skip non existing resourceDirectory C:\springDemo\demo\src\test\resources
2026-02-24 14:02:23,971 [Worker-17: ビルド] INFO  o.a.m.s.f.DefaultMavenResourcesFiltering - Copying 0 resource from src\main\resources to target\classes
2026-02-24 14:02:23,972 [Worker-17: ビルド] INFO  o.a.m.s.f.DefaultMavenResourcesFiltering - Copying 0 resource from src\main\resources to target\classes
2026-02-24 14:02:23,974 [Worker-17: ビルド] INFO  o.a.m.s.f.DefaultMavenResourcesFiltering - skip non existing resourceDirectory C:\springDemo\demo\src\test\resources
2026-02-24 14:12:40,119 [Worker-18: ビルド] INFO  o.a.m.s.f.DefaultMavenResourcesFiltering - Copying 1 resource from src\main\resources to target\classes
2026-02-24 14:12:40,126 [Worker-18: ビルド] INFO  o.a.m.s.f.DefaultMavenResourcesFiltering - Copying 0 resource from src\main\resources to target\classes
2026-02-24 14:12:40,129 [Worker-18: ビルド] INFO  o.a.m.s.f.DefaultMavenResourcesFiltering - skip non existing resourceDirectory C:\springDemo\demo\src\test\resources
2026-02-24 14:13:47,197 [Worker-9: ビルド] INFO  o.a.m.s.f.DefaultMavenResourcesFiltering - Copying 1 resource from src\main\resources to target\classes
2026-02-24 14:13:47,202 [Worker-9: ビルド] INFO  o.a.m.s.f.DefaultMavenResourcesFiltering - Copying 0 resource from src\main\resources to target\classes
2026-02-24 14:13:47,205 [Worker-9: ビルド] INFO  o.a.m.s.f.DefaultMavenResourcesFiltering - skip non existing resourceDirectory C:\springDemo\demo\src\test\resources
2026-02-24 14:16:09,983 [Worker-9: ビルド] INFO  o.a.m.s.f.DefaultMavenResourcesFiltering - Copying 1 resource from src\main\resources to target\classes
2026-02-24 14:16:09,988 [Worker-9: ビルド] INFO  o.a.m.s.f.DefaultMavenResourcesFiltering - Copying 0 resource from src\main\resources to target\classes
2026-02-24 14:16:09,990 [Worker-9: ビルド] INFO  o.a.m.s.f.DefaultMavenResourcesFiltering - skip non existing resourceDirectory C:\springDemo\demo\src\test\resources
2026-02-24 14:22:48,246 [Worker-18: ビルド] INFO  o.e.m.c.i.l.LifecycleMappingFactory - Using org.maven.ide.eclipse.wtp.WarLifecycleMapping lifecycle mapping for MavenProject: com.example:demo:0.0.1-SNAPSHOT @ C:\springDemo\demo\pom.xml.
2026-02-24 14:22:49,397 [Worker-18: ビルド] INFO  o.a.m.s.f.DefaultMavenResourcesFiltering - Copying 0 resource from src\main\resources to target\classes
2026-02-24 14:22:49,399 [Worker-18: ビルド] INFO  o.a.m.s.f.DefaultMavenResourcesFiltering - Copying 0 resource from src\main\resources to target\classes
2026-02-24 14:22:49,404 [Worker-18: ビルド] INFO  o.a.m.s.f.DefaultMavenResourcesFiltering - skip non existing resourceDirectory C:\springDemo\demo\src\test\resources
2026-02-24 14:22:49,404 [Worker-18: ビルド] INFO  o.e.m.w.i.f.ResourceFilteringBuildParticipant - Changed resources require a complete clean of filtered resources of demo
2026-02-24 14:22:49,405 [Worker-18: ビルド] INFO  o.e.m.w.i.f.ResourceFilteringBuildParticipant - Executing resource filtering for demo
2026-02-24 14:22:50,629 [Worker-29: ビルド] INFO  o.a.m.s.f.DefaultMavenResourcesFiltering - Copying 1 resource from src\main\resources to target\classes
2026-02-24 14:22:50,650 [Worker-29: ビルド] INFO  o.a.m.s.f.DefaultMavenResourcesFiltering - Copying 0 resource from src\main\resources to target\classes
2026-02-24 14:22:50,653 [Worker-29: ビルド] INFO  o.a.m.s.f.DefaultMavenResourcesFiltering - skip non existing resourceDirectory C:\springDemo\demo\src\test\resources
2026-02-24 14:23:33,209 [Worker-9: ビルド] INFO  o.a.m.s.f.DefaultMavenResourcesFiltering - Copying 1 resource from src\main\resources to target\classes
2026-02-24 14:23:33,213 [Worker-9: ビルド] INFO  o.a.m.s.f.DefaultMavenResourcesFiltering - Copying 0 resource from src\main\resources to target\classes
2026-02-24 14:23:33,217 [Worker-9: ビルド] INFO  o.a.m.s.f.DefaultMavenResourcesFiltering - skip non existing resourceDirectory C:\springDemo\demo\src\test\resources
2026-02-24 14:31:08,906 [Worker-31: ビルド] INFO  o.a.m.s.f.DefaultMavenResourcesFiltering - Copying 1 resource from src\main\resources to target\classes
2026-02-24 14:31:08,912 [Worker-31: ビルド] INFO  o.a.m.s.f.DefaultMavenResourcesFiltering - Copying 0 resource from src\main\resources to target\classes
2026-02-24 14:31:08,916 [Worker-31: ビルド] INFO  o.a.m.s.f.DefaultMavenResourcesFiltering - skip non existing resourceDirectory C:\springDemo\demo\src\test\resources
2026-02-24 14:31:29,584 [Worker-9: ビルド] INFO  o.a.m.s.f.DefaultMavenResourcesFiltering - Copying 1 resource from src\main\resources to target\classes
2026-02-24 14:31:29,593 [Worker-9: ビルド] INFO  o.a.m.s.f.DefaultMavenResourcesFiltering - Copying 0 resource from src\main\resources to target\classes
2026-02-24 14:31:29,596 [Worker-9: ビルド] INFO  o.a.m.s.f.DefaultMavenResourcesFiltering - skip non existing resourceDirectory C:\springDemo\demo\src\test\resources
2026-02-24 14:35:36,924 [Worker-18: ビルド] INFO  o.a.m.s.f.DefaultMavenResourcesFiltering - Copying 1 resource from src\main\resources to target\classes
2026-02-24 14:35:36,929 [Worker-18: ビルド] INFO  o.a.m.s.f.DefaultMavenResourcesFiltering - Copying 0 resource from src\main\resources to target\classes
2026-02-24 14:35:36,932 [Worker-18: ビルド] INFO  o.a.m.s.f.DefaultMavenResourcesFiltering - skip non existing resourceDirectory C:\springDemo\demo\src\test\resources
2026-02-24 14:36:25,752 [Worker-18: ビルド] INFO  o.a.m.s.f.DefaultMavenResourcesFiltering - Copying 1 resource from src\main\resources to target\classes
2026-02-24 14:36:25,756 [Worker-18: ビルド] INFO  o.a.m.s.f.DefaultMavenResourcesFiltering - Copying 0 resource from src\main\resources to target\classes
2026-02-24 14:36:25,758 [Worker-18: ビルド] INFO  o.a.m.s.f.DefaultMavenResourcesFiltering - skip non existing resourceDirectory C:\springDemo\demo\src\test\resources
2026-02-24 14:36:34,812 [Worker-31: ビルド] INFO  o.a.m.s.f.DefaultMavenResourcesFiltering - Copying 1 resource from src\main\resources to target\classes
2026-02-24 14:36:34,816 [Worker-31: ビルド] INFO  o.a.m.s.f.DefaultMavenResourcesFiltering - Copying 0 resource from src\main\resources to target\classes
2026-02-24 14:36:34,818 [Worker-31: ビルド] INFO  o.a.m.s.f.DefaultMavenResourcesFiltering - skip non existing resourceDirectory C:\springDemo\demo\src\test\resources
2026-02-24 14:39:58,239 [Worker-9: ビルド] INFO  o.a.m.s.f.DefaultMavenResourcesFiltering - Copying 1 resource from src\main\resources to target\classes
2026-02-24 14:39:58,244 [Worker-9: ビルド] INFO  o.a.m.s.f.DefaultMavenResourcesFiltering - Copying 0 resource from src\main\resources to target\classes
2026-02-24 14:39:58,247 [Worker-9: ビルド] INFO  o.a.m.s.f.DefaultMavenResourcesFiltering - skip non existing resourceDirectory C:\springDemo\demo\src\test\resources
2026-02-24 14:40:15,500 [Worker-9: ビルド] INFO  o.a.m.s.f.DefaultMavenResourcesFiltering - Copying 1 resource from src\main\resources to target\classes
2026-02-24 14:40:15,505 [Worker-9: ビルド] INFO  o.a.m.s.f.DefaultMavenResourcesFiltering - Copying 0 resource from src\main\resources to target\classes
2026-02-24 14:40:15,508 [Worker-9: ビルド] INFO  o.a.m.s.f.DefaultMavenResourcesFiltering - skip non existing resourceDirectory C:\springDemo\demo\src\test\resources
2026-02-24 14:42:27,521 [Worker-30: ビルド] INFO  o.a.m.s.f.DefaultMavenResourcesFiltering - Copying 1 resource from src\main\resources to target\classes
2026-02-24 14:42:27,526 [Worker-30: ビルド] INFO  o.a.m.s.f.DefaultMavenResourcesFiltering - Copying 0 resource from src\main\resources to target\classes
2026-02-24 14:42:27,529 [Worker-30: ビルド] INFO  o.a.m.s.f.DefaultMavenResourcesFiltering - skip non existing resourceDirectory C:\springDemo\demo\src\test\resources
2026-02-24 14:46:00,409 [Worker-9: ビルド] INFO  o.a.m.s.f.DefaultMavenResourcesFiltering - Copying 0 resource from src\main\resources to target\classes
2026-02-24 14:46:00,411 [Worker-9: ビルド] INFO  o.a.m.s.f.DefaultMavenResourcesFiltering - Copying 1 resource from src\main\resources to target\classes
2026-02-24 14:46:00,415 [Worker-9: ビルド] INFO  o.a.m.s.f.DefaultMavenResourcesFiltering - skip non existing resourceDirectory C:\springDemo\demo\src\test\resources
2026-02-24 14:47:23,724 [Worker-18: ビルド] INFO  o.e.m.c.i.l.LifecycleMappingFactory - Using org.maven.ide.eclipse.wtp.WarLifecycleMapping lifecycle mapping for MavenProject: com.example:demo:0.0.1-SNAPSHOT @ C:\springDemo\demo\pom.xml.
2026-02-24 14:47:25,113 [Worker-18: ビルド] INFO  o.a.m.s.f.DefaultMavenResourcesFiltering - Copying 0 resource from src\main\resources to target\classes
2026-02-24 14:47:25,115 [Worker-18: ビルド] INFO  o.a.m.s.f.DefaultMavenResourcesFiltering - Copying 0 resource from src\main\resources to target\classes
2026-02-24 14:47:25,123 [Worker-18: ビルド] INFO  o.a.m.s.f.DefaultMavenResourcesFiltering - skip non existing resourceDirectory C:\springDemo\demo\src\test\resources
2026-02-24 14:47:25,124 [Worker-18: ビルド] INFO  o.e.m.w.i.f.ResourceFilteringBuildParticipant - Changed resources require a complete clean of filtered resources of demo
2026-02-24 14:47:25,124 [Worker-18: ビルド] INFO  o.e.m.w.i.f.ResourceFilteringBuildParticipant - Executing resource filtering for demo
2026-02-24 14:47:26,613 [Worker-24: ビルド] INFO  o.a.m.s.f.DefaultMavenResourcesFiltering - Copying 1 resource from src\main\resources to target\classes
2026-02-24 14:47:26,650 [Worker-24: ビルド] INFO  o.a.m.s.f.DefaultMavenResourcesFiltering - Copying 1 resource from src\main\resources to target\classes
2026-02-24 14:47:26,661 [Worker-24: ビルド] INFO  o.a.m.s.f.DefaultMavenResourcesFiltering - skip non existing resourceDirectory C:\springDemo\demo\src\test\resources
2026-02-24 14:47:58,360 [Worker-32: ビルド] INFO  o.e.m.c.i.l.LifecycleMappingFactory - Using org.maven.ide.eclipse.wtp.WarLifecycleMapping lifecycle mapping for MavenProject: com.example:demo:0.0.1-SNAPSHOT @ C:\springDemo\demo\pom.xml.
2026-02-24 14:47:59,154 [Worker-32: ビルド] INFO  o.a.m.s.f.DefaultMavenResourcesFiltering - Copying 0 resource from src\main\resources to target\classes
2026-02-24 14:47:59,155 [Worker-32: ビルド] INFO  o.a.m.s.f.DefaultMavenResourcesFiltering - Copying 0 resource from src\main\resources to target\classes
2026-02-24 14:47:59,161 [Worker-32: ビルド] INFO  o.a.m.s.f.DefaultMavenResourcesFiltering - skip non existing resourceDirectory C:\springDemo\demo\src\test\resources
2026-02-24 14:47:59,162 [Worker-32: ビルド] INFO  o.e.m.w.i.f.ResourceFilteringBuildParticipant - Changed resources require a complete clean of filtered resources of demo
2026-02-24 14:47:59,162 [Worker-32: ビルド] INFO  o.e.m.w.i.f.ResourceFilteringBuildParticipant - Executing resource filtering for demo
2026-02-24 14:48:00,497 [Worker-27: ビルド] INFO  o.a.m.s.f.DefaultMavenResourcesFiltering - Copying 1 resource from src\main\resources to target\classes
2026-02-24 14:48:00,541 [Worker-27: ビルド] INFO  o.a.m.s.f.DefaultMavenResourcesFiltering - Copying 1 resource from src\main\resources to target\classes
2026-02-24 14:48:00,549 [Worker-27: ビルド] INFO  o.a.m.s.f.DefaultMavenResourcesFiltering - skip non existing resourceDirectory C:\springDemo\demo\src\test\resources
2026-02-24 16:58:37,524 [Worker-29: ビルド] INFO  o.a.m.s.f.DefaultMavenResourcesFiltering - Copying 1 resource from src\main\resources to target\classes
2026-02-24 16:58:37,543 [Worker-29: ビルド] INFO  o.a.m.s.f.DefaultMavenResourcesFiltering - Copying 0 resource from src\main\resources to target\classes
2026-02-24 16:58:37,548 [Worker-29: ビルド] INFO  o.a.m.s.f.DefaultMavenResourcesFiltering - skip non existing resourceDirectory C:\springDemo\demo\src\test\resources
2026-02-24 17:02:36,697 [Worker-30: ビルド] INFO  o.e.m.c.i.l.LifecycleMappingFactory - Using org.maven.ide.eclipse.wtp.WarLifecycleMapping lifecycle mapping for MavenProject: com.example:demo:0.0.1-SNAPSHOT @ C:\springDemo\demo\pom.xml.
2026-02-24 17:02:38,057 [Worker-30: ビルド] INFO  o.a.m.s.f.DefaultMavenResourcesFiltering - Copying 0 resource from src\main\resources to target\classes
2026-02-24 17:02:38,058 [Worker-30: ビルド] INFO  o.a.m.s.f.DefaultMavenResourcesFiltering - Copying 0 resource from src\main\resources to target\classes
2026-02-24 17:02:38,065 [Worker-30: ビルド] INFO  o.a.m.s.f.DefaultMavenResourcesFiltering - skip non existing resourceDirectory C:\springDemo\demo\src\test\resources
2026-02-24 17:02:38,065 [Worker-30: ビルド] INFO  o.e.m.w.i.f.ResourceFilteringBuildParticipant - Changed resources require a complete clean of filtered resources of demo
2026-02-24 17:02:38,065 [Worker-30: ビルド] INFO  o.e.m.w.i.f.ResourceFilteringBuildParticipant - Executing resource filtering for demo
2026-02-24 17:02:39,351 [Worker-29: ビルド] INFO  o.a.m.s.f.DefaultMavenResourcesFiltering - Copying 1 resource from src\main\resources to target\classes
2026-02-24 17:02:39,377 [Worker-29: ビルド] INFO  o.a.m.s.f.DefaultMavenResourcesFiltering - Copying 1 resource from src\main\resources to target\classes
2026-02-24 17:02:39,383 [Worker-29: ビルド] INFO  o.a.m.s.f.DefaultMavenResourcesFiltering - skip non existing resourceDirectory C:\springDemo\demo\src\test\resources
2026-02-24 18:04:16,208 [Worker-39: ビルド] INFO  o.a.m.s.f.DefaultMavenResourcesFiltering - Copying 1 resource from src\main\resources to target\classes
2026-02-24 18:04:16,215 [Worker-39: ビルド] INFO  o.a.m.s.f.DefaultMavenResourcesFiltering - Copying 1 resource from src\main\resources to target\classes
2026-02-24 18:04:16,223 [Worker-39: ビルド] INFO  o.a.m.s.f.DefaultMavenResourcesFiltering - skip non existing resourceDirectory C:\springDemo\demo\src\test\resources
2026-02-24 18:06:17,093 [Worker-37: ビルド] INFO  o.a.m.s.f.DefaultMavenResourcesFiltering - Copying 1 resource from src\main\resources to target\classes
2026-02-24 18:06:17,099 [Worker-37: ビルド] INFO  o.a.m.s.f.DefaultMavenResourcesFiltering - Copying 1 resource from src\main\resources to target\classes
2026-02-24 18:06:17,106 [Worker-37: ビルド] INFO  o.a.m.s.f.DefaultMavenResourcesFiltering - skip non existing resourceDirectory C:\springDemo\demo\src\test\resources
2026-02-24 18:20:01,534 [Worker-36: ビルド] INFO  o.a.m.s.f.DefaultMavenResourcesFiltering - Copying 1 resource from src\main\resources to target\classes
2026-02-24 18:20:01,540 [Worker-36: ビルド] INFO  o.a.m.s.f.DefaultMavenResourcesFiltering - Copying 1 resource from src\main\resources to target\classes
2026-02-24 18:20:01,549 [Worker-36: ビルド] INFO  o.a.m.s.f.DefaultMavenResourcesFiltering - skip non existing resourceDirectory C:\springDemo\demo\src\test\resources
2026-02-24 18:21:55,077 [Worker-45: ビルド] INFO  o.a.m.s.f.DefaultMavenResourcesFiltering - Copying 1 resource from src\main\resources to target\classes
2026-02-24 18:21:55,081 [Worker-45: ビルド] INFO  o.a.m.s.f.DefaultMavenResourcesFiltering - Copying 1 resource from src\main\resources to target\classes
2026-02-24 18:21:55,088 [Worker-45: ビルド] INFO  o.a.m.s.f.DefaultMavenResourcesFiltering - skip non existing resourceDirectory C:\springDemo\demo\src\test\resources
2026-02-24 18:22:40,230 [Worker-43: ビルド] INFO  o.a.m.s.f.DefaultMavenResourcesFiltering - Copying 1 resource from src\main\resources to target\classes
2026-02-24 18:22:40,234 [Worker-43: ビルド] INFO  o.a.m.s.f.DefaultMavenResourcesFiltering - Copying 1 resource from src\main\resources to target\classes
2026-02-24 18:22:40,241 [Worker-43: ビルド] INFO  o.a.m.s.f.DefaultMavenResourcesFiltering - skip non existing resourceDirectory C:\springDemo\demo\src\test\resources
2026-02-24 18:23:06,775 [Worker-38: ビルド] INFO  o.a.m.s.f.DefaultMavenResourcesFiltering - Copying 1 resource from src\main\resources to target\classes
2026-02-24 18:23:06,781 [Worker-38: ビルド] INFO  o.a.m.s.f.DefaultMavenResourcesFiltering - Copying 1 resource from src\main\resources to target\classes
2026-02-24 18:23:06,788 [Worker-38: ビルド] INFO  o.a.m.s.f.DefaultMavenResourcesFiltering - skip non existing resourceDirectory C:\springDemo\demo\src\test\resources
2026-02-24 18:23:37,604 [Worker-43: ビルド] INFO  o.a.m.s.f.DefaultMavenResourcesFiltering - Copying 1 resource from src\main\resources to target\classes
2026-02-24 18:23:37,609 [Worker-43: ビルド] INFO  o.a.m.s.f.DefaultMavenResourcesFiltering - Copying 1 resource from src\main\resources to target\classes
2026-02-24 18:23:37,614 [Worker-43: ビルド] INFO  o.a.m.s.f.DefaultMavenResourcesFiltering - skip non existing resourceDirectory C:\springDemo\demo\src\test\resources
2026-02-24 18:24:47,823 [Worker-43: ビルド] INFO  o.a.m.s.f.DefaultMavenResourcesFiltering - Copying 1 resource from src\main\resources to target\classes
2026-02-24 18:24:47,826 [Worker-43: ビルド] INFO  o.a.m.s.f.DefaultMavenResourcesFiltering - Copying 1 resource from src\main\resources to target\classes
2026-02-24 18:24:47,830 [Worker-43: ビルド] INFO  o.a.m.s.f.DefaultMavenResourcesFiltering - skip non existing resourceDirectory C:\springDemo\demo\src\test\resources
2026-02-24 18:25:47,847 [Worker-42: ビルド] INFO  o.a.m.s.f.DefaultMavenResourcesFiltering - Copying 1 resource from src\main\resources to target\classes
2026-02-24 18:25:47,851 [Worker-42: ビルド] INFO  o.a.m.s.f.DefaultMavenResourcesFiltering - Copying 1 resource from src\main\resources to target\classes
2026-02-24 18:25:47,857 [Worker-42: ビルド] INFO  o.a.m.s.f.DefaultMavenResourcesFiltering - skip non existing resourceDirectory C:\springDemo\demo\src\test\resources
2026-02-25 09:50:18,793 [Worker-3: Loading available Gradle versions] INFO  o.e.b.c.i.u.g.PublishedGradleVersions - Gradle version information cache is up-to-date. Trying to read.
2026-02-25 10:03:35,490 [Worker-15: ビルド] INFO  o.a.m.s.f.DefaultMavenResourcesFiltering - Copying 1 resource from src\main\resources to target\classes
2026-02-25 10:03:35,522 [Worker-15: ビルド] INFO  o.a.m.s.f.DefaultMavenResourcesFiltering - Copying 1 resource from src\main\resources to target\classes
2026-02-25 10:03:35,661 [Worker-15: ビルド] INFO  o.a.m.s.f.DefaultMavenResourcesFiltering - skip non existing resourceDirectory C:\springDemo\demo\src\test\resources
2026-02-25 10:03:44,672 [Worker-16: ビルド] INFO  o.a.m.s.f.DefaultMavenResourcesFiltering - Copying 1 resource from src\main\resources to target\classes
2026-02-25 10:03:44,677 [Worker-16: ビルド] INFO  o.a.m.s.f.DefaultMavenResourcesFiltering - Copying 1 resource from src\main\resources to target\classes
2026-02-25 10:03:44,680 [Worker-16: ビルド] INFO  o.a.m.s.f.DefaultMavenResourcesFiltering - skip non existing resourceDirectory C:\springDemo\demo\src\test\resources
2026-02-25 10:04:04,305 [Worker-10: ビルド] INFO  o.a.m.s.f.DefaultMavenResourcesFiltering - Copying 1 resource from src\main\resources to target\classes
2026-02-25 10:04:04,311 [Worker-10: ビルド] INFO  o.a.m.s.f.DefaultMavenResourcesFiltering - Copying 1 resource from src\main\resources to target\classes
2026-02-25 10:04:04,314 [Worker-10: ビルド] INFO  o.a.m.s.f.DefaultMavenResourcesFiltering - skip non existing resourceDirectory C:\springDemo\demo\src\test\resources
2026-02-25 10:04:15,942 [Worker-16: ビルド] INFO  o.a.m.s.f.DefaultMavenResourcesFiltering - Copying 1 resource from src\main\resources to target\classes
2026-02-25 10:04:15,946 [Worker-16: ビルド] INFO  o.a.m.s.f.DefaultMavenResourcesFiltering - Copying 1 resource from src\main\resources to target\classes
2026-02-25 10:04:15,949 [Worker-16: ビルド] INFO  o.a.m.s.f.DefaultMavenResourcesFiltering - skip non existing resourceDirectory C:\springDemo\demo\src\test\resources
2026-02-25 10:04:22,821 [Worker-6: ビルド] INFO  o.a.m.s.f.DefaultMavenResourcesFiltering - Copying 1 resource from src\main\resources to target\classes
2026-02-25 10:04:22,829 [Worker-6: ビルド] INFO  o.a.m.s.f.DefaultMavenResourcesFiltering - Copying 1 resource from src\main\resources to target\classes
2026-02-25 10:04:22,834 [Worker-6: ビルド] INFO  o.a.m.s.f.DefaultMavenResourcesFiltering - skip non existing resourceDirectory C:\springDemo\demo\src\test\resources
2026-02-25 10:04:48,769 [Worker-6: ビルド] INFO  o.a.m.s.f.DefaultMavenResourcesFiltering - Copying 1 resource from src\main\resources to target\classes
2026-02-25 10:04:48,774 [Worker-6: ビルド] INFO  o.a.m.s.f.DefaultMavenResourcesFiltering - Copying 1 resource from src\main\resources to target\classes
2026-02-25 10:04:48,777 [Worker-6: ビルド] INFO  o.a.m.s.f.DefaultMavenResourcesFiltering - skip non existing resourceDirectory C:\springDemo\demo\src\test\resources
2026-02-25 10:04:54,442 [Worker-1: ビルド] INFO  o.a.m.s.f.DefaultMavenResourcesFiltering - Copying 1 resource from src\main\resources to target\classes
2026-02-25 10:04:54,445 [Worker-1: ビルド] INFO  o.a.m.s.f.DefaultMavenResourcesFiltering - Copying 1 resource from src\main\resources to target\classes
2026-02-25 10:04:54,449 [Worker-1: ビルド] INFO  o.a.m.s.f.DefaultMavenResourcesFiltering - skip non existing resourceDirectory C:\springDemo\demo\src\test\resources
2026-02-25 10:05:50,313 [Worker-10: ビルド] INFO  o.a.m.s.f.DefaultMavenResourcesFiltering - Copying 1 resource from src\main\resources to target\classes
2026-02-25 10:05:50,317 [Worker-10: ビルド] INFO  o.a.m.s.f.DefaultMavenResourcesFiltering - Copying 1 resource from src\main\resources to target\classes
2026-02-25 10:05:50,320 [Worker-10: ビルド] INFO  o.a.m.s.f.DefaultMavenResourcesFiltering - skip non existing resourceDirectory C:\springDemo\demo\src\test\resources
2026-02-25 10:06:01,100 [Worker-6: ビルド] INFO  o.a.m.s.f.DefaultMavenResourcesFiltering - Copying 1 resource from src\main\resources to target\classes
2026-02-25 10:06:01,103 [Worker-6: ビルド] INFO  o.a.m.s.f.DefaultMavenResourcesFiltering - Copying 1 resource from src\main\resources to target\classes
2026-02-25 10:06:01,106 [Worker-6: ビルド] INFO  o.a.m.s.f.DefaultMavenResourcesFiltering - skip non existing resourceDirectory C:\springDemo\demo\src\test\resources
2026-02-25 10:06:21,332 [Worker-5: ビルド] INFO  o.a.m.s.f.DefaultMavenResourcesFiltering - Copying 1 resource from src\main\resources to target\classes
2026-02-25 10:06:21,337 [Worker-5: ビルド] INFO  o.a.m.s.f.DefaultMavenResourcesFiltering - Copying 1 resource from src\main\resources to target\classes
2026-02-25 10:06:21,340 [Worker-5: ビルド] INFO  o.a.m.s.f.DefaultMavenResourcesFiltering - skip non existing resourceDirectory C:\springDemo\demo\src\test\resources
2026-02-25 10:06:59,261 [Worker-16: ビルド] INFO  o.a.m.s.f.DefaultMavenResourcesFiltering - Copying 1 resource from src\main\resources to target\classes
2026-02-25 10:06:59,266 [Worker-16: ビルド] INFO  o.a.m.s.f.DefaultMavenResourcesFiltering - Copying 1 resource from src\main\resources to target\classes
2026-02-25 10:06:59,272 [Worker-16: ビルド] INFO  o.a.m.s.f.DefaultMavenResourcesFiltering - skip non existing resourceDirectory C:\springDemo\demo\src\test\resources
2026-02-25 10:08:56,741 [Worker-15: ビルド] INFO  o.a.m.s.f.DefaultMavenResourcesFiltering - Copying 1 resource from src\main\resources to target\classes
2026-02-25 10:08:56,748 [Worker-15: ビルド] INFO  o.a.m.s.f.DefaultMavenResourcesFiltering - Copying 1 resource from src\main\resources to target\classes
2026-02-25 10:08:56,751 [Worker-15: ビルド] INFO  o.a.m.s.f.DefaultMavenResourcesFiltering - skip non existing resourceDirectory C:\springDemo\demo\src\test\resources
2026-02-25 10:09:04,454 [Worker-6: ビルド] INFO  o.a.m.s.f.DefaultMavenResourcesFiltering - Copying 1 resource from src\main\resources to target\classes
2026-02-25 10:09:04,459 [Worker-6: ビルド] INFO  o.a.m.s.f.DefaultMavenResourcesFiltering - Copying 1 resource from src\main\resources to target\classes
2026-02-25 10:09:04,462 [Worker-6: ビルド] INFO  o.a.m.s.f.DefaultMavenResourcesFiltering - skip non existing resourceDirectory C:\springDemo\demo\src\test\resources
2026-02-25 10:11:33,690 [Worker-6: ビルド] INFO  o.a.m.s.f.DefaultMavenResourcesFiltering - Copying 1 resource from src\main\resources to target\classes
2026-02-25 10:11:33,695 [Worker-6: ビルド] INFO  o.a.m.s.f.DefaultMavenResourcesFiltering - Copying 1 resource from src\main\resources to target\classes
2026-02-25 10:11:33,698 [Worker-6: ビルド] INFO  o.a.m.s.f.DefaultMavenResourcesFiltering - skip non existing resourceDirectory C:\springDemo\demo\src\test\resources
2026-02-25 10:11:38,377 [Worker-5: ビルド] INFO  o.a.m.s.f.DefaultMavenResourcesFiltering - Copying 1 resource from src\main\resources to target\classes
2026-02-25 10:11:38,382 [Worker-5: ビルド] INFO  o.a.m.s.f.DefaultMavenResourcesFiltering - Copying 1 resource from src\main\resources to target\classes
2026-02-25 10:11:38,384 [Worker-5: ビルド] INFO  o.a.m.s.f.DefaultMavenResourcesFiltering - skip non existing resourceDirectory C:\springDemo\demo\src\test\resources
2026-02-25 10:13:15,868 [Worker-6: ビルド] INFO  o.a.m.s.f.DefaultMavenResourcesFiltering - Copying 1 resource from src\main\resources to target\classes
2026-02-25 10:13:15,871 [Worker-6: ビルド] INFO  o.a.m.s.f.DefaultMavenResourcesFiltering - Copying 1 resource from src\main\resources to target\classes
2026-02-25 10:13:15,875 [Worker-6: ビルド] INFO  o.a.m.s.f.DefaultMavenResourcesFiltering - skip non existing resourceDirectory C:\springDemo\demo\src\test\resources
2026-02-25 10:13:19,701 [Worker-10: ビルド] INFO  o.a.m.s.f.DefaultMavenResourcesFiltering - Copying 1 resource from src\main\resources to target\classes
2026-02-25 10:13:19,704 [Worker-10: ビルド] INFO  o.a.m.s.f.DefaultMavenResourcesFiltering - Copying 1 resource from src\main\resources to target\classes
2026-02-25 10:13:19,708 [Worker-10: ビルド] INFO  o.a.m.s.f.DefaultMavenResourcesFiltering - skip non existing resourceDirectory C:\springDemo\demo\src\test\resources
2026-02-25 10:13:52,656 [Worker-1: ビルド] INFO  o.a.m.s.f.DefaultMavenResourcesFiltering - Copying 1 resource from src\main\resources to target\classes
2026-02-25 10:13:52,661 [Worker-1: ビルド] INFO  o.a.m.s.f.DefaultMavenResourcesFiltering - Copying 1 resource from src\main\resources to target\classes
2026-02-25 10:13:52,665 [Worker-1: ビルド] INFO  o.a.m.s.f.DefaultMavenResourcesFiltering - skip non existing resourceDirectory C:\springDemo\demo\src\test\resources
2026-02-25 10:14:13,953 [Worker-6: ビルド] INFO  o.a.m.s.f.DefaultMavenResourcesFiltering - Copying 1 resource from src\main\resources to target\classes
2026-02-25 10:14:13,958 [Worker-6: ビルド] INFO  o.a.m.s.f.DefaultMavenResourcesFiltering - Copying 1 resource from src\main\resources to target\classes
2026-02-25 10:14:13,962 [Worker-6: ビルド] INFO  o.a.m.s.f.DefaultMavenResourcesFiltering - skip non existing resourceDirectory C:\springDemo\demo\src\test\resources
2026-02-25 10:14:36,191 [Worker-16: ビルド] INFO  o.a.m.s.f.DefaultMavenResourcesFiltering - Copying 1 resource from src\main\resources to target\classes
2026-02-25 10:14:36,198 [Worker-16: ビルド] INFO  o.a.m.s.f.DefaultMavenResourcesFiltering - Copying 1 resource from src\main\resources to target\classes
2026-02-25 10:14:36,203 [Worker-16: ビルド] INFO  o.a.m.s.f.DefaultMavenResourcesFiltering - skip non existing resourceDirectory C:\springDemo\demo\src\test\resources
2026-02-25 10:14:41,878 [Worker-17: ビルド] INFO  o.a.m.s.f.DefaultMavenResourcesFiltering - Copying 1 resource from src\main\resources to target\classes
2026-02-25 10:14:41,881 [Worker-17: ビルド] INFO  o.a.m.s.f.DefaultMavenResourcesFiltering - Copying 1 resource from src\main\resources to target\classes
2026-02-25 10:14:41,886 [Worker-17: ビルド] INFO  o.a.m.s.f.DefaultMavenResourcesFiltering - skip non existing resourceDirectory C:\springDemo\demo\src\test\resources
2026-02-25 10:16:47,370 [Worker-16: ビルド] INFO  o.a.m.s.f.DefaultMavenResourcesFiltering - Copying 1 resource from src\main\resources to target\classes
2026-02-25 10:16:47,375 [Worker-16: ビルド] INFO  o.a.m.s.f.DefaultMavenResourcesFiltering - Copying 1 resource from src\main\resources to target\classes
2026-02-25 10:16:47,380 [Worker-16: ビルド] INFO  o.a.m.s.f.DefaultMavenResourcesFiltering - skip non existing resourceDirectory C:\springDemo\demo\src\test\resources
2026-02-25 10:17:32,329 [Worker-5: ビルド] INFO  o.a.m.s.f.DefaultMavenResourcesFiltering - Copying 1 resource from src\main\resources to target\classes
2026-02-25 10:17:32,337 [Worker-5: ビルド] INFO  o.a.m.s.f.DefaultMavenResourcesFiltering - Copying 1 resource from src\main\resources to target\classes
2026-02-25 10:17:32,344 [Worker-5: ビルド] INFO  o.a.m.s.f.DefaultMavenResourcesFiltering - skip non existing resourceDirectory C:\springDemo\demo\src\test\resources
2026-02-25 10:17:42,607 [Worker-5: ビルド] INFO  o.a.m.s.f.DefaultMavenResourcesFiltering - Copying 1 resource from src\main\resources to target\classes
2026-02-25 10:17:42,623 [Worker-5: ビルド] INFO  o.a.m.s.f.DefaultMavenResourcesFiltering - Copying 1 resource from src\main\resources to target\classes
2026-02-25 10:17:42,626 [Worker-5: ビルド] INFO  o.a.m.s.f.DefaultMavenResourcesFiltering - skip non existing resourceDirectory C:\springDemo\demo\src\test\resources
2026-02-25 10:18:28,514 [Worker-15: ビルド] INFO  o.a.m.s.f.DefaultMavenResourcesFiltering - Copying 1 resource from src\main\resources to target\classes
2026-02-25 10:18:28,520 [Worker-15: ビルド] INFO  o.a.m.s.f.DefaultMavenResourcesFiltering - Copying 1 resource from src\main\resources to target\classes
2026-02-25 10:18:28,525 [Worker-15: ビルド] INFO  o.a.m.s.f.DefaultMavenResourcesFiltering - skip non existing resourceDirectory C:\springDemo\demo\src\test\resources
2026-02-25 10:19:17,589 [Worker-15: ビルド] INFO  o.a.m.s.f.DefaultMavenResourcesFiltering - Copying 1 resource from src\main\resources to target\classes
2026-02-25 10:19:17,593 [Worker-15: ビルド] INFO  o.a.m.s.f.DefaultMavenResourcesFiltering - Copying 1 resource from src\main\resources to target\classes
2026-02-25 10:19:17,610 [Worker-15: ビルド] INFO  o.a.m.s.f.DefaultMavenResourcesFiltering - skip non existing resourceDirectory C:\springDemo\demo\src\test\resources
2026-02-25 10:21:41,292 [Worker-6: ビルド] INFO  o.a.m.s.f.DefaultMavenResourcesFiltering - Copying 1 resource from src\main\resources to target\classes
2026-02-25 10:21:41,297 [Worker-6: ビルド] INFO  o.a.m.s.f.DefaultMavenResourcesFiltering - Copying 1 resource from src\main\resources to target\classes
2026-02-25 10:21:41,299 [Worker-6: ビルド] INFO  o.a.m.s.f.DefaultMavenResourcesFiltering - skip non existing resourceDirectory C:\springDemo\demo\src\test\resources
2026-02-25 10:21:51,028 [Worker-1: ビルド] INFO  o.a.m.s.f.DefaultMavenResourcesFiltering - Copying 1 resource from src\main\resources to target\classes
2026-02-25 10:21:51,033 [Worker-1: ビルド] INFO  o.a.m.s.f.DefaultMavenResourcesFiltering - Copying 1 resource from src\main\resources to target\classes
2026-02-25 10:21:51,035 [Worker-1: ビルド] INFO  o.a.m.s.f.DefaultMavenResourcesFiltering - skip non existing resourceDirectory C:\springDemo\demo\src\test\resources
2026-02-25 10:22:28,529 [Worker-5: ビルド] INFO  o.a.m.s.f.DefaultMavenResourcesFiltering - Copying 1 resource from src\main\resources to target\classes
2026-02-25 10:22:28,547 [Worker-5: ビルド] INFO  o.a.m.s.f.DefaultMavenResourcesFiltering - Copying 1 resource from src\main\resources to target\classes
2026-02-25 10:22:28,554 [Worker-5: ビルド] INFO  o.a.m.s.f.DefaultMavenResourcesFiltering - skip non existing resourceDirectory C:\springDemo\demo\src\test\resources
2026-02-25 10:24:53,091 [Worker-1: ビルド] INFO  o.a.m.s.f.DefaultMavenResourcesFiltering - Copying 1 resource from src\main\resources to target\classes
2026-02-25 10:24:53,097 [Worker-1: ビルド] INFO  o.a.m.s.f.DefaultMavenResourcesFiltering - Copying 1 resource from src\main\resources to target\classes
2026-02-25 10:24:53,100 [Worker-1: ビルド] INFO  o.a.m.s.f.DefaultMavenResourcesFiltering - skip non existing resourceDirectory C:\springDemo\demo\src\test\resources
2026-02-25 10:26:16,153 [Worker-15: ビルド] INFO  o.a.m.s.f.DefaultMavenResourcesFiltering - Copying 1 resource from src\main\resources to target\classes
2026-02-25 10:26:16,159 [Worker-15: ビルド] INFO  o.a.m.s.f.DefaultMavenResourcesFiltering - Copying 1 resource from src\main\resources to target\classes
2026-02-25 10:26:16,163 [Worker-15: ビルド] INFO  o.a.m.s.f.DefaultMavenResourcesFiltering - skip non existing resourceDirectory C:\springDemo\demo\src\test\resources
2026-02-25 10:28:58,177 [Worker-15: ビルド] INFO  o.a.m.s.f.DefaultMavenResourcesFiltering - Copying 1 resource from src\main\resources to target\classes
2026-02-25 10:28:58,180 [Worker-15: ビルド] INFO  o.a.m.s.f.DefaultMavenResourcesFiltering - Copying 1 resource from src\main\resources to target\classes
2026-02-25 10:28:58,183 [Worker-15: ビルド] INFO  o.a.m.s.f.DefaultMavenResourcesFiltering - skip non existing resourceDirectory C:\springDemo\demo\src\test\resources
2026-02-25 10:30:02,916 [Worker-17: ビルド] INFO  o.a.m.s.f.DefaultMavenResourcesFiltering - Copying 1 resource from src\main\resources to target\classes
2026-02-25 10:30:02,921 [Worker-17: ビルド] INFO  o.a.m.s.f.DefaultMavenResourcesFiltering - Copying 1 resource from src\main\resources to target\classes
2026-02-25 10:30:02,925 [Worker-17: ビルド] INFO  o.a.m.s.f.DefaultMavenResourcesFiltering - skip non existing resourceDirectory C:\springDemo\demo\src\test\resources
2026-02-25 10:30:13,595 [Worker-1: ビルド] INFO  o.a.m.s.f.DefaultMavenResourcesFiltering - Copying 1 resource from src\main\resources to target\classes
2026-02-25 10:30:13,598 [Worker-1: ビルド] INFO  o.a.m.s.f.DefaultMavenResourcesFiltering - Copying 1 resource from src\main\resources to target\classes
2026-02-25 10:30:13,600 [Worker-1: ビルド] INFO  o.a.m.s.f.DefaultMavenResourcesFiltering - skip non existing resourceDirectory C:\springDemo\demo\src\test\resources
2026-02-25 10:35:17,912 [Worker-19: ビルド] INFO  o.a.m.s.f.DefaultMavenResourcesFiltering - Copying 1 resource from src\main\resources to target\classes
2026-02-25 10:35:17,916 [Worker-19: ビルド] INFO  o.a.m.s.f.DefaultMavenResourcesFiltering - Copying 1 resource from src\main\resources to target\classes
2026-02-25 10:35:17,919 [Worker-19: ビルド] INFO  o.a.m.s.f.DefaultMavenResourcesFiltering - skip non existing resourceDirectory C:\springDemo\demo\src\test\resources
2026-02-25 10:43:35,234 [Worker-21: ビルド] INFO  o.a.m.s.f.DefaultMavenResourcesFiltering - Copying 1 resource from src\main\resources to target\classes
2026-02-25 10:43:35,238 [Worker-21: ビルド] INFO  o.a.m.s.f.DefaultMavenResourcesFiltering - Copying 1 resource from src\main\resources to target\classes
2026-02-25 10:43:35,241 [Worker-21: ビルド] INFO  o.a.m.s.f.DefaultMavenResourcesFiltering - skip non existing resourceDirectory C:\springDemo\demo\src\test\resources
2026-02-25 10:44:37,564 [Worker-15: ビルド] INFO  o.a.m.s.f.DefaultMavenResourcesFiltering - Copying 1 resource from src\main\resources to target\classes
2026-02-25 10:44:37,574 [Worker-15: ビルド] INFO  o.a.m.s.f.DefaultMavenResourcesFiltering - Copying 1 resource from src\main\resources to target\classes
2026-02-25 10:44:37,577 [Worker-15: ビルド] INFO  o.a.m.s.f.DefaultMavenResourcesFiltering - skip non existing resourceDirectory C:\springDemo\demo\src\test\resources
2026-02-25 10:47:10,918 [Worker-21: ビルド] INFO  o.a.m.s.f.DefaultMavenResourcesFiltering - Copying 1 resource from src\main\resources to target\classes
2026-02-25 10:47:10,935 [Worker-21: ビルド] INFO  o.a.m.s.f.DefaultMavenResourcesFiltering - Copying 1 resource from src\main\resources to target\classes
2026-02-25 10:47:10,939 [Worker-21: ビルド] INFO  o.a.m.s.f.DefaultMavenResourcesFiltering - skip non existing resourceDirectory C:\springDemo\demo\src\test\resources
2026-02-25 10:47:15,063 [Worker-15: ビルド] INFO  o.a.m.s.f.DefaultMavenResourcesFiltering - Copying 1 resource from src\main\resources to target\classes
2026-02-25 10:47:15,068 [Worker-15: ビルド] INFO  o.a.m.s.f.DefaultMavenResourcesFiltering - Copying 1 resource from src\main\resources to target\classes
2026-02-25 10:47:15,071 [Worker-15: ビルド] INFO  o.a.m.s.f.DefaultMavenResourcesFiltering - skip non existing resourceDirectory C:\springDemo\demo\src\test\resources
2026-02-25 10:48:36,804 [Worker-21: ビルド] INFO  o.a.m.s.f.DefaultMavenResourcesFiltering - Copying 1 resource from src\main\resources to target\classes
2026-02-25 10:48:36,808 [Worker-21: ビルド] INFO  o.a.m.s.f.DefaultMavenResourcesFiltering - Copying 1 resource from src\main\resources to target\classes
2026-02-25 10:48:36,811 [Worker-21: ビルド] INFO  o.a.m.s.f.DefaultMavenResourcesFiltering - skip non existing resourceDirectory C:\springDemo\demo\src\test\resources
2026-02-25 10:48:59,147 [Worker-19: ビルド] INFO  o.a.m.s.f.DefaultMavenResourcesFiltering - Copying 1 resource from src\main\resources to target\classes
2026-02-25 10:48:59,151 [Worker-19: ビルド] INFO  o.a.m.s.f.DefaultMavenResourcesFiltering - Copying 1 resource from src\main\resources to target\classes
2026-02-25 10:48:59,153 [Worker-19: ビルド] INFO  o.a.m.s.f.DefaultMavenResourcesFiltering - skip non existing resourceDirectory C:\springDemo\demo\src\test\resources
2026-02-25 10:54:38,033 [Worker-19: ビルド] INFO  o.a.m.s.f.DefaultMavenResourcesFiltering - Copying 1 resource from src\main\resources to target\classes
2026-02-25 10:54:38,039 [Worker-19: ビルド] INFO  o.a.m.s.f.DefaultMavenResourcesFiltering - Copying 1 resource from src\main\resources to target\classes
2026-02-25 10:54:38,041 [Worker-19: ビルド] INFO  o.a.m.s.f.DefaultMavenResourcesFiltering - skip non existing resourceDirectory C:\springDemo\demo\src\test\resources
2026-02-25 10:54:45,116 [Worker-20: ビルド] INFO  o.a.m.s.f.DefaultMavenResourcesFiltering - Copying 1 resource from src\main\resources to target\classes
2026-02-25 10:54:45,119 [Worker-20: ビルド] INFO  o.a.m.s.f.DefaultMavenResourcesFiltering - Copying 1 resource from src\main\resources to target\classes
2026-02-25 10:54:45,122 [Worker-20: ビルド] INFO  o.a.m.s.f.DefaultMavenResourcesFiltering - skip non existing resourceDirectory C:\springDemo\demo\src\test\resources
2026-02-25 11:03:41,394 [Worker-20: ビルド] INFO  o.a.m.s.f.DefaultMavenResourcesFiltering - Copying 1 resource from src\main\resources to target\classes
2026-02-25 11:03:41,399 [Worker-20: ビルド] INFO  o.a.m.s.f.DefaultMavenResourcesFiltering - Copying 1 resource from src\main\resources to target\classes
2026-02-25 11:03:41,402 [Worker-20: ビルド] INFO  o.a.m.s.f.DefaultMavenResourcesFiltering - skip non existing resourceDirectory C:\springDemo\demo\src\test\resources
2026-02-25 11:04:09,251 [Worker-20: ビルド] INFO  o.a.m.s.f.DefaultMavenResourcesFiltering - Copying 1 resource from src\main\resources to target\classes
2026-02-25 11:04:09,255 [Worker-20: ビルド] INFO  o.a.m.s.f.DefaultMavenResourcesFiltering - Copying 1 resource from src\main\resources to target\classes
2026-02-25 11:04:09,257 [Worker-20: ビルド] INFO  o.a.m.s.f.DefaultMavenResourcesFiltering - skip non existing resourceDirectory C:\springDemo\demo\src\test\resources
2026-02-25 11:05:12,203 [Worker-19: ビルド] INFO  o.a.m.s.f.DefaultMavenResourcesFiltering - Copying 1 resource from src\main\resources to target\classes
2026-02-25 11:05:12,206 [Worker-19: ビルド] INFO  o.a.m.s.f.DefaultMavenResourcesFiltering - Copying 1 resource from src\main\resources to target\classes
2026-02-25 11:05:12,208 [Worker-19: ビルド] INFO  o.a.m.s.f.DefaultMavenResourcesFiltering - skip non existing resourceDirectory C:\springDemo\demo\src\test\resources
2026-02-25 11:05:41,691 [Worker-20: ビルド] INFO  o.a.m.s.f.DefaultMavenResourcesFiltering - Copying 1 resource from src\main\resources to target\classes
2026-02-25 11:05:41,695 [Worker-20: ビルド] INFO  o.a.m.s.f.DefaultMavenResourcesFiltering - Copying 1 resource from src\main\resources to target\classes
2026-02-25 11:05:41,699 [Worker-20: ビルド] INFO  o.a.m.s.f.DefaultMavenResourcesFiltering - skip non existing resourceDirectory C:\springDemo\demo\src\test\resources
2026-02-25 11:06:40,029 [Worker-20: ビルド] INFO  o.a.m.s.f.DefaultMavenResourcesFiltering - Copying 1 resource from src\main\resources to target\classes
2026-02-25 11:06:40,032 [Worker-20: ビルド] INFO  o.a.m.s.f.DefaultMavenResourcesFiltering - Copying 1 resource from src\main\resources to target\classes
2026-02-25 11:06:40,035 [Worker-20: ビルド] INFO  o.a.m.s.f.DefaultMavenResourcesFiltering - skip non existing resourceDirectory C:\springDemo\demo\src\test\resources
2026-02-25 11:06:45,069 [Worker-22: ビルド] INFO  o.a.m.s.f.DefaultMavenResourcesFiltering - Copying 1 resource from src\main\resources to target\classes
2026-02-25 11:06:45,073 [Worker-22: ビルド] INFO  o.a.m.s.f.DefaultMavenResourcesFiltering - Copying 1 resource from src\main\resources to target\classes
2026-02-25 11:06:45,076 [Worker-22: ビルド] INFO  o.a.m.s.f.DefaultMavenResourcesFiltering - skip non existing resourceDirectory C:\springDemo\demo\src\test\resources
2026-02-25 11:08:14,431 [Worker-26: ビルド] INFO  o.a.m.s.f.DefaultMavenResourcesFiltering - Copying 1 resource from src\main\resources to target\classes
2026-02-25 11:08:14,435 [Worker-26: ビルド] INFO  o.a.m.s.f.DefaultMavenResourcesFiltering - Copying 1 resource from src\main\resources to target\classes
2026-02-25 11:08:14,438 [Worker-26: ビルド] INFO  o.a.m.s.f.DefaultMavenResourcesFiltering - skip non existing resourceDirectory C:\springDemo\demo\src\test\resources
2026-02-25 11:09:03,985 [Worker-15: ビルド] INFO  o.a.m.s.f.DefaultMavenResourcesFiltering - Copying 1 resource from src\main\resources to target\classes
2026-02-25 11:09:03,989 [Worker-15: ビルド] INFO  o.a.m.s.f.DefaultMavenResourcesFiltering - Copying 1 resource from src\main\resources to target\classes
2026-02-25 11:09:03,992 [Worker-15: ビルド] INFO  o.a.m.s.f.DefaultMavenResourcesFiltering - skip non existing resourceDirectory C:\springDemo\demo\src\test\resources
2026-02-25 11:11:26,653 [Worker-19: ビルド] INFO  o.a.m.s.f.DefaultMavenResourcesFiltering - Copying 1 resource from src\main\resources to target\classes
2026-02-25 11:11:26,657 [Worker-19: ビルド] INFO  o.a.m.s.f.DefaultMavenResourcesFiltering - Copying 1 resource from src\main\resources to target\classes
2026-02-25 11:11:26,660 [Worker-19: ビルド] INFO  o.a.m.s.f.DefaultMavenResourcesFiltering - skip non existing resourceDirectory C:\springDemo\demo\src\test\resources
2026-02-25 11:13:35,056 [Worker-15: ビルド] INFO  o.a.m.s.f.DefaultMavenResourcesFiltering - Copying 1 resource from src\main\resources to target\classes
2026-02-25 11:13:35,061 [Worker-15: ビルド] INFO  o.a.m.s.f.DefaultMavenResourcesFiltering - Copying 1 resource from src\main\resources to target\classes
2026-02-25 11:13:35,064 [Worker-15: ビルド] INFO  o.a.m.s.f.DefaultMavenResourcesFiltering - skip non existing resourceDirectory C:\springDemo\demo\src\test\resources
2026-02-25 11:15:24,183 [Worker-26: ビルド] INFO  o.a.m.s.f.DefaultMavenResourcesFiltering - Copying 0 resource from src\main\resources to target\classes
2026-02-25 11:15:24,184 [Worker-26: ビルド] INFO  o.a.m.s.f.DefaultMavenResourcesFiltering - Copying 0 resource from src\main\resources to target\classes
2026-02-25 11:15:24,188 [Worker-26: ビルド] INFO  o.a.m.s.f.DefaultMavenResourcesFiltering - skip non existing resourceDirectory C:\springDemo\demo\src\test\resources
2026-02-25 11:18:37,054 [Worker-19: ビルド] INFO  o.a.m.s.f.DefaultMavenResourcesFiltering - Copying 0 resource from src\main\resources to target\classes
2026-02-25 11:18:37,057 [Worker-19: ビルド] INFO  o.a.m.s.f.DefaultMavenResourcesFiltering - Copying 1 resource from src\main\resources to target\classes
2026-02-25 11:18:37,063 [Worker-19: ビルド] INFO  o.a.m.s.f.DefaultMavenResourcesFiltering - skip non existing resourceDirectory C:\springDemo\demo\src\test\resources
2026-02-25 11:21:22,357 [Worker-26: ビルド] INFO  o.a.m.s.f.DefaultMavenResourcesFiltering - Copying 0 resource from src\main\resources to target\classes
2026-02-25 11:21:22,360 [Worker-26: ビルド] INFO  o.a.m.s.f.DefaultMavenResourcesFiltering - Copying 0 resource from src\main\resources to target\classes
2026-02-25 11:21:22,365 [Worker-26: ビルド] INFO  o.a.m.s.f.DefaultMavenResourcesFiltering - skip non existing resourceDirectory C:\springDemo\demo\src\test\resources
2026-02-25 11:21:56,474 [Worker-22: ビルド] INFO  o.a.m.s.f.DefaultMavenResourcesFiltering - Copying 0 resource from src\main\resources to target\classes
2026-02-25 11:21:56,474 [Worker-22: ビルド] INFO  o.a.m.s.f.DefaultMavenResourcesFiltering - Copying 1 resource from src\main\resources to target\classes
2026-02-25 11:21:56,485 [Worker-22: ビルド] INFO  o.a.m.s.f.DefaultMavenResourcesFiltering - skip non existing resourceDirectory C:\springDemo\demo\src\test\resources
2026-02-25 11:22:29,576 [Worker-26: ビルド] INFO  o.a.m.s.f.DefaultMavenResourcesFiltering - Copying 0 resource from src\main\resources to target\classes
2026-02-25 11:22:29,580 [Worker-26: ビルド] INFO  o.a.m.s.f.DefaultMavenResourcesFiltering - Copying 1 resource from src\main\resources to target\classes
2026-02-25 11:22:29,591 [Worker-26: ビルド] INFO  o.a.m.s.f.DefaultMavenResourcesFiltering - skip non existing resourceDirectory C:\springDemo\demo\src\test\resources
2026-02-25 11:29:52,382 [Worker-26: ビルド] INFO  o.a.m.s.f.DefaultMavenResourcesFiltering - Copying 0 resource from src\main\resources to target\classes
2026-02-25 11:29:52,387 [Worker-26: ビルド] INFO  o.a.m.s.f.DefaultMavenResourcesFiltering - Copying 1 resource from src\main\resources to target\classes
2026-02-25 11:29:52,398 [Worker-26: ビルド] INFO  o.a.m.s.f.DefaultMavenResourcesFiltering - skip non existing resourceDirectory C:\springDemo\demo\src\test\resources
2026-02-25 11:54:15,997 [Worker-36: ビルド] INFO  o.a.m.s.f.DefaultMavenResourcesFiltering - Copying 1 resource from src\main\resources to target\classes
2026-02-25 11:54:16,002 [Worker-36: ビルド] INFO  o.a.m.s.f.DefaultMavenResourcesFiltering - Copying 0 resource from src\main\resources to target\classes
2026-02-25 11:54:16,007 [Worker-36: ビルド] INFO  o.a.m.s.f.DefaultMavenResourcesFiltering - skip non existing resourceDirectory C:\springDemo\demo\src\test\resources
2026-02-25 11:56:38,037 [Worker-36: ビルド] INFO  o.a.m.s.f.DefaultMavenResourcesFiltering - Copying 1 resource from src\main\resources to target\classes
2026-02-25 11:56:38,040 [Worker-36: ビルド] INFO  o.a.m.s.f.DefaultMavenResourcesFiltering - Copying 2 resources from src\main\resources to target\classes
2026-02-25 11:56:38,045 [Worker-36: ビルド] INFO  o.a.m.s.f.DefaultMavenResourcesFiltering - skip non existing resourceDirectory C:\springDemo\demo\src\test\resources
2026-02-25 11:57:06,982 [Worker-19: ビルド] INFO  o.a.m.s.f.DefaultMavenResourcesFiltering - Copying 1 resource from src\main\resources to target\classes
2026-02-25 11:57:07,008 [Worker-19: ビルド] INFO  o.a.m.s.f.DefaultMavenResourcesFiltering - Copying 2 resources from src\main\resources to target\classes
2026-02-25 11:57:07,014 [Worker-19: ビルド] INFO  o.a.m.s.f.DefaultMavenResourcesFiltering - skip non existing resourceDirectory C:\springDemo\demo\src\test\resources
2026-02-25 12:00:31,497 [Worker-19: ビルド] INFO  o.a.m.s.f.DefaultMavenResourcesFiltering - Copying 1 resource from src\main\resources to target\classes
2026-02-25 12:00:31,502 [Worker-19: ビルド] INFO  o.a.m.s.f.DefaultMavenResourcesFiltering - Copying 2 resources from src\main\resources to target\classes
2026-02-25 12:00:31,508 [Worker-19: ビルド] INFO  o.a.m.s.f.DefaultMavenResourcesFiltering - skip non existing resourceDirectory C:\springDemo\demo\src\test\resources
2026-02-25 12:02:36,226 [Worker-33: ビルド] INFO  o.a.m.s.f.DefaultMavenResourcesFiltering - Copying 0 resource from src\main\resources to target\classes
2026-02-25 12:02:36,228 [Worker-33: ビルド] INFO  o.a.m.s.f.DefaultMavenResourcesFiltering - Copying 1 resource from src\main\resources to target\classes
2026-02-25 12:02:36,234 [Worker-33: ビルド] INFO  o.a.m.s.f.DefaultMavenResourcesFiltering - skip non existing resourceDirectory C:\springDemo\demo\src\test\resources
2026-02-25 12:04:09,755 [Worker-36: ビルド] INFO  o.a.m.s.f.DefaultMavenResourcesFiltering - Copying 0 resource from src\main\resources to target\classes
2026-02-25 12:04:09,757 [Worker-36: ビルド] INFO  o.a.m.s.f.DefaultMavenResourcesFiltering - Copying 1 resource from src\main\resources to target\classes
2026-02-25 12:04:09,763 [Worker-36: ビルド] INFO  o.a.m.s.f.DefaultMavenResourcesFiltering - skip non existing resourceDirectory C:\springDemo\demo\src\test\resources
2026-02-25 12:05:12,500 [Worker-36: ビルド] INFO  o.a.m.s.f.DefaultMavenResourcesFiltering - Copying 0 resource from src\main\resources to target\classes
2026-02-25 12:05:12,502 [Worker-36: ビルド] INFO  o.a.m.s.f.DefaultMavenResourcesFiltering - Copying 1 resource from src\main\resources to target\classes
2026-02-25 12:05:12,507 [Worker-36: ビルド] INFO  o.a.m.s.f.DefaultMavenResourcesFiltering - skip non existing resourceDirectory C:\springDemo\demo\src\test\resources
2026-02-25 12:08:51,025 [Worker-37: ビルド] INFO  o.a.m.s.f.DefaultMavenResourcesFiltering - Copying 0 resource from src\main\resources to target\classes
2026-02-25 12:08:51,026 [Worker-37: ビルド] INFO  o.a.m.s.f.DefaultMavenResourcesFiltering - Copying 1 resource from src\main\resources to target\classes
2026-02-25 12:08:51,032 [Worker-37: ビルド] INFO  o.a.m.s.f.DefaultMavenResourcesFiltering - skip non existing resourceDirectory C:\springDemo\demo\src\test\resources
2026-02-25 13:22:19,585 [Worker-35: ビルド] INFO  o.e.m.c.i.l.LifecycleMappingFactory - Using org.maven.ide.eclipse.wtp.WarLifecycleMapping lifecycle mapping for MavenProject: com.example:demo:0.0.1-SNAPSHOT @ C:\springDemo\demo\pom.xml.
2026-02-25 13:29:31,903 [Worker-34: ビルド] INFO  o.e.m.c.i.l.LifecycleMappingFactory - Using org.maven.ide.eclipse.wtp.WarLifecycleMapping lifecycle mapping for MavenProject: com.example:demo:0.0.1-SNAPSHOT @ C:\springDemo\demo\pom.xml.
2026-02-25 13:29:32,425 [Worker-34: ビルド] INFO  o.e.m.c.i.e.AbstractTransferListenerAdapter - Downloading https://repo.maven.apache.org/maven2/org/webjars/bootstrap/5.2.2/bootstrap-5.2.2.pom
2026-02-25 13:29:32,465 [Worker-34: ビルド] INFO  o.e.m.c.i.e.AbstractTransferListenerAdapter - Downloaded https://repo.maven.apache.org/maven2/org/webjars/bootstrap/5.2.2/bootstrap-5.2.2.pom
2026-02-25 13:29:32,918 [Worker-34: ビルド] INFO  o.e.m.c.i.e.AbstractTransferListenerAdapter - Downloading https://repo.maven.apache.org/maven2/org/webjars/bootstrap/5.2.2/bootstrap-5.2.2.jar
2026-02-25 13:29:33,361 [Worker-34: ビルド] INFO  o.e.m.c.i.e.AbstractTransferListenerAdapter - Downloaded https://repo.maven.apache.org/maven2/org/webjars/bootstrap/5.2.2/bootstrap-5.2.2.jar
2026-02-25 13:29:34,404 [Worker-34: ビルド] INFO  o.a.m.s.f.DefaultMavenResourcesFiltering - Copying 0 resource from src\main\resources to target\classes
2026-02-25 13:29:34,405 [Worker-34: ビルド] INFO  o.a.m.s.f.DefaultMavenResourcesFiltering - Copying 0 resource from src\main\resources to target\classes
2026-02-25 13:29:34,409 [Worker-34: ビルド] INFO  o.a.m.s.f.DefaultMavenResourcesFiltering - skip non existing resourceDirectory C:\springDemo\demo\src\test\resources
2026-02-25 13:29:34,411 [Worker-34: ビルド] INFO  o.e.m.w.i.f.ResourceFilteringBuildParticipant - Changed resources require a complete clean of filtered resources of demo
2026-02-25 13:29:34,412 [Worker-34: ビルド] INFO  o.e.m.w.i.f.ResourceFilteringBuildParticipant - Executing resource filtering for demo
2026-02-25 13:29:35,286 [Worker-19: ソースおよび Javadoc のダウンロード] INFO  o.e.m.c.i.e.AbstractTransferListenerAdapter - Downloaded https://repo.maven.apache.org/maven2/org/webjars/bootstrap/5.2.2/bootstrap-5.2.2-sources.jar
2026-02-25 13:29:35,295 [Worker-19: ソースおよび Javadoc のダウンロード] ERROR o.e.m.j.internal.DownloadSourcesJob - Could not download sources for org.webjars:bootstrap:5.2.2
org.eclipse.core.runtime.CoreException: Could not resolve artifact org.webjars:bootstrap:jar:sources:5.2.2
	at org.eclipse.m2e.core.internal.embedder.MavenImpl.lambda$7(MavenImpl.java:540)
	at org.eclipse.m2e.core.internal.embedder.MavenExecutionContext.executeBare(MavenExecutionContext.java:458)
	at org.eclipse.m2e.core.internal.embedder.MavenExecutionContext.execute(MavenExecutionContext.java:292)
	at org.eclipse.m2e.core.internal.embedder.MavenExecutionContext.execute(MavenExecutionContext.java:278)
	at org.eclipse.m2e.core.internal.embedder.MavenImpl.resolve(MavenImpl.java:509)
	at org.eclipse.m2e.core.internal.embedder.MavenImpl.resolve(MavenImpl.java:494)
	at org.eclipse.m2e.jdt.internal.DownloadSourcesJob.download(DownloadSourcesJob.java:308)
	at org.eclipse.m2e.jdt.internal.DownloadSourcesJob.downloadAttachments(DownloadSourcesJob.java:282)
	at org.eclipse.m2e.jdt.internal.DownloadSourcesJob.downloadMaven(DownloadSourcesJob.java:252)
	at org.eclipse.m2e.jdt.internal.DownloadSourcesJob.downloadFilesAndPopulateToUpdate(DownloadSourcesJob.java:220)
	at org.eclipse.m2e.jdt.internal.DownloadSourcesJob.lambda$0(DownloadSourcesJob.java:149)
	at org.eclipse.m2e.core.internal.embedder.MavenExecutionContext.executeBare(MavenExecutionContext.java:458)
	at org.eclipse.m2e.core.internal.embedder.MavenExecutionContext.execute(MavenExecutionContext.java:339)
	at org.eclipse.m2e.core.internal.embedder.MavenExecutionContext.execute(MavenExecutionContext.java:278)
	at org.eclipse.m2e.core.embedder.IMaven.execute(IMaven.java:300)
	at org.eclipse.m2e.jdt.internal.DownloadSourcesJob.run(DownloadSourcesJob.java:149)
	at org.eclipse.core.internal.jobs.Worker.run(Worker.java:63)
2026-02-25 13:29:35,763 [Worker-22: ビルド] INFO  o.a.m.s.f.DefaultMavenResourcesFiltering - Copying 1 resource from src\main\resources to target\classes
2026-02-25 13:29:35,781 [Worker-22: ビルド] INFO  o.a.m.s.f.DefaultMavenResourcesFiltering - Copying 2 resources from src\main\resources to target\classes
2026-02-25 13:29:35,789 [Worker-22: ビルド] INFO  o.a.m.s.f.DefaultMavenResourcesFiltering - skip non existing resourceDirectory C:\springDemo\demo\src\test\resources
2026-02-25 13:30:17,646 [Worker-39: ビルド] INFO  o.e.m.c.i.l.LifecycleMappingFactory - Using org.maven.ide.eclipse.wtp.WarLifecycleMapping lifecycle mapping for MavenProject: com.example:demo:0.0.1-SNAPSHOT @ C:\springDemo\demo\pom.xml.
2026-02-25 13:30:18,490 [Worker-39: ビルド] INFO  o.a.m.s.f.DefaultMavenResourcesFiltering - Copying 0 resource from src\main\resources to target\classes
2026-02-25 13:30:18,492 [Worker-39: ビルド] INFO  o.a.m.s.f.DefaultMavenResourcesFiltering - Copying 0 resource from src\main\resources to target\classes
2026-02-25 13:30:18,495 [Worker-39: ビルド] INFO  o.a.m.s.f.DefaultMavenResourcesFiltering - skip non existing resourceDirectory C:\springDemo\demo\src\test\resources
2026-02-25 13:30:18,496 [Worker-39: ビルド] INFO  o.e.m.w.i.f.ResourceFilteringBuildParticipant - Changed resources require a complete clean of filtered resources of demo
2026-02-25 13:30:18,496 [Worker-39: ビルド] INFO  o.e.m.w.i.f.ResourceFilteringBuildParticipant - Executing resource filtering for demo
2026-02-25 13:30:19,905 [Worker-22: ソースおよび Javadoc のダウンロード] INFO  o.e.m.c.i.e.AbstractTransferListenerAdapter - Downloading https://repo.maven.apache.org/maven2/org/webjars/bootstrap/5.2.2/bootstrap-5.2.2-javadoc.jar
2026-02-25 13:30:20,238 [Worker-22: ソースおよび Javadoc のダウンロード] INFO  o.e.m.c.i.e.AbstractTransferListenerAdapter - Downloaded https://repo.maven.apache.org/maven2/org/webjars/bootstrap/5.2.2/bootstrap-5.2.2-javadoc.jar
2026-02-25 13:30:20,243 [Worker-22: ソースおよび Javadoc のダウンロード] INFO  o.e.m.j.internal.DownloadSourcesJob - Downloaded javadoc for org.webjars:bootstrap:5.2.2
2026-02-25 13:32:02,589 [Worker-37: ビルド] INFO  o.a.m.s.f.DefaultMavenResourcesFiltering - Copying 0 resource from src\main\resources to target\classes
2026-02-25 13:32:02,590 [Worker-37: ビルド] INFO  o.a.m.s.f.DefaultMavenResourcesFiltering - Copying 1 resource from src\main\resources to target\classes
2026-02-25 13:32:02,597 [Worker-37: ビルド] INFO  o.a.m.s.f.DefaultMavenResourcesFiltering - skip non existing resourceDirectory C:\springDemo\demo\src\test\resources
2026-02-25 13:32:40,037 [Worker-37: ビルド] INFO  o.a.m.s.f.DefaultMavenResourcesFiltering - Copying 0 resource from src\main\resources to target\classes
2026-02-25 13:32:40,038 [Worker-37: ビルド] INFO  o.a.m.s.f.DefaultMavenResourcesFiltering - Copying 1 resource from src\main\resources to target\classes
2026-02-25 13:32:40,043 [Worker-37: ビルド] INFO  o.a.m.s.f.DefaultMavenResourcesFiltering - skip non existing resourceDirectory C:\springDemo\demo\src\test\resources
2026-02-25 13:46:21,278 [Worker-34: ビルド] INFO  o.a.m.s.f.DefaultMavenResourcesFiltering - Copying 0 resource from src\main\resources to target\classes
2026-02-25 13:46:21,281 [Worker-34: ビルド] INFO  o.a.m.s.f.DefaultMavenResourcesFiltering - Copying 1 resource from src\main\resources to target\classes
2026-02-25 13:46:21,292 [Worker-34: ビルド] INFO  o.a.m.s.f.DefaultMavenResourcesFiltering - skip non existing resourceDirectory C:\springDemo\demo\src\test\resources
2026-02-25 13:56:02,313 [Worker-39: ビルド] INFO  o.a.m.s.f.DefaultMavenResourcesFiltering - Copying 0 resource from src\main\resources to target\classes
2026-02-25 13:56:02,315 [Worker-39: ビルド] INFO  o.a.m.s.f.DefaultMavenResourcesFiltering - Copying 1 resource from src\main\resources to target\classes
2026-02-25 13:56:02,327 [Worker-39: ビルド] INFO  o.a.m.s.f.DefaultMavenResourcesFiltering - skip non existing resourceDirectory C:\springDemo\demo\src\test\resources
2026-02-25 14:00:54,034 [Worker-35: ビルド] INFO  o.a.m.s.f.DefaultMavenResourcesFiltering - Copying 0 resource from src\main\resources to target\classes
2026-02-25 14:00:54,036 [Worker-35: ビルド] INFO  o.a.m.s.f.DefaultMavenResourcesFiltering - Copying 1 resource from src\main\resources to target\classes
2026-02-25 14:00:54,043 [Worker-35: ビルド] INFO  o.a.m.s.f.DefaultMavenResourcesFiltering - skip non existing resourceDirectory C:\springDemo\demo\src\test\resources
2026-02-25 14:17:40,150 [Worker-39: ビルド] INFO  o.a.m.s.f.DefaultMavenResourcesFiltering - Copying 0 resource from src\main\resources to target\classes
2026-02-25 14:17:40,153 [Worker-39: ビルド] INFO  o.a.m.s.f.DefaultMavenResourcesFiltering - Copying 1 resource from src\main\resources to target\classes
2026-02-25 14:17:40,166 [Worker-39: ビルド] INFO  o.a.m.s.f.DefaultMavenResourcesFiltering - skip non existing resourceDirectory C:\springDemo\demo\src\test\resources
2026-02-25 14:18:24,742 [Worker-35: ビルド] INFO  o.a.m.s.f.DefaultMavenResourcesFiltering - Copying 0 resource from src\main\resources to target\classes
2026-02-25 14:18:24,744 [Worker-35: ビルド] INFO  o.a.m.s.f.DefaultMavenResourcesFiltering - Copying 1 resource from src\main\resources to target\classes
2026-02-25 14:18:24,753 [Worker-35: ビルド] INFO  o.a.m.s.f.DefaultMavenResourcesFiltering - skip non existing resourceDirectory C:\springDemo\demo\src\test\resources
2026-02-25 14:18:33,817 [Worker-35: ビルド] INFO  o.a.m.s.f.DefaultMavenResourcesFiltering - Copying 0 resource from src\main\resources to target\classes
2026-02-25 14:18:33,823 [Worker-35: ビルド] INFO  o.a.m.s.f.DefaultMavenResourcesFiltering - Copying 1 resource from src\main\resources to target\classes
2026-02-25 14:18:33,835 [Worker-35: ビルド] INFO  o.a.m.s.f.DefaultMavenResourcesFiltering - skip non existing resourceDirectory C:\springDemo\demo\src\test\resources
2026-02-25 14:19:23,028 [Worker-19: ビルド] INFO  o.a.m.s.f.DefaultMavenResourcesFiltering - Copying 0 resource from src\main\resources to target\classes
2026-02-25 14:19:23,031 [Worker-19: ビルド] INFO  o.a.m.s.f.DefaultMavenResourcesFiltering - Copying 1 resource from src\main\resources to target\classes
2026-02-25 14:19:23,040 [Worker-19: ビルド] INFO  o.a.m.s.f.DefaultMavenResourcesFiltering - skip non existing resourceDirectory C:\springDemo\demo\src\test\resources
2026-02-25 14:22:32,919 [Worker-22: ビルド] INFO  o.a.m.s.f.DefaultMavenResourcesFiltering - Copying 0 resource from src\main\resources to target\classes
2026-02-25 14:22:32,923 [Worker-22: ビルド] INFO  o.a.m.s.f.DefaultMavenResourcesFiltering - Copying 1 resource from src\main\resources to target\classes
2026-02-25 14:22:32,933 [Worker-22: ビルド] INFO  o.a.m.s.f.DefaultMavenResourcesFiltering - skip non existing resourceDirectory C:\springDemo\demo\src\test\resources
2026-02-25 14:25:22,679 [Worker-37: ビルド] INFO  o.a.m.s.f.DefaultMavenResourcesFiltering - Copying 0 resource from src\main\resources to target\classes
2026-02-25 14:25:22,968 [Worker-37: ビルド] INFO  o.a.m.s.f.DefaultMavenResourcesFiltering - Copying 1 resource from src\main\resources to target\classes
2026-02-25 14:25:22,991 [Worker-37: ビルド] INFO  o.a.m.s.f.DefaultMavenResourcesFiltering - skip non existing resourceDirectory C:\springDemo\demo\src\test\resources
2026-02-25 14:25:35,739 [Worker-39: ビルド] INFO  o.a.m.s.f.DefaultMavenResourcesFiltering - Copying 0 resource from src\main\resources to target\classes
2026-02-25 14:25:35,739 [Worker-39: ビルド] INFO  o.a.m.s.f.DefaultMavenResourcesFiltering - Copying 1 resource from src\main\resources to target\classes
2026-02-25 14:25:35,758 [Worker-39: ビルド] INFO  o.a.m.s.f.DefaultMavenResourcesFiltering - skip non existing resourceDirectory C:\springDemo\demo\src\test\resources
2026-02-25 14:27:13,241 [Worker-19: ビルド] INFO  o.a.m.s.f.DefaultMavenResourcesFiltering - Copying 0 resource from src\main\resources to target\classes
2026-02-25 14:27:13,243 [Worker-19: ビルド] INFO  o.a.m.s.f.DefaultMavenResourcesFiltering - Copying 1 resource from src\main\resources to target\classes
2026-02-25 14:27:13,251 [Worker-19: ビルド] INFO  o.a.m.s.f.DefaultMavenResourcesFiltering - skip non existing resourceDirectory C:\springDemo\demo\src\test\resources
2026-02-25 14:27:34,541 [Worker-39: ビルド] INFO  o.a.m.s.f.DefaultMavenResourcesFiltering - Copying 0 resource from src\main\resources to target\classes
2026-02-25 14:27:34,541 [Worker-39: ビルド] INFO  o.a.m.s.f.DefaultMavenResourcesFiltering - Copying 1 resource from src\main\resources to target\classes
2026-02-25 14:27:34,561 [Worker-39: ビルド] INFO  o.a.m.s.f.DefaultMavenResourcesFiltering - skip non existing resourceDirectory C:\springDemo\demo\src\test\resources
2026-02-25 14:29:36,676 [Worker-35: ビルド] INFO  o.a.m.s.f.DefaultMavenResourcesFiltering - Copying 0 resource from src\main\resources to target\classes
2026-02-25 14:29:36,679 [Worker-35: ビルド] INFO  o.a.m.s.f.DefaultMavenResourcesFiltering - Copying 1 resource from src\main\resources to target\classes
2026-02-25 14:29:36,690 [Worker-35: ビルド] INFO  o.a.m.s.f.DefaultMavenResourcesFiltering - skip non existing resourceDirectory C:\springDemo\demo\src\test\resources
2026-02-25 14:30:34,021 [Worker-19: ビルド] INFO  o.a.m.s.f.DefaultMavenResourcesFiltering - Copying 0 resource from src\main\resources to target\classes
2026-02-25 14:30:34,022 [Worker-19: ビルド] INFO  o.a.m.s.f.DefaultMavenResourcesFiltering - Copying 1 resource from src\main\resources to target\classes
2026-02-25 14:30:34,029 [Worker-19: ビルド] INFO  o.a.m.s.f.DefaultMavenResourcesFiltering - skip non existing resourceDirectory C:\springDemo\demo\src\test\resources
2026-02-25 14:35:24,263 [Worker-19: ビルド] INFO  o.a.m.s.f.DefaultMavenResourcesFiltering - Copying 0 resource from src\main\resources to target\classes
2026-02-25 14:35:24,267 [Worker-19: ビルド] INFO  o.a.m.s.f.DefaultMavenResourcesFiltering - Copying 1 resource from src\main\resources to target\classes
2026-02-25 14:35:24,539 [Worker-19: ビルド] INFO  o.a.m.s.f.DefaultMavenResourcesFiltering - skip non existing resourceDirectory C:\springDemo\demo\src\test\resources
2026-02-25 14:35:45,392 [Worker-35: ビルド] INFO  o.a.m.s.f.DefaultMavenResourcesFiltering - Copying 0 resource from src\main\resources to target\classes
2026-02-25 14:35:45,394 [Worker-35: ビルド] INFO  o.a.m.s.f.DefaultMavenResourcesFiltering - Copying 1 resource from src\main\resources to target\classes
2026-02-25 14:35:45,402 [Worker-35: ビルド] INFO  o.a.m.s.f.DefaultMavenResourcesFiltering - skip non existing resourceDirectory C:\springDemo\demo\src\test\resources
2026-02-25 14:51:14,119 [Worker-35: ビルド] INFO  o.a.m.s.f.DefaultMavenResourcesFiltering - Copying 0 resource from src\main\resources to target\classes
2026-02-25 14:51:14,119 [Worker-35: ビルド] INFO  o.a.m.s.f.DefaultMavenResourcesFiltering - Copying 1 resource from src\main\resources to target\classes
2026-02-25 14:51:14,119 [Worker-35: ビルド] INFO  o.a.m.s.f.DefaultMavenResourcesFiltering - skip non existing resourceDirectory C:\springDemo\demo\src\test\resources
2026-02-25 14:54:28,484 [Worker-41: ビルド] INFO  o.a.m.s.f.DefaultMavenResourcesFiltering - Copying 0 resource from src\main\resources to target\classes
2026-02-25 14:54:28,488 [Worker-41: ビルド] INFO  o.a.m.s.f.DefaultMavenResourcesFiltering - Copying 1 resource from src\main\resources to target\classes
2026-02-25 14:54:28,488 [Worker-41: ビルド] INFO  o.a.m.s.f.DefaultMavenResourcesFiltering - skip non existing resourceDirectory C:\springDemo\demo\src\test\resources
2026-02-25 14:54:41,555 [Worker-39: ビルド] INFO  o.a.m.s.f.DefaultMavenResourcesFiltering - Copying 0 resource from src\main\resources to target\classes
2026-02-25 14:54:41,555 [Worker-39: ビルド] INFO  o.a.m.s.f.DefaultMavenResourcesFiltering - Copying 1 resource from src\main\resources to target\classes
2026-02-25 14:54:41,577 [Worker-39: ビルド] INFO  o.a.m.s.f.DefaultMavenResourcesFiltering - skip non existing resourceDirectory C:\springDemo\demo\src\test\resources
2026-02-25 14:58:50,760 [Worker-39: Maven プロジェクトの更新中] INFO  o.e.m.c.i.p.ProjectConfigurationManager - Update started
2026-02-25 14:58:51,511 [Worker-39: Maven プロジェクトの更新中] INFO  o.e.m.c.i.l.LifecycleMappingFactory - Using org.maven.ide.eclipse.wtp.WarLifecycleMapping lifecycle mapping for MavenProject: com.example:demo:0.0.1-SNAPSHOT @ C:\springDemo\demo\pom.xml.
2026-02-25 14:58:55,006 [Worker-39: Maven プロジェクトの更新中] INFO  o.e.m.j.i.AbstractJavaProjectConfigurator - Adding source folder /demo/src/main/java
2026-02-25 14:58:55,013 [Worker-39: Maven プロジェクトの更新中] INFO  o.e.m.j.i.AbstractJavaProjectConfigurator - Adding resource folder /demo/src/main/resources
2026-02-25 14:58:55,014 [Worker-39: Maven プロジェクトの更新中] INFO  o.e.m.j.i.AbstractJavaProjectConfigurator - Adding resource folder /demo/src/main/resources
2026-02-25 14:58:55,014 [Worker-39: Maven プロジェクトの更新中] INFO  o.e.m.j.i.AbstractJavaProjectConfigurator - Adding source folder /demo/src/test/java
2026-02-25 14:58:55,015 [Worker-39: Maven プロジェクトの更新中] INFO  o.e.m.j.i.AbstractJavaProjectConfigurator - Adding resource folder /demo/src/test/resources
2026-02-25 14:58:55,910 [Worker-39: Maven プロジェクトの更新中] INFO  o.e.m.w.i.f.ResourceFilteringBuildParticipant - Cleaning filtered folder for demo
2026-02-25 14:58:55,918 [Worker-39: Maven プロジェクトの更新中] INFO  o.e.m.c.i.p.ProjectConfigurationManager - Update completed for 1 poms: local refresh takes 0.00 sec, refresh facades takes 4.00 sec, update config takes 0.00 sec 
2026-02-25 14:58:56,514 [Worker-39: ビルド] INFO  o.a.m.s.f.DefaultMavenResourcesFiltering - Copying 1 resource from src\main\resources to target\classes
2026-02-25 14:58:56,531 [Worker-39: ビルド] INFO  o.a.m.s.f.DefaultMavenResourcesFiltering - Copying 4 resources from src\main\resources to target\classes
2026-02-25 14:58:56,544 [Worker-39: ビルド] INFO  o.a.m.s.f.DefaultMavenResourcesFiltering - skip non existing resourceDirectory C:\springDemo\demo\src\test\resources
2026-02-25 14:58:56,545 [Worker-39: ビルド] INFO  o.e.m.w.i.f.ResourceFilteringBuildParticipant - Changed resources require a complete clean of filtered resources of demo
2026-02-25 14:58:56,545 [Worker-39: ビルド] INFO  o.e.m.w.i.f.ResourceFilteringBuildParticipant - Executing resource filtering for demo
2026-02-25 15:03:49,284 [Worker-42: ビルド] INFO  o.a.m.s.f.DefaultMavenResourcesFiltering - Copying 0 resource from src\main\resources to target\classes
2026-02-25 15:03:49,286 [Worker-42: ビルド] INFO  o.a.m.s.f.DefaultMavenResourcesFiltering - Copying 1 resource from src\main\resources to target\classes
2026-02-25 15:03:49,292 [Worker-42: ビルド] INFO  o.a.m.s.f.DefaultMavenResourcesFiltering - skip non existing resourceDirectory C:\springDemo\demo\src\test\resources
2026-02-25 15:07:07,107 [Worker-42: ビルド] INFO  o.e.m.c.i.l.LifecycleMappingFactory - Using org.maven.ide.eclipse.wtp.WarLifecycleMapping lifecycle mapping for MavenProject: com.example:demo:0.0.1-SNAPSHOT @ C:\springDemo\demo\pom.xml.
2026-02-25 15:07:07,473 [Worker-42: ビルド] INFO  o.e.m.c.i.e.AbstractTransferListenerAdapter - Downloading https://repo.maven.apache.org/maven2/org/webjars/webjars-locator-core/0.59/webjars-locator-core-0.59.pom
2026-02-25 15:07:07,513 [Worker-42: ビルド] INFO  o.e.m.c.i.e.AbstractTransferListenerAdapter - Downloaded https://repo.maven.apache.org/maven2/org/webjars/webjars-locator-core/0.59/webjars-locator-core-0.59.pom
2026-02-25 15:07:07,581 [Worker-42: ビルド] INFO  o.e.m.c.i.e.AbstractTransferListenerAdapter - Downloading https://repo.maven.apache.org/maven2/io/github/classgraph/classgraph/4.8.173/classgraph-4.8.173.pom
2026-02-25 15:07:07,620 [Worker-42: ビルド] INFO  o.e.m.c.i.e.AbstractTransferListenerAdapter - Downloaded https://repo.maven.apache.org/maven2/io/github/classgraph/classgraph/4.8.173/classgraph-4.8.173.pom
2026-02-25 15:07:07,690 [Worker-42: ビルド] INFO  o.e.m.c.i.e.AbstractTransferListenerAdapter - Downloading https://repo.maven.apache.org/maven2/com/fasterxml/jackson/core/jackson-core/2.20.2/jackson-core-2.20.2.pom
2026-02-25 15:07:07,732 [Worker-42: ビルド] INFO  o.e.m.c.i.e.AbstractTransferListenerAdapter - Downloaded https://repo.maven.apache.org/maven2/com/fasterxml/jackson/core/jackson-core/2.20.2/jackson-core-2.20.2.pom
2026-02-25 15:07:07,795 [Worker-42: ビルド] INFO  o.e.m.c.i.e.AbstractTransferListenerAdapter - Downloading https://repo.maven.apache.org/maven2/com/fasterxml/jackson/jackson-base/2.20.2/jackson-base-2.20.2.pom
2026-02-25 15:07:07,836 [Worker-42: ビルド] INFO  o.e.m.c.i.e.AbstractTransferListenerAdapter - Downloaded https://repo.maven.apache.org/maven2/com/fasterxml/jackson/jackson-base/2.20.2/jackson-base-2.20.2.pom
2026-02-25 15:07:08,267 [Worker-42: ビルド] INFO  o.e.m.c.i.e.AbstractTransferListenerAdapter - Downloading https://repo.maven.apache.org/maven2/org/webjars/webjars-locator-core/0.59/webjars-locator-core-0.59.jar
2026-02-25 15:07:08,622 [Worker-42: ビルド] INFO  o.e.m.c.i.e.AbstractTransferListenerAdapter - Downloaded https://repo.maven.apache.org/maven2/org/webjars/webjars-locator-core/0.59/webjars-locator-core-0.59.jar
2026-02-25 15:07:08,661 [BasicRepositoryConnector-repo.maven.apache.org-0-1] INFO  o.e.m.c.i.e.AbstractTransferListenerAdapter - Downloading https://repo.maven.apache.org/maven2/com/fasterxml/jackson/core/jackson-core/2.20.2/jackson-core-2.20.2.jar
2026-02-25 15:07:08,711 [BasicRepositoryConnector-repo.maven.apache.org-0-0] INFO  o.e.m.c.i.e.AbstractTransferListenerAdapter - Downloading https://repo.maven.apache.org/maven2/io/github/classgraph/classgraph/4.8.173/classgraph-4.8.173.jar
2026-02-25 15:07:08,768 [BasicRepositoryConnector-repo.maven.apache.org-0-1] INFO  o.e.m.c.i.e.AbstractTransferListenerAdapter - Downloaded https://repo.maven.apache.org/maven2/com/fasterxml/jackson/core/jackson-core/2.20.2/jackson-core-2.20.2.jar
2026-02-25 15:07:08,817 [BasicRepositoryConnector-repo.maven.apache.org-0-0] INFO  o.e.m.c.i.e.AbstractTransferListenerAdapter - Downloaded https://repo.maven.apache.org/maven2/io/github/classgraph/classgraph/4.8.173/classgraph-4.8.173.jar
2026-02-25 15:07:09,601 [Worker-42: ビルド] INFO  o.a.m.s.f.DefaultMavenResourcesFiltering - Copying 0 resource from src\main\resources to target\classes
2026-02-25 15:07:09,602 [Worker-42: ビルド] INFO  o.a.m.s.f.DefaultMavenResourcesFiltering - Copying 0 resource from src\main\resources to target\classes
2026-02-25 15:07:09,610 [Worker-42: ビルド] INFO  o.a.m.s.f.DefaultMavenResourcesFiltering - skip non existing resourceDirectory C:\springDemo\demo\src\test\resources
2026-02-25 15:07:09,610 [Worker-42: ビルド] INFO  o.e.m.w.i.f.ResourceFilteringBuildParticipant - Changed resources require a complete clean of filtered resources of demo
2026-02-25 15:07:09,610 [Worker-42: ビルド] INFO  o.e.m.w.i.f.ResourceFilteringBuildParticipant - Executing resource filtering for demo
2026-02-25 15:07:10,322 [Worker-39: ソースおよび Javadoc のダウンロード] INFO  o.e.m.c.i.e.AbstractTransferListenerAdapter - Downloading https://repo.maven.apache.org/maven2/org/webjars/webjars-locator-core/0.59/webjars-locator-core-0.59-sources.jar
2026-02-25 15:07:10,726 [Worker-39: ソースおよび Javadoc のダウンロード] INFO  o.e.m.c.i.e.AbstractTransferListenerAdapter - Downloaded https://repo.maven.apache.org/maven2/org/webjars/webjars-locator-core/0.59/webjars-locator-core-0.59-sources.jar
2026-02-25 15:07:10,741 [Worker-39: ソースおよび Javadoc のダウンロード] INFO  o.e.m.j.internal.DownloadSourcesJob - Downloaded sources for org.webjars:webjars-locator-core:0.59
2026-02-25 15:07:10,840 [Worker-39: ソースおよび Javadoc のダウンロード] INFO  o.e.m.c.i.e.AbstractTransferListenerAdapter - Downloading https://repo.maven.apache.org/maven2/io/github/classgraph/classgraph/4.8.173/classgraph-4.8.173-sources.jar
2026-02-25 15:07:10,986 [Worker-39: ソースおよび Javadoc のダウンロード] INFO  o.e.m.c.i.e.AbstractTransferListenerAdapter - Downloaded https://repo.maven.apache.org/maven2/io/github/classgraph/classgraph/4.8.173/classgraph-4.8.173-sources.jar
2026-02-25 15:07:10,992 [Worker-39: ソースおよび Javadoc のダウンロード] INFO  o.e.m.j.internal.DownloadSourcesJob - Downloaded sources for io.github.classgraph:classgraph:4.8.173
2026-02-25 15:07:11,074 [Worker-39: ソースおよび Javadoc のダウンロード] INFO  o.e.m.c.i.e.AbstractTransferListenerAdapter - Downloading https://repo.maven.apache.org/maven2/com/fasterxml/jackson/core/jackson-core/2.20.2/jackson-core-2.20.2-sources.jar
2026-02-25 15:07:11,367 [Worker-39: ソースおよび Javadoc のダウンロード] INFO  o.e.m.c.i.e.AbstractTransferListenerAdapter - Downloaded https://repo.maven.apache.org/maven2/com/fasterxml/jackson/core/jackson-core/2.20.2/jackson-core-2.20.2-sources.jar
2026-02-25 15:07:11,375 [Worker-39: ソースおよび Javadoc のダウンロード] INFO  o.e.m.j.internal.DownloadSourcesJob - Downloaded sources for com.fasterxml.jackson.core:jackson-core:2.20.2
2026-02-25 15:07:12,013 [Worker-34: ビルド] INFO  o.a.m.s.f.DefaultMavenResourcesFiltering - Copying 1 resource from src\main\resources to target\classes
2026-02-25 15:07:12,045 [Worker-34: ビルド] INFO  o.a.m.s.f.DefaultMavenResourcesFiltering - Copying 4 resources from src\main\resources to target\classes
2026-02-25 15:07:12,059 [Worker-34: ビルド] INFO  o.a.m.s.f.DefaultMavenResourcesFiltering - skip non existing resourceDirectory C:\springDemo\demo\src\test\resources
2026-02-25 15:10:12,026 [Worker-34: ビルド] INFO  o.a.m.s.f.DefaultMavenResourcesFiltering - Copying 1 resource from src\main\resources to target\classes
2026-02-25 15:10:12,034 [Worker-34: ビルド] INFO  o.a.m.s.f.DefaultMavenResourcesFiltering - Copying 0 resource from src\main\resources to target\classes
2026-02-25 15:10:12,038 [Worker-34: ビルド] INFO  o.a.m.s.f.DefaultMavenResourcesFiltering - skip non existing resourceDirectory C:\springDemo\demo\src\test\resources
2026-02-25 15:12:02,073 [Worker-35: ビルド] INFO  o.a.m.s.f.DefaultMavenResourcesFiltering - Copying 1 resource from src\main\resources to target\classes
2026-02-25 15:12:02,079 [Worker-35: ビルド] INFO  o.a.m.s.f.DefaultMavenResourcesFiltering - Copying 0 resource from src\main\resources to target\classes
2026-02-25 15:12:02,082 [Worker-35: ビルド] INFO  o.a.m.s.f.DefaultMavenResourcesFiltering - skip non existing resourceDirectory C:\springDemo\demo\src\test\resources
2026-02-25 15:14:06,794 [Worker-34: ビルド] INFO  o.a.m.s.f.DefaultMavenResourcesFiltering - Copying 0 resource from src\main\resources to target\classes
2026-02-25 15:14:06,800 [Worker-34: ビルド] INFO  o.a.m.s.f.DefaultMavenResourcesFiltering - Copying 1 resource from src\main\resources to target\classes
2026-02-25 15:14:06,813 [Worker-34: ビルド] INFO  o.a.m.s.f.DefaultMavenResourcesFiltering - skip non existing resourceDirectory C:\springDemo\demo\src\test\resources
2026-02-25 15:19:05,334 [Worker-37: ビルド] INFO  o.a.m.s.f.DefaultMavenResourcesFiltering - Copying 0 resource from src\main\resources to target\classes
2026-02-25 15:19:05,334 [Worker-37: ビルド] INFO  o.a.m.s.f.DefaultMavenResourcesFiltering - Copying 1 resource from src\main\resources to target\classes
2026-02-25 15:19:05,350 [Worker-37: ビルド] INFO  o.a.m.s.f.DefaultMavenResourcesFiltering - skip non existing resourceDirectory C:\springDemo\demo\src\test\resources
2026-02-25 15:22:59,347 [Worker-38: ビルド] INFO  o.a.m.s.f.DefaultMavenResourcesFiltering - Copying 0 resource from src\main\resources to target\classes
2026-02-25 15:22:59,351 [Worker-38: ビルド] INFO  o.a.m.s.f.DefaultMavenResourcesFiltering - Copying 1 resource from src\main\resources to target\classes
2026-02-25 15:22:59,360 [Worker-38: ビルド] INFO  o.a.m.s.f.DefaultMavenResourcesFiltering - skip non existing resourceDirectory C:\springDemo\demo\src\test\resources
2026-02-25 15:24:17,293 [Worker-39: ビルド] INFO  o.a.m.s.f.DefaultMavenResourcesFiltering - Copying 0 resource from src\main\resources to target\classes
2026-02-25 15:24:17,297 [Worker-39: ビルド] INFO  o.a.m.s.f.DefaultMavenResourcesFiltering - Copying 1 resource from src\main\resources to target\classes
2026-02-25 15:24:17,307 [Worker-39: ビルド] INFO  o.a.m.s.f.DefaultMavenResourcesFiltering - skip non existing resourceDirectory C:\springDemo\demo\src\test\resources
2026-02-25 15:24:45,880 [Worker-40: ビルド] INFO  o.a.m.s.f.DefaultMavenResourcesFiltering - Copying 0 resource from src\main\resources to target\classes
2026-02-25 15:24:45,885 [Worker-40: ビルド] INFO  o.a.m.s.f.DefaultMavenResourcesFiltering - Copying 1 resource from src\main\resources to target\classes
2026-02-25 15:24:45,899 [Worker-40: ビルド] INFO  o.a.m.s.f.DefaultMavenResourcesFiltering - skip non existing resourceDirectory C:\springDemo\demo\src\test\resources
2026-02-25 15:29:32,088 [Worker-35: ビルド] INFO  o.a.m.s.f.DefaultMavenResourcesFiltering - Copying 0 resource from src\main\resources to target\classes
2026-02-25 15:29:32,088 [Worker-35: ビルド] INFO  o.a.m.s.f.DefaultMavenResourcesFiltering - Copying 1 resource from src\main\resources to target\classes
2026-02-25 15:29:32,096 [Worker-35: ビルド] INFO  o.a.m.s.f.DefaultMavenResourcesFiltering - skip non existing resourceDirectory C:\springDemo\demo\src\test\resources
2026-02-25 15:35:38,522 [Worker-35: ビルド] INFO  o.a.m.s.f.DefaultMavenResourcesFiltering - Copying 0 resource from src\main\resources to target\classes
2026-02-25 15:35:38,524 [Worker-35: ビルド] INFO  o.a.m.s.f.DefaultMavenResourcesFiltering - Copying 1 resource from src\main\resources to target\classes
2026-02-25 15:35:38,533 [Worker-35: ビルド] INFO  o.a.m.s.f.DefaultMavenResourcesFiltering - skip non existing resourceDirectory C:\springDemo\demo\src\test\resources
2026-02-25 15:38:12,067 [Worker-22: ビルド] INFO  o.a.m.s.f.DefaultMavenResourcesFiltering - Copying 0 resource from src\main\resources to target\classes
2026-02-25 15:38:12,069 [Worker-22: ビルド] INFO  o.a.m.s.f.DefaultMavenResourcesFiltering - Copying 1 resource from src\main\resources to target\classes
2026-02-25 15:38:12,078 [Worker-22: ビルド] INFO  o.a.m.s.f.DefaultMavenResourcesFiltering - skip non existing resourceDirectory C:\springDemo\demo\src\test\resources
2026-02-25 15:38:49,282 [Worker-42: ビルド] INFO  o.a.m.s.f.DefaultMavenResourcesFiltering - Copying 0 resource from src\main\resources to target\classes
2026-02-25 15:38:49,284 [Worker-42: ビルド] INFO  o.a.m.s.f.DefaultMavenResourcesFiltering - Copying 1 resource from src\main\resources to target\classes
2026-02-25 15:38:49,292 [Worker-42: ビルド] INFO  o.a.m.s.f.DefaultMavenResourcesFiltering - skip non existing resourceDirectory C:\springDemo\demo\src\test\resources
2026-02-25 15:43:55,473 [Worker-39: ビルド] INFO  o.a.m.s.f.DefaultMavenResourcesFiltering - Copying 0 resource from src\main\resources to target\classes
2026-02-25 15:43:55,477 [Worker-39: ビルド] INFO  o.a.m.s.f.DefaultMavenResourcesFiltering - Copying 1 resource from src\main\resources to target\classes
2026-02-25 15:43:55,485 [Worker-39: ビルド] INFO  o.a.m.s.f.DefaultMavenResourcesFiltering - skip non existing resourceDirectory C:\springDemo\demo\src\test\resources
2026-02-25 15:46:21,613 [Worker-43: ビルド] INFO  o.a.m.s.f.DefaultMavenResourcesFiltering - Copying 0 resource from src\main\resources to target\classes
2026-02-25 15:46:21,618 [Worker-43: ビルド] INFO  o.a.m.s.f.DefaultMavenResourcesFiltering - Copying 1 resource from src\main\resources to target\classes
2026-02-25 15:46:21,630 [Worker-43: ビルド] INFO  o.a.m.s.f.DefaultMavenResourcesFiltering - skip non existing resourceDirectory C:\springDemo\demo\src\test\resources
2026-02-25 15:51:52,108 [Worker-41: ビルド] INFO  o.a.m.s.f.DefaultMavenResourcesFiltering - Copying 0 resource from src\main\resources to target\classes
2026-02-25 15:51:52,126 [Worker-41: ビルド] INFO  o.a.m.s.f.DefaultMavenResourcesFiltering - Copying 1 resource from src\main\resources to target\classes
2026-02-25 15:51:52,126 [Worker-41: ビルド] INFO  o.a.m.s.f.DefaultMavenResourcesFiltering - skip non existing resourceDirectory C:\springDemo\demo\src\test\resources
2026-02-25 15:54:17,712 [Worker-41: ビルド] INFO  o.a.m.s.f.DefaultMavenResourcesFiltering - Copying 0 resource from src\main\resources to target\classes
2026-02-25 15:54:17,715 [Worker-41: ビルド] INFO  o.a.m.s.f.DefaultMavenResourcesFiltering - Copying 1 resource from src\main\resources to target\classes
2026-02-25 15:54:17,724 [Worker-41: ビルド] INFO  o.a.m.s.f.DefaultMavenResourcesFiltering - skip non existing resourceDirectory C:\springDemo\demo\src\test\resources
2026-02-25 15:55:15,632 [Worker-41: ビルド] INFO  o.a.m.s.f.DefaultMavenResourcesFiltering - Copying 0 resource from src\main\resources to target\classes
2026-02-25 15:55:15,636 [Worker-41: ビルド] INFO  o.a.m.s.f.DefaultMavenResourcesFiltering - Copying 1 resource from src\main\resources to target\classes
2026-02-25 15:55:15,643 [Worker-41: ビルド] INFO  o.a.m.s.f.DefaultMavenResourcesFiltering - skip non existing resourceDirectory C:\springDemo\demo\src\test\resources
2026-02-25 15:56:37,036 [Worker-35: ビルド] INFO  o.a.m.s.f.DefaultMavenResourcesFiltering - Copying 0 resource from src\main\resources to target\classes
2026-02-25 15:56:37,036 [Worker-35: ビルド] INFO  o.a.m.s.f.DefaultMavenResourcesFiltering - Copying 1 resource from src\main\resources to target\classes
2026-02-25 15:56:37,051 [Worker-35: ビルド] INFO  o.a.m.s.f.DefaultMavenResourcesFiltering - skip non existing resourceDirectory C:\springDemo\demo\src\test\resources
2026-02-25 15:58:50,690 [Worker-39: ビルド] INFO  o.a.m.s.f.DefaultMavenResourcesFiltering - Copying 0 resource from src\main\resources to target\classes
2026-02-25 15:58:50,696 [Worker-39: ビルド] INFO  o.a.m.s.f.DefaultMavenResourcesFiltering - Copying 1 resource from src\main\resources to target\classes
2026-02-25 15:58:50,704 [Worker-39: ビルド] INFO  o.a.m.s.f.DefaultMavenResourcesFiltering - skip non existing resourceDirectory C:\springDemo\demo\src\test\resources
2026-02-25 15:59:04,407 [Worker-35: ビルド] INFO  o.a.m.s.f.DefaultMavenResourcesFiltering - Copying 0 resource from src\main\resources to target\classes
2026-02-25 15:59:04,412 [Worker-35: ビルド] INFO  o.a.m.s.f.DefaultMavenResourcesFiltering - Copying 1 resource from src\main\resources to target\classes
2026-02-25 15:59:04,422 [Worker-35: ビルド] INFO  o.a.m.s.f.DefaultMavenResourcesFiltering - skip non existing resourceDirectory C:\springDemo\demo\src\test\resources
2026-02-25 16:02:30,398 [Worker-40: ビルド] INFO  o.a.m.s.f.DefaultMavenResourcesFiltering - Copying 0 resource from src\main\resources to target\classes
2026-02-25 16:02:30,410 [Worker-40: ビルド] INFO  o.a.m.s.f.DefaultMavenResourcesFiltering - Copying 1 resource from src\main\resources to target\classes
2026-02-25 16:02:30,415 [Worker-40: ビルド] INFO  o.a.m.s.f.DefaultMavenResourcesFiltering - skip non existing resourceDirectory C:\springDemo\demo\src\test\resources
2026-02-25 16:02:43,592 [Worker-37: ビルド] INFO  o.a.m.s.f.DefaultMavenResourcesFiltering - Copying 0 resource from src\main\resources to target\classes
2026-02-25 16:02:43,606 [Worker-37: ビルド] INFO  o.a.m.s.f.DefaultMavenResourcesFiltering - Copying 1 resource from src\main\resources to target\classes
2026-02-25 16:02:43,606 [Worker-37: ビルド] INFO  o.a.m.s.f.DefaultMavenResourcesFiltering - skip non existing resourceDirectory C:\springDemo\demo\src\test\resources
2026-02-25 16:15:49,628 [Worker-22: ビルド] INFO  o.a.m.s.f.DefaultMavenResourcesFiltering - Copying 0 resource from src\main\resources to target\classes
2026-02-25 16:15:49,628 [Worker-22: ビルド] INFO  o.a.m.s.f.DefaultMavenResourcesFiltering - Copying 1 resource from src\main\resources to target\classes
2026-02-25 16:15:49,661 [Worker-22: ビルド] INFO  o.a.m.s.f.DefaultMavenResourcesFiltering - skip non existing resourceDirectory C:\springDemo\demo\src\test\resources
2026-02-25 16:16:02,468 [Worker-49: ビルド] INFO  o.a.m.s.f.DefaultMavenResourcesFiltering - Copying 0 resource from src\main\resources to target\classes
2026-02-25 16:16:02,485 [Worker-49: ビルド] INFO  o.a.m.s.f.DefaultMavenResourcesFiltering - Copying 1 resource from src\main\resources to target\classes
2026-02-25 16:16:02,485 [Worker-49: ビルド] INFO  o.a.m.s.f.DefaultMavenResourcesFiltering - skip non existing resourceDirectory C:\springDemo\demo\src\test\resources
2026-02-25 16:16:15,584 [Worker-49: ビルド] INFO  o.a.m.s.f.DefaultMavenResourcesFiltering - Copying 0 resource from src\main\resources to target\classes
2026-02-25 16:16:15,584 [Worker-49: ビルド] INFO  o.a.m.s.f.DefaultMavenResourcesFiltering - Copying 1 resource from src\main\resources to target\classes
2026-02-25 16:16:15,600 [Worker-49: ビルド] INFO  o.a.m.s.f.DefaultMavenResourcesFiltering - skip non existing resourceDirectory C:\springDemo\demo\src\test\resources
2026-02-25 16:16:25,521 [Worker-45: ビルド] INFO  o.a.m.s.f.DefaultMavenResourcesFiltering - Copying 0 resource from src\main\resources to target\classes
2026-02-25 16:16:25,522 [Worker-45: ビルド] INFO  o.a.m.s.f.DefaultMavenResourcesFiltering - Copying 1 resource from src\main\resources to target\classes
2026-02-25 16:16:25,531 [Worker-45: ビルド] INFO  o.a.m.s.f.DefaultMavenResourcesFiltering - skip non existing resourceDirectory C:\springDemo\demo\src\test\resources
2026-02-25 16:20:39,583 [Worker-50: ビルド] INFO  o.a.m.s.f.DefaultMavenResourcesFiltering - Copying 0 resource from src\main\resources to target\classes
2026-02-25 16:20:39,586 [Worker-50: ビルド] INFO  o.a.m.s.f.DefaultMavenResourcesFiltering - Copying 1 resource from src\main\resources to target\classes
2026-02-25 16:20:39,592 [Worker-50: ビルド] INFO  o.a.m.s.f.DefaultMavenResourcesFiltering - skip non existing resourceDirectory C:\springDemo\demo\src\test\resources
2026-02-25 16:21:24,861 [Worker-22: ビルド] INFO  o.a.m.s.f.DefaultMavenResourcesFiltering - Copying 0 resource from src\main\resources to target\classes
2026-02-25 16:21:24,865 [Worker-22: ビルド] INFO  o.a.m.s.f.DefaultMavenResourcesFiltering - Copying 0 resource from src\main\resources to target\classes
2026-02-25 16:21:24,872 [Worker-22: ビルド] INFO  o.a.m.s.f.DefaultMavenResourcesFiltering - skip non existing resourceDirectory C:\springDemo\demo\src\test\resources
2026-02-25 16:21:27,847 [Worker-41: ビルド] INFO  o.a.m.s.f.DefaultMavenResourcesFiltering - Copying 1 resource from src\main\resources to target\classes
2026-02-25 16:21:27,927 [Worker-41: ビルド] INFO  o.a.m.s.f.DefaultMavenResourcesFiltering - Copying 4 resources from src\main\resources to target\classes
2026-02-25 16:21:27,934 [Worker-41: ビルド] INFO  o.a.m.s.f.DefaultMavenResourcesFiltering - skip non existing resourceDirectory C:\springDemo\demo\src\test\resources
2026-02-25 16:22:56,533 [Worker-49: ビルド] INFO  o.a.m.s.f.DefaultMavenResourcesFiltering - Copying 1 resource from src\main\resources to target\classes
2026-02-25 16:22:56,547 [Worker-49: ビルド] INFO  o.a.m.s.f.DefaultMavenResourcesFiltering - Copying 4 resources from src\main\resources to target\classes
2026-02-25 16:22:56,557 [Worker-49: ビルド] INFO  o.a.m.s.f.DefaultMavenResourcesFiltering - skip non existing resourceDirectory C:\springDemo\demo\src\test\resources
2026-02-25 16:23:24,564 [Worker-43: ビルド] INFO  o.a.m.s.f.DefaultMavenResourcesFiltering - Copying 1 resource from src\main\resources to target\classes
2026-02-25 16:23:24,569 [Worker-43: ビルド] INFO  o.a.m.s.f.DefaultMavenResourcesFiltering - Copying 4 resources from src\main\resources to target\classes
2026-02-25 16:23:24,573 [Worker-43: ビルド] INFO  o.a.m.s.f.DefaultMavenResourcesFiltering - skip non existing resourceDirectory C:\springDemo\demo\src\test\resources
2026-02-25 16:24:02,199 [Worker-45: ビルド] INFO  o.a.m.s.f.DefaultMavenResourcesFiltering - Copying 1 resource from src\main\resources to target\classes
2026-02-25 16:24:02,203 [Worker-45: ビルド] INFO  o.a.m.s.f.DefaultMavenResourcesFiltering - Copying 4 resources from src\main\resources to target\classes
2026-02-25 16:24:02,209 [Worker-45: ビルド] INFO  o.a.m.s.f.DefaultMavenResourcesFiltering - skip non existing resourceDirectory C:\springDemo\demo\src\test\resources
2026-02-25 16:26:49,965 [Worker-50: ビルド] INFO  o.a.m.s.f.DefaultMavenResourcesFiltering - Copying 1 resource from src\main\resources to target\classes
2026-02-25 16:26:49,978 [Worker-50: ビルド] INFO  o.a.m.s.f.DefaultMavenResourcesFiltering - Copying 4 resources from src\main\resources to target\classes
2026-02-25 16:26:49,985 [Worker-50: ビルド] INFO  o.a.m.s.f.DefaultMavenResourcesFiltering - skip non existing resourceDirectory C:\springDemo\demo\src\test\resources
2026-02-25 16:30:05,675 [Worker-51: ビルド] INFO  o.a.m.s.f.DefaultMavenResourcesFiltering - Copying 1 resource from src\main\resources to target\classes
2026-02-25 16:30:05,679 [Worker-51: ビルド] INFO  o.a.m.s.f.DefaultMavenResourcesFiltering - Copying 4 resources from src\main\resources to target\classes
2026-02-25 16:30:05,687 [Worker-51: ビルド] INFO  o.a.m.s.f.DefaultMavenResourcesFiltering - skip non existing resourceDirectory C:\springDemo\demo\src\test\resources
2026-02-25 16:30:39,262 [Worker-41: ビルド] INFO  o.a.m.s.f.DefaultMavenResourcesFiltering - Copying 1 resource from src\main\resources to target\classes
2026-02-25 16:30:39,266 [Worker-41: ビルド] INFO  o.a.m.s.f.DefaultMavenResourcesFiltering - Copying 4 resources from src\main\resources to target\classes
2026-02-25 16:30:39,272 [Worker-41: ビルド] INFO  o.a.m.s.f.DefaultMavenResourcesFiltering - skip non existing resourceDirectory C:\springDemo\demo\src\test\resources
2026-02-25 16:39:49,710 [Worker-45: ビルド] INFO  o.a.m.s.f.DefaultMavenResourcesFiltering - Copying 1 resource from src\main\resources to target\classes
2026-02-25 16:39:49,716 [Worker-45: ビルド] INFO  o.a.m.s.f.DefaultMavenResourcesFiltering - Copying 4 resources from src\main\resources to target\classes
2026-02-25 16:39:49,935 [Worker-45: ビルド] INFO  o.a.m.s.f.DefaultMavenResourcesFiltering - skip non existing resourceDirectory C:\springDemo\demo\src\test\resources
2026-02-25 16:44:04,910 [Worker-34: ビルド] INFO  o.a.m.s.f.DefaultMavenResourcesFiltering - Copying 1 resource from src\main\resources to target\classes
2026-02-25 16:44:04,916 [Worker-34: ビルド] INFO  o.a.m.s.f.DefaultMavenResourcesFiltering - Copying 4 resources from src\main\resources to target\classes
2026-02-25 16:44:05,090 [Worker-34: ビルド] INFO  o.a.m.s.f.DefaultMavenResourcesFiltering - skip non existing resourceDirectory C:\springDemo\demo\src\test\resources
2026-02-25 16:45:07,177 [Worker-43: ビルド] INFO  o.a.m.s.f.DefaultMavenResourcesFiltering - Copying 1 resource from src\main\resources to target\classes
2026-02-25 16:45:07,213 [Worker-43: ビルド] INFO  o.a.m.s.f.DefaultMavenResourcesFiltering - Copying 4 resources from src\main\resources to target\classes
2026-02-25 16:45:07,220 [Worker-43: ビルド] INFO  o.a.m.s.f.DefaultMavenResourcesFiltering - skip non existing resourceDirectory C:\springDemo\demo\src\test\resources
2026-02-25 16:51:44,427 [Worker-22: ビルド] INFO  o.a.m.s.f.DefaultMavenResourcesFiltering - Copying 1 resource from src\main\resources to target\classes
2026-02-25 16:51:44,431 [Worker-22: ビルド] INFO  o.a.m.s.f.DefaultMavenResourcesFiltering - Copying 4 resources from src\main\resources to target\classes
2026-02-25 16:51:44,437 [Worker-22: ビルド] INFO  o.a.m.s.f.DefaultMavenResourcesFiltering - skip non existing resourceDirectory C:\springDemo\demo\src\test\resources
2026-02-25 16:54:46,799 [Worker-22: ビルド] INFO  o.a.m.s.f.DefaultMavenResourcesFiltering - Copying 1 resource from src\main\resources to target\classes
2026-02-25 16:54:46,816 [Worker-22: ビルド] INFO  o.a.m.s.f.DefaultMavenResourcesFiltering - Copying 4 resources from src\main\resources to target\classes
2026-02-25 16:54:46,821 [Worker-22: ビルド] INFO  o.a.m.s.f.DefaultMavenResourcesFiltering - skip non existing resourceDirectory C:\springDemo\demo\src\test\resources
2026-02-25 17:08:34,701 [Worker-34: ビルド] INFO  o.a.m.s.f.DefaultMavenResourcesFiltering - Copying 1 resource from src\main\resources to target\classes
2026-02-25 17:08:34,708 [Worker-34: ビルド] INFO  o.a.m.s.f.DefaultMavenResourcesFiltering - Copying 4 resources from src\main\resources to target\classes
2026-02-25 17:08:34,717 [Worker-34: ビルド] INFO  o.a.m.s.f.DefaultMavenResourcesFiltering - skip non existing resourceDirectory C:\springDemo\demo\src\test\resources
2026-02-25 17:28:02,138 [Worker-52: ビルド] INFO  o.a.m.s.f.DefaultMavenResourcesFiltering - Copying 1 resource from src\main\resources to target\classes
2026-02-25 17:28:02,144 [Worker-52: ビルド] INFO  o.a.m.s.f.DefaultMavenResourcesFiltering - Copying 4 resources from src\main\resources to target\classes
2026-02-25 17:28:02,150 [Worker-52: ビルド] INFO  o.a.m.s.f.DefaultMavenResourcesFiltering - skip non existing resourceDirectory C:\springDemo\demo\src\test\resources
2026-02-25 17:30:35,517 [Worker-49: ビルド] INFO  o.a.m.s.f.DefaultMavenResourcesFiltering - Copying 1 resource from src\main\resources to target\classes
2026-02-25 17:30:35,549 [Worker-49: ビルド] INFO  o.a.m.s.f.DefaultMavenResourcesFiltering - Copying 4 resources from src\main\resources to target\classes
2026-02-25 17:30:35,555 [Worker-49: ビルド] INFO  o.a.m.s.f.DefaultMavenResourcesFiltering - skip non existing resourceDirectory C:\springDemo\demo\src\test\resources
2026-02-25 17:30:41,481 [Worker-22: ビルド] INFO  o.a.m.s.f.DefaultMavenResourcesFiltering - Copying 1 resource from src\main\resources to target\classes
2026-02-25 17:30:41,487 [Worker-22: ビルド] INFO  o.a.m.s.f.DefaultMavenResourcesFiltering - Copying 4 resources from src\main\resources to target\classes
2026-02-25 17:30:41,495 [Worker-22: ビルド] INFO  o.a.m.s.f.DefaultMavenResourcesFiltering - skip non existing resourceDirectory C:\springDemo\demo\src\test\resources
2026-02-25 17:31:26,871 [Worker-52: ビルド] INFO  o.a.m.s.f.DefaultMavenResourcesFiltering - Copying 1 resource from src\main\resources to target\classes
2026-02-25 17:31:26,874 [Worker-52: ビルド] INFO  o.a.m.s.f.DefaultMavenResourcesFiltering - Copying 4 resources from src\main\resources to target\classes
2026-02-25 17:31:26,878 [Worker-52: ビルド] INFO  o.a.m.s.f.DefaultMavenResourcesFiltering - skip non existing resourceDirectory C:\springDemo\demo\src\test\resources
2026-02-25 17:31:54,945 [Worker-52: ビルド] INFO  o.a.m.s.f.DefaultMavenResourcesFiltering - Copying 1 resource from src\main\resources to target\classes
2026-02-25 17:31:54,949 [Worker-52: ビルド] INFO  o.a.m.s.f.DefaultMavenResourcesFiltering - Copying 4 resources from src\main\resources to target\classes
2026-02-25 17:31:54,955 [Worker-52: ビルド] INFO  o.a.m.s.f.DefaultMavenResourcesFiltering - skip non existing resourceDirectory C:\springDemo\demo\src\test\resources
2026-02-25 17:32:52,363 [Worker-52: ビルド] INFO  o.a.m.s.f.DefaultMavenResourcesFiltering - Copying 1 resource from src\main\resources to target\classes
2026-02-25 17:32:52,367 [Worker-52: ビルド] INFO  o.a.m.s.f.DefaultMavenResourcesFiltering - Copying 4 resources from src\main\resources to target\classes
2026-02-25 17:32:52,371 [Worker-52: ビルド] INFO  o.a.m.s.f.DefaultMavenResourcesFiltering - skip non existing resourceDirectory C:\springDemo\demo\src\test\resources
2026-02-25 17:34:00,420 [Worker-52: ビルド] INFO  o.a.m.s.f.DefaultMavenResourcesFiltering - Copying 1 resource from src\main\resources to target\classes
2026-02-25 17:34:00,427 [Worker-52: ビルド] INFO  o.a.m.s.f.DefaultMavenResourcesFiltering - Copying 4 resources from src\main\resources to target\classes
2026-02-25 17:34:00,432 [Worker-52: ビルド] INFO  o.a.m.s.f.DefaultMavenResourcesFiltering - skip non existing resourceDirectory C:\springDemo\demo\src\test\resources
2026-02-25 17:36:51,846 [Worker-43: ビルド] INFO  o.a.m.s.f.DefaultMavenResourcesFiltering - Copying 0 resource from src\main\resources to target\classes
2026-02-25 17:36:51,848 [Worker-43: ビルド] INFO  o.a.m.s.f.DefaultMavenResourcesFiltering - Copying 1 resource from src\main\resources to target\classes
2026-02-25 17:36:51,855 [Worker-43: ビルド] INFO  o.a.m.s.f.DefaultMavenResourcesFiltering - skip non existing resourceDirectory C:\springDemo\demo\src\test\resources
2026-02-25 17:38:22,145 [Worker-34: ビルド] INFO  o.a.m.s.f.DefaultMavenResourcesFiltering - Copying 0 resource from src\main\resources to target\classes
2026-02-25 17:38:22,148 [Worker-34: ビルド] INFO  o.a.m.s.f.DefaultMavenResourcesFiltering - Copying 1 resource from src\main\resources to target\classes
2026-02-25 17:38:22,154 [Worker-34: ビルド] INFO  o.a.m.s.f.DefaultMavenResourcesFiltering - skip non existing resourceDirectory C:\springDemo\demo\src\test\resources
2026-02-25 17:40:59,855 [Worker-22: ビルド] INFO  o.a.m.s.f.DefaultMavenResourcesFiltering - Copying 0 resource from src\main\resources to target\classes
2026-02-25 17:40:59,856 [Worker-22: ビルド] INFO  o.a.m.s.f.DefaultMavenResourcesFiltering - Copying 1 resource from src\main\resources to target\classes
2026-02-25 17:40:59,862 [Worker-22: ビルド] INFO  o.a.m.s.f.DefaultMavenResourcesFiltering - skip non existing resourceDirectory C:\springDemo\demo\src\test\resources
2026-02-25 17:41:09,372 [Worker-43: ビルド] INFO  o.a.m.s.f.DefaultMavenResourcesFiltering - Copying 0 resource from src\main\resources to target\classes
2026-02-25 17:41:09,373 [Worker-43: ビルド] INFO  o.a.m.s.f.DefaultMavenResourcesFiltering - Copying 1 resource from src\main\resources to target\classes
2026-02-25 17:41:09,378 [Worker-43: ビルド] INFO  o.a.m.s.f.DefaultMavenResourcesFiltering - skip non existing resourceDirectory C:\springDemo\demo\src\test\resources
2026-02-25 17:41:37,465 [Worker-22: ビルド] INFO  o.a.m.s.f.DefaultMavenResourcesFiltering - Copying 0 resource from src\main\resources to target\classes
2026-02-25 17:41:37,466 [Worker-22: ビルド] INFO  o.a.m.s.f.DefaultMavenResourcesFiltering - Copying 1 resource from src\main\resources to target\classes
2026-02-25 17:41:37,473 [Worker-22: ビルド] INFO  o.a.m.s.f.DefaultMavenResourcesFiltering - skip non existing resourceDirectory C:\springDemo\demo\src\test\resources
2026-02-25 17:54:44,145 [Worker-34: ビルド] INFO  o.a.m.s.f.DefaultMavenResourcesFiltering - Copying 0 resource from src\main\resources to target\classes
2026-02-25 17:54:44,147 [Worker-34: ビルド] INFO  o.a.m.s.f.DefaultMavenResourcesFiltering - Copying 1 resource from src\main\resources to target\classes
2026-02-25 17:54:44,153 [Worker-34: ビルド] INFO  o.a.m.s.f.DefaultMavenResourcesFiltering - skip non existing resourceDirectory C:\springDemo\demo\src\test\resources
2026-02-25 17:54:50,284 [Worker-52: ビルド] INFO  o.a.m.s.f.DefaultMavenResourcesFiltering - Copying 0 resource from src\main\resources to target\classes
2026-02-25 17:54:50,286 [Worker-52: ビルド] INFO  o.a.m.s.f.DefaultMavenResourcesFiltering - Copying 1 resource from src\main\resources to target\classes
2026-02-25 17:54:50,292 [Worker-52: ビルド] INFO  o.a.m.s.f.DefaultMavenResourcesFiltering - skip non existing resourceDirectory C:\springDemo\demo\src\test\resources
2026-02-25 17:56:50,617 [Worker-45: ビルド] INFO  o.a.m.s.f.DefaultMavenResourcesFiltering - Copying 0 resource from src\main\resources to target\classes
2026-02-25 17:56:50,619 [Worker-45: ビルド] INFO  o.a.m.s.f.DefaultMavenResourcesFiltering - Copying 1 resource from src\main\resources to target\classes
2026-02-25 17:56:50,624 [Worker-45: ビルド] INFO  o.a.m.s.f.DefaultMavenResourcesFiltering - skip non existing resourceDirectory C:\springDemo\demo\src\test\resources
2026-02-25 18:10:49,558 [Worker-50: ビルド] INFO  o.a.m.s.f.DefaultMavenResourcesFiltering - Copying 1 resource from src\main\resources to target\classes
2026-02-25 18:10:49,565 [Worker-50: ビルド] INFO  o.a.m.s.f.DefaultMavenResourcesFiltering - Copying 5 resources from src\main\resources to target\classes
2026-02-25 18:10:49,573 [Worker-50: ビルド] INFO  o.a.m.s.f.DefaultMavenResourcesFiltering - skip non existing resourceDirectory C:\springDemo\demo\src\test\resources
2026-02-25 18:16:00,474 [Worker-51: ビルド] INFO  o.a.m.s.f.DefaultMavenResourcesFiltering - Copying 0 resource from src\main\resources to target\classes
2026-02-25 18:16:00,476 [Worker-51: ビルド] INFO  o.a.m.s.f.DefaultMavenResourcesFiltering - Copying 1 resource from src\main\resources to target\classes
2026-02-25 18:16:00,481 [Worker-51: ビルド] INFO  o.a.m.s.f.DefaultMavenResourcesFiltering - skip non existing resourceDirectory C:\springDemo\demo\src\test\resources
2026-02-25 18:16:13,417 [Worker-45: ビルド] INFO  o.a.m.s.f.DefaultMavenResourcesFiltering - Copying 0 resource from src\main\resources to target\classes
2026-02-25 18:16:13,419 [Worker-45: ビルド] INFO  o.a.m.s.f.DefaultMavenResourcesFiltering - Copying 1 resource from src\main\resources to target\classes
2026-02-25 18:16:13,428 [Worker-45: ビルド] INFO  o.a.m.s.f.DefaultMavenResourcesFiltering - skip non existing resourceDirectory C:\springDemo\demo\src\test\resources
2026-02-25 18:16:40,153 [Worker-52: ビルド] INFO  o.a.m.s.f.DefaultMavenResourcesFiltering - Copying 0 resource from src\main\resources to target\classes
2026-02-25 18:16:40,155 [Worker-52: ビルド] INFO  o.a.m.s.f.DefaultMavenResourcesFiltering - Copying 1 resource from src\main\resources to target\classes
2026-02-25 18:16:40,160 [Worker-52: ビルド] INFO  o.a.m.s.f.DefaultMavenResourcesFiltering - skip non existing resourceDirectory C:\springDemo\demo\src\test\resources
2026-02-25 18:19:25,531 [Worker-45: ビルド] INFO  o.a.m.s.f.DefaultMavenResourcesFiltering - Copying 0 resource from src\main\resources to target\classes
2026-02-25 18:19:25,532 [Worker-45: ビルド] INFO  o.a.m.s.f.DefaultMavenResourcesFiltering - Copying 1 resource from src\main\resources to target\classes
2026-02-25 18:19:25,538 [Worker-45: ビルド] INFO  o.a.m.s.f.DefaultMavenResourcesFiltering - skip non existing resourceDirectory C:\springDemo\demo\src\test\resources
2026-02-25 18:20:18,813 [Worker-22: ビルド] INFO  o.a.m.s.f.DefaultMavenResourcesFiltering - Copying 0 resource from src\main\resources to target\classes
2026-02-25 18:20:18,814 [Worker-22: ビルド] INFO  o.a.m.s.f.DefaultMavenResourcesFiltering - Copying 1 resource from src\main\resources to target\classes
2026-02-25 18:20:18,818 [Worker-22: ビルド] INFO  o.a.m.s.f.DefaultMavenResourcesFiltering - skip non existing resourceDirectory C:\springDemo\demo\src\test\resources
2026-02-25 18:22:45,402 [Worker-34: ビルド] INFO  o.a.m.s.f.DefaultMavenResourcesFiltering - Copying 0 resource from src\main\resources to target\classes
2026-02-25 18:22:45,404 [Worker-34: ビルド] INFO  o.a.m.s.f.DefaultMavenResourcesFiltering - Copying 1 resource from src\main\resources to target\classes
2026-02-25 18:22:45,411 [Worker-34: ビルド] INFO  o.a.m.s.f.DefaultMavenResourcesFiltering - skip non existing resourceDirectory C:\springDemo\demo\src\test\resources
2026-02-25 18:28:32,561 [Worker-45: ビルド] INFO  o.a.m.s.f.DefaultMavenResourcesFiltering - Copying 0 resource from src\main\resources to target\classes
2026-02-25 18:28:32,564 [Worker-45: ビルド] INFO  o.a.m.s.f.DefaultMavenResourcesFiltering - Copying 1 resource from src\main\resources to target\classes
2026-02-25 18:28:32,569 [Worker-45: ビルド] INFO  o.a.m.s.f.DefaultMavenResourcesFiltering - skip non existing resourceDirectory C:\springDemo\demo\src\test\resources
2026-02-25 18:33:20,012 [Worker-43: ビルド] INFO  o.a.m.s.f.DefaultMavenResourcesFiltering - Copying 1 resource from src\main\resources to target\classes
2026-02-25 18:33:20,064 [Worker-43: ビルド] INFO  o.a.m.s.f.DefaultMavenResourcesFiltering - Copying 5 resources from src\main\resources to target\classes
2026-02-25 18:33:20,077 [Worker-43: ビルド] INFO  o.a.m.s.f.DefaultMavenResourcesFiltering - skip non existing resourceDirectory C:\springDemo\demo\src\test\resources
2026-02-25 18:34:21,505 [Worker-43: ビルド] INFO  o.a.m.s.f.DefaultMavenResourcesFiltering - Copying 1 resource from src\main\resources to target\classes
2026-02-25 18:34:21,510 [Worker-43: ビルド] INFO  o.a.m.s.f.DefaultMavenResourcesFiltering - Copying 5 resources from src\main\resources to target\classes
2026-02-25 18:34:21,516 [Worker-43: ビルド] INFO  o.a.m.s.f.DefaultMavenResourcesFiltering - skip non existing resourceDirectory C:\springDemo\demo\src\test\resources
2026-02-25 18:37:34,905 [Worker-41: ビルド] INFO  o.a.m.s.f.DefaultMavenResourcesFiltering - Copying 0 resource from src\main\resources to target\classes
2026-02-25 18:37:34,907 [Worker-41: ビルド] INFO  o.a.m.s.f.DefaultMavenResourcesFiltering - Copying 1 resource from src\main\resources to target\classes
2026-02-25 18:37:34,915 [Worker-41: ビルド] INFO  o.a.m.s.f.DefaultMavenResourcesFiltering - skip non existing resourceDirectory C:\springDemo\demo\src\test\resources
2026-02-26 09:14:37,684 [Worker-6: Loading available Gradle versions] INFO  o.e.b.c.i.u.g.PublishedGradleVersions - Gradle version information cache is out-of-date. Trying to update.
2026-02-26 09:25:07,223 [Worker-6: ビルド] INFO  o.a.m.s.f.DefaultMavenResourcesFiltering - Copying 1 resource from src\main\resources to target\classes
2026-02-26 09:25:07,254 [Worker-6: ビルド] INFO  o.a.m.s.f.DefaultMavenResourcesFiltering - Copying 5 resources from src\main\resources to target\classes
2026-02-26 09:25:07,267 [Worker-6: ビルド] INFO  o.a.m.s.f.DefaultMavenResourcesFiltering - skip non existing resourceDirectory C:\springDemo\demo\src\test\resources
2026-02-26 09:25:38,571 [Worker-15: ビルド] INFO  o.a.m.s.f.DefaultMavenResourcesFiltering - Copying 1 resource from src\main\resources to target\classes
2026-02-26 09:25:38,575 [Worker-15: ビルド] INFO  o.a.m.s.f.DefaultMavenResourcesFiltering - Copying 5 resources from src\main\resources to target\classes
2026-02-26 09:25:38,580 [Worker-15: ビルド] INFO  o.a.m.s.f.DefaultMavenResourcesFiltering - skip non existing resourceDirectory C:\springDemo\demo\src\test\resources
2026-02-26 09:30:17,327 [Worker-8: ビルド] INFO  o.a.m.s.f.DefaultMavenResourcesFiltering - Copying 1 resource from src\main\resources to target\classes
2026-02-26 09:30:17,332 [Worker-8: ビルド] INFO  o.a.m.s.f.DefaultMavenResourcesFiltering - Copying 5 resources from src\main\resources to target\classes
2026-02-26 09:30:17,336 [Worker-8: ビルド] INFO  o.a.m.s.f.DefaultMavenResourcesFiltering - skip non existing resourceDirectory C:\springDemo\demo\src\test\resources
2026-02-26 09:32:37,968 [Worker-6: ビルド] INFO  o.a.m.s.f.DefaultMavenResourcesFiltering - Copying 1 resource from src\main\resources to target\classes
2026-02-26 09:32:37,974 [Worker-6: ビルド] INFO  o.a.m.s.f.DefaultMavenResourcesFiltering - Copying 5 resources from src\main\resources to target\classes
2026-02-26 09:32:37,980 [Worker-6: ビルド] INFO  o.a.m.s.f.DefaultMavenResourcesFiltering - skip non existing resourceDirectory C:\springDemo\demo\src\test\resources
2026-02-26 09:34:32,722 [Worker-6: ビルド] INFO  o.a.m.s.f.DefaultMavenResourcesFiltering - Copying 1 resource from src\main\resources to target\classes
2026-02-26 09:34:32,729 [Worker-6: ビルド] INFO  o.a.m.s.f.DefaultMavenResourcesFiltering - Copying 5 resources from src\main\resources to target\classes
2026-02-26 09:34:32,739 [Worker-6: ビルド] INFO  o.a.m.s.f.DefaultMavenResourcesFiltering - skip non existing resourceDirectory C:\springDemo\demo\src\test\resources
2026-02-26 09:36:34,910 [Worker-6: ビルド] INFO  o.a.m.s.f.DefaultMavenResourcesFiltering - Copying 1 resource from src\main\resources to target\classes
2026-02-26 09:36:34,914 [Worker-6: ビルド] INFO  o.a.m.s.f.DefaultMavenResourcesFiltering - Copying 5 resources from src\main\resources to target\classes
2026-02-26 09:36:34,918 [Worker-6: ビルド] INFO  o.a.m.s.f.DefaultMavenResourcesFiltering - skip non existing resourceDirectory C:\springDemo\demo\src\test\resources
2026-02-26 09:40:27,928 [Worker-6: ビルド] INFO  o.a.m.s.f.DefaultMavenResourcesFiltering - Copying 1 resource from src\main\resources to target\classes
2026-02-26 09:40:27,934 [Worker-6: ビルド] INFO  o.a.m.s.f.DefaultMavenResourcesFiltering - Copying 5 resources from src\main\resources to target\classes
2026-02-26 09:40:27,939 [Worker-6: ビルド] INFO  o.a.m.s.f.DefaultMavenResourcesFiltering - skip non existing resourceDirectory C:\springDemo\demo\src\test\resources
2026-02-26 09:41:04,361 [main] ERROR o.e.m2e.editor.pom.MavenPomEditor - エディターを初期化できませんでした。
org.eclipse.ui.PartInitException: エディターを初期化できませんでした。
	at org.eclipse.ui.texteditor.AbstractTextEditor.internalInit(AbstractTextEditor.java:3205)
	at org.eclipse.ui.texteditor.AbstractTextEditor.init(AbstractTextEditor.java:3214)
	at org.eclipse.ui.part.MultiPageEditorPart.addPage(MultiPageEditorPart.java:250)
	at org.eclipse.ui.forms.editor.FormEditor.addPage(FormEditor.java:331)
	at org.eclipse.ui.part.MultiPageEditorPart.addPage(MultiPageEditorPart.java:229)
	at org.eclipse.ui.forms.editor.FormEditor.addPage(FormEditor.java:313)
	at org.eclipse.m2e.editor.pom.MavenPomEditor.addFallbackEditors(MavenPomEditor.java:361)
	at org.eclipse.m2e.editor.pom.MavenPomEditor.addPages(MavenPomEditor.java:337)
	at org.eclipse.ui.forms.editor.FormEditor.createPages(FormEditor.java:143)
	at org.eclipse.ui.part.MultiPageEditorPart.createPartControl(MultiPageEditorPart.java:381)
	at org.eclipse.ui.internal.e4.compatibility.CompatibilityPart.createPartControl(CompatibilityPart.java:158)
	at org.eclipse.ui.internal.e4.compatibility.CompatibilityEditor.createPartControl(CompatibilityEditor.java:96)
	at org.eclipse.ui.internal.e4.compatibility.CompatibilityPart.create(CompatibilityPart.java:365)
	at java.base/jdk.internal.reflect.DirectMethodHandleAccessor.invoke(DirectMethodHandleAccessor.java:103)
	at java.base/java.lang.reflect.Method.invoke(Method.java:580)
	at org.eclipse.e4.core.internal.di.MethodRequestor.execute(MethodRequestor.java:56)
	at org.eclipse.e4.core.internal.di.InjectorImpl.processAnnotated(InjectorImpl.java:977)
	at org.eclipse.e4.core.internal.di.InjectorImpl.processAnnotated(InjectorImpl.java:939)
	at org.eclipse.e4.core.internal.di.InjectorImpl.internalInject(InjectorImpl.java:139)
	at org.eclipse.e4.core.internal.di.InjectorImpl.internalMake(InjectorImpl.java:386)
	at org.eclipse.e4.core.internal.di.InjectorImpl.make(InjectorImpl.java:312)
	at org.eclipse.e4.core.contexts.ContextInjectionFactory.make(ContextInjectionFactory.java:203)
	at org.eclipse.e4.ui.internal.workbench.ReflectionContributionFactory.createFromBundle(ReflectionContributionFactory.java:90)
	at org.eclipse.e4.ui.internal.workbench.ReflectionContributionFactory.doCreate(ReflectionContributionFactory.java:59)
	at org.eclipse.e4.ui.internal.workbench.ReflectionContributionFactory.create(ReflectionContributionFactory.java:42)
	at org.eclipse.ui.internal.WorkbenchContributionFactory.create(WorkbenchContributionFactory.java:46)
	at org.eclipse.e4.ui.workbench.renderers.swt.ContributedPartRenderer.createWidget(ContributedPartRenderer.java:134)
	at org.eclipse.e4.ui.internal.workbench.swt.PartRenderingEngine.createWidget(PartRenderingEngine.java:991)
	at org.eclipse.e4.ui.internal.workbench.swt.PartRenderingEngine.safeCreateGui(PartRenderingEngine.java:658)
	at org.eclipse.e4.ui.internal.workbench.swt.PartRenderingEngine.safeCreateGui(PartRenderingEngine.java:762)
	at org.eclipse.e4.ui.internal.workbench.swt.PartRenderingEngine$2.run(PartRenderingEngine.java:727)
	at org.eclipse.core.runtime.SafeRunner.run(SafeRunner.java:47)
	at org.eclipse.e4.ui.internal.workbench.swt.PartRenderingEngine.createGui(PartRenderingEngine.java:711)
	at org.eclipse.e4.ui.internal.workbench.PartServiceImpl.lambda$0(PartServiceImpl.java:105)
	at org.eclipse.e4.ui.services.internal.events.UIEventHandler.lambda$0(UIEventHandler.java:38)
	at org.eclipse.swt.widgets.Synchronizer.syncExec(Synchronizer.java:183)
	at org.eclipse.ui.internal.UISynchronizer.syncExec(UISynchronizer.java:133)
	at org.eclipse.swt.widgets.Display.syncExec(Display.java:4853)
	at org.eclipse.e4.ui.workbench.swt.DisplayUISynchronize.syncExec(DisplayUISynchronize.java:34)
	at org.eclipse.e4.ui.services.internal.events.UIEventHandler.handleEvent(UIEventHandler.java:38)
	at org.eclipse.equinox.internal.event.EventHandlerWrapper.handleEvent(EventHandlerWrapper.java:206)
	at org.eclipse.equinox.internal.event.EventHandlerTracker.dispatchEvent(EventHandlerTracker.java:201)
	at org.eclipse.equinox.internal.event.EventHandlerTracker.dispatchEvent(EventHandlerTracker.java:1)
	at org.eclipse.osgi.framework.eventmgr.EventManager.dispatchEvent(EventManager.java:230)
	at org.eclipse.osgi.framework.eventmgr.ListenerQueue.dispatchEventSynchronous(ListenerQueue.java:151)
	at org.eclipse.equinox.internal.event.EventAdminImpl.dispatchEvent(EventAdminImpl.java:131)
	at org.eclipse.equinox.internal.event.EventAdminImpl.sendEvent(EventAdminImpl.java:73)
	at org.eclipse.equinox.internal.event.EventComponent.sendEvent(EventComponent.java:44)
	at org.eclipse.e4.ui.services.internal.events.EventBroker.send(EventBroker.java:55)
	at org.eclipse.e4.ui.internal.workbench.UIEventPublisher.notifyChanged(UIEventPublisher.java:60)
	at org.eclipse.emf.common.notify.impl.BasicNotifierImpl.eNotify(BasicNotifierImpl.java:424)
	at org.eclipse.e4.ui.model.application.ui.impl.ElementContainerImpl.setSelectedElementGen(ElementContainerImpl.java:168)
	at org.eclipse.e4.ui.model.application.ui.impl.ElementContainerImpl.setSelectedElement(ElementContainerImpl.java:187)
	at org.eclipse.e4.ui.internal.workbench.ModelServiceImpl.showElementInWindow(ModelServiceImpl.java:661)
	at org.eclipse.e4.ui.internal.workbench.ModelServiceImpl.bringToTop(ModelServiceImpl.java:625)
	at org.eclipse.e4.ui.internal.workbench.PartServiceImpl.delegateBringToTop(PartServiceImpl.java:796)
	at org.eclipse.e4.ui.internal.workbench.PartServiceImpl.bringToTop(PartServiceImpl.java:401)
	at org.eclipse.e4.ui.internal.workbench.PartServiceImpl.showPart(PartServiceImpl.java:1271)
	at org.eclipse.ui.internal.WorkbenchPage.busyOpenEditor(WorkbenchPage.java:3228)
	at org.eclipse.ui.internal.WorkbenchPage.lambda$11(WorkbenchPage.java:3118)
	at org.eclipse.swt.custom.BusyIndicator.showWhile(BusyIndicator.java:67)
	at org.eclipse.ui.internal.WorkbenchPage.openEditor(WorkbenchPage.java:3116)
	at org.eclipse.ui.internal.WorkbenchPage.openEditor(WorkbenchPage.java:3086)
	at org.eclipse.ui.internal.WorkbenchPage.openEditor(WorkbenchPage.java:3077)
	at org.eclipse.ui.ide.IDE.openEditor(IDE.java:546)
	at org.eclipse.ui.ide.IDE.openEditor(IDE.java:506)
	at org.eclipse.jdt.internal.ui.javaeditor.EditorUtility.openInEditor(EditorUtility.java:377)
	at org.eclipse.jdt.internal.ui.javaeditor.EditorUtility.openInSpecificEditor(EditorUtility.java:176)
	at org.eclipse.jdt.internal.ui.javaeditor.EditorUtility.openInEditor(EditorUtility.java:169)
	at org.eclipse.jdt.ui.actions.OpenAction.run(OpenAction.java:288)
	at org.eclipse.jdt.ui.actions.OpenAction.run(OpenAction.java:254)
	at org.eclipse.jdt.ui.actions.SelectionDispatchAction.dispatchRun(SelectionDispatchAction.java:274)
	at org.eclipse.jdt.ui.actions.SelectionDispatchAction.run(SelectionDispatchAction.java:252)
	at org.eclipse.jdt.internal.ui.packageview.PackageExplorerActionGroup.handleOpen(PackageExplorerActionGroup.java:366)
	at org.eclipse.jdt.internal.ui.packageview.PackageExplorerPart$3.open(PackageExplorerPart.java:545)
	at org.eclipse.ui.OpenAndLinkWithEditorHelper$InternalListener.open(OpenAndLinkWithEditorHelper.java:48)
	at org.eclipse.jface.viewers.StructuredViewer$2.run(StructuredViewer.java:799)
	at org.eclipse.core.runtime.SafeRunner.run(SafeRunner.java:47)
	at org.eclipse.jface.util.SafeRunnable.run(SafeRunnable.java:174)
	at org.eclipse.jface.viewers.StructuredViewer.fireOpen(StructuredViewer.java:796)
	at org.eclipse.jface.viewers.StructuredViewer.handleOpen(StructuredViewer.java:1110)
	at org.eclipse.jface.util.OpenStrategy.fireOpenEvent(OpenStrategy.java:295)
	at org.eclipse.jface.util.OpenStrategy$1.handleEvent(OpenStrategy.java:330)
	at org.eclipse.swt.widgets.EventTable.sendEvent(EventTable.java:91)
	at org.eclipse.swt.widgets.Display.sendEvent(Display.java:4321)
	at org.eclipse.swt.widgets.Widget.sendEvent(Widget.java:1208)
	at org.eclipse.swt.widgets.Display.runDeferredEvents(Display.java:4119)
	at org.eclipse.swt.widgets.Display.readAndDispatch(Display.java:3707)
	at org.eclipse.e4.ui.internal.workbench.swt.PartRenderingEngine$5.run(PartRenderingEngine.java:1151)
	at org.eclipse.core.databinding.observable.Realm.runWithDefault(Realm.java:339)
	at org.eclipse.e4.ui.internal.workbench.swt.PartRenderingEngine.run(PartRenderingEngine.java:1042)
	at org.eclipse.e4.ui.internal.workbench.E4Workbench.createAndRunUI(E4Workbench.java:153)
	at org.eclipse.ui.internal.Workbench.lambda$3(Workbench.java:668)
	at org.eclipse.core.databinding.observable.Realm.runWithDefault(Realm.java:339)
	at org.eclipse.ui.internal.Workbench.createAndRunWorkbench(Workbench.java:576)
	at org.eclipse.ui.PlatformUI.createAndRunWorkbench(PlatformUI.java:173)
	at org.eclipse.ui.internal.ide.application.IDEApplication.start(IDEApplication.java:178)
	at org.eclipse.equinox.internal.app.EclipseAppHandle.run(EclipseAppHandle.java:208)
	at org.eclipse.core.runtime.internal.adaptor.EclipseAppLauncher.runApplication(EclipseAppLauncher.java:149)
	at org.eclipse.core.runtime.internal.adaptor.EclipseAppLauncher.start(EclipseAppLauncher.java:115)
	at org.eclipse.core.runtime.adaptor.EclipseStarter.run(EclipseStarter.java:467)
	at org.eclipse.core.runtime.adaptor.EclipseStarter.run(EclipseStarter.java:298)
	at java.base/jdk.internal.reflect.DirectMethodHandleAccessor.invoke(DirectMethodHandleAccessor.java:103)
	at java.base/java.lang.reflect.Method.invoke(Method.java:580)
	at org.eclipse.equinox.launcher.Main.invokeFramework(Main.java:670)
	at org.eclipse.equinox.launcher.Main.basicRun(Main.java:607)
	at org.eclipse.equinox.launcher.Main.run(Main.java:1492)
Caused by: java.lang.VirtualMachineError: Out of space in CodeCache for adapters
	at org.eclipse.wst.sse.core.internal.text.StructuredDocumentReParser._core_reparse_update_model(StructuredDocumentReParser.java:390)
	at org.eclipse.wst.sse.core.internal.text.StructuredDocumentReParser.core_reparse(StructuredDocumentReParser.java:755)
	at org.eclipse.wst.sse.core.internal.text.StructuredDocumentReParser.reparse(StructuredDocumentReParser.java:1403)
	at org.eclipse.wst.sse.core.internal.text.StructuredDocumentReParser.reparse(StructuredDocumentReParser.java:1335)
	at org.eclipse.wst.sse.core.internal.text.BasicStructuredDocument.updateModel(BasicStructuredDocument.java:2716)
	at org.eclipse.wst.sse.core.internal.text.BasicStructuredDocument.internalReplaceText(BasicStructuredDocument.java:1927)
	at org.eclipse.wst.sse.core.internal.text.BasicStructuredDocument.replaceText(BasicStructuredDocument.java:2426)
	at org.eclipse.wst.sse.core.internal.text.BasicStructuredDocument.set(BasicStructuredDocument.java:2937)
	at org.eclipse.core.internal.filebuffers.ResourceTextFileBuffer.setDocumentContent(ResourceTextFileBuffer.java:493)
	at org.eclipse.core.internal.filebuffers.ResourceTextFileBuffer.initializeFileBufferContent(ResourceTextFileBuffer.java:236)
	at org.eclipse.core.internal.filebuffers.ResourceFileBuffer.create(ResourceFileBuffer.java:247)
	at org.eclipse.core.internal.filebuffers.TextFileBufferManager.connect(TextFileBufferManager.java:116)
	at org.eclipse.ui.editors.text.TextFileDocumentProvider.createFileInfo(TextFileDocumentProvider.java:565)
	at org.eclipse.ui.editors.text.TextFileDocumentProvider.connect(TextFileDocumentProvider.java:481)
	at org.eclipse.ui.texteditor.AbstractTextEditor.doSetInput(AbstractTextEditor.java:4188)
	at org.eclipse.ui.texteditor.StatusTextEditor.doSetInput(StatusTextEditor.java:262)
	at org.eclipse.ui.texteditor.AbstractDecoratedTextEditor.doSetInput(AbstractDecoratedTextEditor.java:1526)
	at org.eclipse.ui.editors.text.TextEditor.doSetInput(TextEditor.java:153)
	at org.eclipse.ui.internal.genericeditor.ExtensionBasedTextEditor.doSetInput(ExtensionBasedTextEditor.java:92)
	at org.eclipse.ui.texteditor.AbstractTextEditor.lambda$1(AbstractTextEditor.java:3172)
	at org.eclipse.jface.operation.ModalContext.runInCurrentThread(ModalContext.java:434)
	at org.eclipse.jface.operation.ModalContext.run(ModalContext.java:354)
	at org.eclipse.ui.internal.WorkbenchWindow.lambda$7(WorkbenchWindow.java:2335)
	at org.eclipse.swt.custom.BusyIndicator.showWhile(BusyIndicator.java:67)
	at org.eclipse.ui.internal.WorkbenchWindow.run(WorkbenchWindow.java:2332)
	at org.eclipse.ui.texteditor.AbstractTextEditor.internalInit(AbstractTextEditor.java:3189)
	... 106 common frames omitted
2026-02-26 09:41:17,157 [main] ERROR o.e.m2e.editor.pom.MavenPomEditor - エディターを初期化できませんでした。
org.eclipse.ui.PartInitException: エディターを初期化できませんでした。
	at org.eclipse.ui.texteditor.AbstractTextEditor.internalInit(AbstractTextEditor.java:3205)
	at org.eclipse.ui.texteditor.AbstractTextEditor.init(AbstractTextEditor.java:3214)
	at org.eclipse.ui.part.MultiPageEditorPart.addPage(MultiPageEditorPart.java:250)
	at org.eclipse.ui.forms.editor.FormEditor.addPage(FormEditor.java:331)
	at org.eclipse.ui.part.MultiPageEditorPart.addPage(MultiPageEditorPart.java:229)
	at org.eclipse.ui.forms.editor.FormEditor.addPage(FormEditor.java:313)
	at org.eclipse.m2e.editor.pom.MavenPomEditor.addFallbackEditors(MavenPomEditor.java:361)
	at org.eclipse.m2e.editor.pom.MavenPomEditor.addPages(MavenPomEditor.java:337)
	at org.eclipse.ui.forms.editor.FormEditor.createPages(FormEditor.java:143)
	at org.eclipse.ui.part.MultiPageEditorPart.createPartControl(MultiPageEditorPart.java:381)
	at org.eclipse.ui.internal.e4.compatibility.CompatibilityPart.createPartControl(CompatibilityPart.java:158)
	at org.eclipse.ui.internal.e4.compatibility.CompatibilityEditor.createPartControl(CompatibilityEditor.java:96)
	at org.eclipse.ui.internal.e4.compatibility.CompatibilityPart.create(CompatibilityPart.java:365)
	at java.base/jdk.internal.reflect.DirectMethodHandleAccessor.invoke(DirectMethodHandleAccessor.java:103)
	at java.base/java.lang.reflect.Method.invoke(Method.java:580)
	at org.eclipse.e4.core.internal.di.MethodRequestor.execute(MethodRequestor.java:56)
	at org.eclipse.e4.core.internal.di.InjectorImpl.processAnnotated(InjectorImpl.java:977)
	at org.eclipse.e4.core.internal.di.InjectorImpl.processAnnotated(InjectorImpl.java:939)
	at org.eclipse.e4.core.internal.di.InjectorImpl.internalInject(InjectorImpl.java:139)
	at org.eclipse.e4.core.internal.di.InjectorImpl.internalMake(InjectorImpl.java:386)
	at org.eclipse.e4.core.internal.di.InjectorImpl.make(InjectorImpl.java:312)
	at org.eclipse.e4.core.contexts.ContextInjectionFactory.make(ContextInjectionFactory.java:203)
	at org.eclipse.e4.ui.internal.workbench.ReflectionContributionFactory.createFromBundle(ReflectionContributionFactory.java:90)
	at org.eclipse.e4.ui.internal.workbench.ReflectionContributionFactory.doCreate(ReflectionContributionFactory.java:59)
	at org.eclipse.e4.ui.internal.workbench.ReflectionContributionFactory.create(ReflectionContributionFactory.java:42)
	at org.eclipse.ui.internal.WorkbenchContributionFactory.create(WorkbenchContributionFactory.java:46)
	at org.eclipse.e4.ui.workbench.renderers.swt.ContributedPartRenderer.createWidget(ContributedPartRenderer.java:134)
	at org.eclipse.e4.ui.internal.workbench.swt.PartRenderingEngine.createWidget(PartRenderingEngine.java:991)
	at org.eclipse.e4.ui.internal.workbench.swt.PartRenderingEngine.safeCreateGui(PartRenderingEngine.java:658)
	at org.eclipse.e4.ui.internal.workbench.swt.PartRenderingEngine.safeCreateGui(PartRenderingEngine.java:762)
	at org.eclipse.e4.ui.internal.workbench.swt.PartRenderingEngine$2.run(PartRenderingEngine.java:727)
	at org.eclipse.core.runtime.SafeRunner.run(SafeRunner.java:47)
	at org.eclipse.e4.ui.internal.workbench.swt.PartRenderingEngine.createGui(PartRenderingEngine.java:711)
	at org.eclipse.e4.ui.internal.workbench.PartServiceImpl.lambda$0(PartServiceImpl.java:105)
	at org.eclipse.e4.ui.services.internal.events.UIEventHandler.lambda$0(UIEventHandler.java:38)
	at org.eclipse.swt.widgets.Synchronizer.syncExec(Synchronizer.java:183)
	at org.eclipse.ui.internal.UISynchronizer.syncExec(UISynchronizer.java:133)
	at org.eclipse.swt.widgets.Display.syncExec(Display.java:4853)
	at org.eclipse.e4.ui.workbench.swt.DisplayUISynchronize.syncExec(DisplayUISynchronize.java:34)
	at org.eclipse.e4.ui.services.internal.events.UIEventHandler.handleEvent(UIEventHandler.java:38)
	at org.eclipse.equinox.internal.event.EventHandlerWrapper.handleEvent(EventHandlerWrapper.java:206)
	at org.eclipse.equinox.internal.event.EventHandlerTracker.dispatchEvent(EventHandlerTracker.java:201)
	at org.eclipse.equinox.internal.event.EventHandlerTracker.dispatchEvent(EventHandlerTracker.java:1)
	at org.eclipse.osgi.framework.eventmgr.EventManager.dispatchEvent(EventManager.java:230)
	at org.eclipse.osgi.framework.eventmgr.ListenerQueue.dispatchEventSynchronous(ListenerQueue.java:151)
	at org.eclipse.equinox.internal.event.EventAdminImpl.dispatchEvent(EventAdminImpl.java:131)
	at org.eclipse.equinox.internal.event.EventAdminImpl.sendEvent(EventAdminImpl.java:73)
	at org.eclipse.equinox.internal.event.EventComponent.sendEvent(EventComponent.java:44)
	at org.eclipse.e4.ui.services.internal.events.EventBroker.send(EventBroker.java:55)
	at org.eclipse.e4.ui.internal.workbench.UIEventPublisher.notifyChanged(UIEventPublisher.java:60)
	at org.eclipse.emf.common.notify.impl.BasicNotifierImpl.eNotify(BasicNotifierImpl.java:424)
	at org.eclipse.e4.ui.model.application.ui.impl.ElementContainerImpl.setSelectedElementGen(ElementContainerImpl.java:168)
	at org.eclipse.e4.ui.model.application.ui.impl.ElementContainerImpl.setSelectedElement(ElementContainerImpl.java:187)
	at org.eclipse.e4.ui.internal.workbench.ModelServiceImpl.showElementInWindow(ModelServiceImpl.java:661)
	at org.eclipse.e4.ui.internal.workbench.ModelServiceImpl.bringToTop(ModelServiceImpl.java:625)
	at org.eclipse.e4.ui.internal.workbench.PartServiceImpl.delegateBringToTop(PartServiceImpl.java:796)
	at org.eclipse.e4.ui.internal.workbench.PartServiceImpl.bringToTop(PartServiceImpl.java:401)
	at org.eclipse.e4.ui.internal.workbench.PartServiceImpl.showPart(PartServiceImpl.java:1271)
	at org.eclipse.ui.internal.WorkbenchPage.busyOpenEditor(WorkbenchPage.java:3228)
	at org.eclipse.ui.internal.WorkbenchPage.lambda$11(WorkbenchPage.java:3118)
	at org.eclipse.swt.custom.BusyIndicator.showWhile(BusyIndicator.java:67)
	at org.eclipse.ui.internal.WorkbenchPage.openEditor(WorkbenchPage.java:3116)
	at org.eclipse.ui.internal.WorkbenchPage.openEditor(WorkbenchPage.java:3086)
	at org.eclipse.ui.internal.WorkbenchPage.openEditor(WorkbenchPage.java:3077)
	at org.eclipse.ui.ide.IDE.openEditor(IDE.java:546)
	at org.eclipse.ui.ide.IDE.openEditor(IDE.java:506)
	at org.eclipse.jdt.internal.ui.javaeditor.EditorUtility.openInEditor(EditorUtility.java:377)
	at org.eclipse.jdt.internal.ui.javaeditor.EditorUtility.openInSpecificEditor(EditorUtility.java:176)
	at org.eclipse.jdt.internal.ui.javaeditor.EditorUtility.openInEditor(EditorUtility.java:169)
	at org.eclipse.jdt.ui.actions.OpenAction.run(OpenAction.java:288)
	at org.eclipse.jdt.ui.actions.OpenAction.run(OpenAction.java:254)
	at org.eclipse.jdt.ui.actions.SelectionDispatchAction.dispatchRun(SelectionDispatchAction.java:274)
	at org.eclipse.jdt.ui.actions.SelectionDispatchAction.run(SelectionDispatchAction.java:252)
	at org.eclipse.jdt.internal.ui.packageview.PackageExplorerActionGroup.handleOpen(PackageExplorerActionGroup.java:366)
	at org.eclipse.jdt.internal.ui.packageview.PackageExplorerPart$3.open(PackageExplorerPart.java:545)
	at org.eclipse.ui.OpenAndLinkWithEditorHelper$InternalListener.open(OpenAndLinkWithEditorHelper.java:48)
	at org.eclipse.jface.viewers.StructuredViewer$2.run(StructuredViewer.java:799)
	at org.eclipse.core.runtime.SafeRunner.run(SafeRunner.java:47)
	at org.eclipse.jface.util.SafeRunnable.run(SafeRunnable.java:174)
	at org.eclipse.jface.viewers.StructuredViewer.fireOpen(StructuredViewer.java:796)
	at org.eclipse.jface.viewers.StructuredViewer.handleOpen(StructuredViewer.java:1110)
	at org.eclipse.jface.util.OpenStrategy.fireOpenEvent(OpenStrategy.java:295)
	at org.eclipse.jface.util.OpenStrategy$1.handleEvent(OpenStrategy.java:330)
	at org.eclipse.swt.widgets.EventTable.sendEvent(EventTable.java:91)
	at org.eclipse.swt.widgets.Display.sendEvent(Display.java:4321)
	at org.eclipse.swt.widgets.Widget.sendEvent(Widget.java:1208)
	at org.eclipse.swt.widgets.Display.runDeferredEvents(Display.java:4119)
	at org.eclipse.swt.widgets.Display.readAndDispatch(Display.java:3707)
	at org.eclipse.e4.ui.internal.workbench.swt.PartRenderingEngine$5.run(PartRenderingEngine.java:1151)
	at org.eclipse.core.databinding.observable.Realm.runWithDefault(Realm.java:339)
	at org.eclipse.e4.ui.internal.workbench.swt.PartRenderingEngine.run(PartRenderingEngine.java:1042)
	at org.eclipse.e4.ui.internal.workbench.E4Workbench.createAndRunUI(E4Workbench.java:153)
	at org.eclipse.ui.internal.Workbench.lambda$3(Workbench.java:668)
	at org.eclipse.core.databinding.observable.Realm.runWithDefault(Realm.java:339)
	at org.eclipse.ui.internal.Workbench.createAndRunWorkbench(Workbench.java:576)
	at org.eclipse.ui.PlatformUI.createAndRunWorkbench(PlatformUI.java:173)
	at org.eclipse.ui.internal.ide.application.IDEApplication.start(IDEApplication.java:178)
	at org.eclipse.equinox.internal.app.EclipseAppHandle.run(EclipseAppHandle.java:208)
	at org.eclipse.core.runtime.internal.adaptor.EclipseAppLauncher.runApplication(EclipseAppLauncher.java:149)
	at org.eclipse.core.runtime.internal.adaptor.EclipseAppLauncher.start(EclipseAppLauncher.java:115)
	at org.eclipse.core.runtime.adaptor.EclipseStarter.run(EclipseStarter.java:467)
	at org.eclipse.core.runtime.adaptor.EclipseStarter.run(EclipseStarter.java:298)
	at java.base/jdk.internal.reflect.DirectMethodHandleAccessor.invoke(DirectMethodHandleAccessor.java:103)
	at java.base/java.lang.reflect.Method.invoke(Method.java:580)
	at org.eclipse.equinox.launcher.Main.invokeFramework(Main.java:670)
	at org.eclipse.equinox.launcher.Main.basicRun(Main.java:607)
	at org.eclipse.equinox.launcher.Main.run(Main.java:1492)
Caused by: java.lang.VirtualMachineError: Out of space in CodeCache for adapters
	at org.eclipse.wst.sse.core.internal.text.StructuredDocumentReParser._core_reparse_update_model(StructuredDocumentReParser.java:390)
	at org.eclipse.wst.sse.core.internal.text.StructuredDocumentReParser.core_reparse(StructuredDocumentReParser.java:755)
	at org.eclipse.wst.sse.core.internal.text.StructuredDocumentReParser.reparse(StructuredDocumentReParser.java:1403)
	at org.eclipse.wst.sse.core.internal.text.StructuredDocumentReParser.reparse(StructuredDocumentReParser.java:1335)
	at org.eclipse.wst.sse.core.internal.text.BasicStructuredDocument.updateModel(BasicStructuredDocument.java:2716)
	at org.eclipse.wst.sse.core.internal.text.BasicStructuredDocument.internalReplaceText(BasicStructuredDocument.java:1927)
	at org.eclipse.wst.sse.core.internal.text.BasicStructuredDocument.replaceText(BasicStructuredDocument.java:2426)
	at org.eclipse.wst.sse.core.internal.text.BasicStructuredDocument.set(BasicStructuredDocument.java:2937)
	at org.eclipse.core.internal.filebuffers.ResourceTextFileBuffer.setDocumentContent(ResourceTextFileBuffer.java:493)
	at org.eclipse.core.internal.filebuffers.ResourceTextFileBuffer.initializeFileBufferContent(ResourceTextFileBuffer.java:236)
	at org.eclipse.core.internal.filebuffers.ResourceFileBuffer.create(ResourceFileBuffer.java:247)
	at org.eclipse.core.internal.filebuffers.TextFileBufferManager.connect(TextFileBufferManager.java:116)
	at org.eclipse.ui.editors.text.TextFileDocumentProvider.createFileInfo(TextFileDocumentProvider.java:565)
	at org.eclipse.ui.editors.text.TextFileDocumentProvider.connect(TextFileDocumentProvider.java:481)
	at org.eclipse.ui.texteditor.AbstractTextEditor.doSetInput(AbstractTextEditor.java:4188)
	at org.eclipse.ui.texteditor.StatusTextEditor.doSetInput(StatusTextEditor.java:262)
	at org.eclipse.ui.texteditor.AbstractDecoratedTextEditor.doSetInput(AbstractDecoratedTextEditor.java:1526)
	at org.eclipse.ui.editors.text.TextEditor.doSetInput(TextEditor.java:153)
	at org.eclipse.ui.internal.genericeditor.ExtensionBasedTextEditor.doSetInput(ExtensionBasedTextEditor.java:92)
	at org.eclipse.ui.texteditor.AbstractTextEditor.lambda$1(AbstractTextEditor.java:3172)
	at org.eclipse.jface.operation.ModalContext.runInCurrentThread(ModalContext.java:434)
	at org.eclipse.jface.operation.ModalContext.run(ModalContext.java:354)
	at org.eclipse.ui.internal.WorkbenchWindow.lambda$7(WorkbenchWindow.java:2335)
	at org.eclipse.swt.custom.BusyIndicator.showWhile(BusyIndicator.java:67)
	at org.eclipse.ui.internal.WorkbenchWindow.run(WorkbenchWindow.java:2332)
	at org.eclipse.ui.texteditor.AbstractTextEditor.internalInit(AbstractTextEditor.java:3189)
	... 106 common frames omitted
2026-02-26 09:42:58,296 [main] ERROR o.e.m2e.editor.pom.MavenPomEditor - エディターを初期化できませんでした。
org.eclipse.ui.PartInitException: エディターを初期化できませんでした。
	at org.eclipse.ui.texteditor.AbstractTextEditor.internalInit(AbstractTextEditor.java:3205)
	at org.eclipse.ui.texteditor.AbstractTextEditor.init(AbstractTextEditor.java:3214)
	at org.eclipse.ui.part.MultiPageEditorPart.addPage(MultiPageEditorPart.java:250)
	at org.eclipse.ui.forms.editor.FormEditor.addPage(FormEditor.java:331)
	at org.eclipse.ui.part.MultiPageEditorPart.addPage(MultiPageEditorPart.java:229)
	at org.eclipse.ui.forms.editor.FormEditor.addPage(FormEditor.java:313)
	at org.eclipse.m2e.editor.pom.MavenPomEditor.addFallbackEditors(MavenPomEditor.java:361)
	at org.eclipse.m2e.editor.pom.MavenPomEditor.addPages(MavenPomEditor.java:337)
	at org.eclipse.ui.forms.editor.FormEditor.createPages(FormEditor.java:143)
	at org.eclipse.ui.part.MultiPageEditorPart.createPartControl(MultiPageEditorPart.java:381)
	at org.eclipse.ui.internal.e4.compatibility.CompatibilityPart.createPartControl(CompatibilityPart.java:158)
	at org.eclipse.ui.internal.e4.compatibility.CompatibilityEditor.createPartControl(CompatibilityEditor.java:96)
	at org.eclipse.ui.internal.e4.compatibility.CompatibilityPart.create(CompatibilityPart.java:365)
	at java.base/jdk.internal.reflect.DirectMethodHandleAccessor.invoke(DirectMethodHandleAccessor.java:103)
	at java.base/java.lang.reflect.Method.invoke(Method.java:580)
	at org.eclipse.e4.core.internal.di.MethodRequestor.execute(MethodRequestor.java:56)
	at org.eclipse.e4.core.internal.di.InjectorImpl.processAnnotated(InjectorImpl.java:977)
	at org.eclipse.e4.core.internal.di.InjectorImpl.processAnnotated(InjectorImpl.java:939)
	at org.eclipse.e4.core.internal.di.InjectorImpl.internalInject(InjectorImpl.java:139)
	at org.eclipse.e4.core.internal.di.InjectorImpl.internalMake(InjectorImpl.java:386)
	at org.eclipse.e4.core.internal.di.InjectorImpl.make(InjectorImpl.java:312)
	at org.eclipse.e4.core.contexts.ContextInjectionFactory.make(ContextInjectionFactory.java:203)
	at org.eclipse.e4.ui.internal.workbench.ReflectionContributionFactory.createFromBundle(ReflectionContributionFactory.java:90)
	at org.eclipse.e4.ui.internal.workbench.ReflectionContributionFactory.doCreate(ReflectionContributionFactory.java:59)
	at org.eclipse.e4.ui.internal.workbench.ReflectionContributionFactory.create(ReflectionContributionFactory.java:42)
	at org.eclipse.ui.internal.WorkbenchContributionFactory.create(WorkbenchContributionFactory.java:46)
	at org.eclipse.e4.ui.workbench.renderers.swt.ContributedPartRenderer.createWidget(ContributedPartRenderer.java:134)
	at org.eclipse.e4.ui.internal.workbench.swt.PartRenderingEngine.createWidget(PartRenderingEngine.java:991)
	at org.eclipse.e4.ui.internal.workbench.swt.PartRenderingEngine.safeCreateGui(PartRenderingEngine.java:658)
	at org.eclipse.e4.ui.internal.workbench.swt.PartRenderingEngine.safeCreateGui(PartRenderingEngine.java:762)
	at org.eclipse.e4.ui.internal.workbench.swt.PartRenderingEngine$2.run(PartRenderingEngine.java:727)
	at org.eclipse.core.runtime.SafeRunner.run(SafeRunner.java:47)
	at org.eclipse.e4.ui.internal.workbench.swt.PartRenderingEngine.createGui(PartRenderingEngine.java:711)
	at org.eclipse.e4.ui.internal.workbench.PartServiceImpl.lambda$0(PartServiceImpl.java:105)
	at org.eclipse.e4.ui.services.internal.events.UIEventHandler.lambda$0(UIEventHandler.java:38)
	at org.eclipse.swt.widgets.Synchronizer.syncExec(Synchronizer.java:183)
	at org.eclipse.ui.internal.UISynchronizer.syncExec(UISynchronizer.java:133)
	at org.eclipse.swt.widgets.Display.syncExec(Display.java:4853)
	at org.eclipse.e4.ui.workbench.swt.DisplayUISynchronize.syncExec(DisplayUISynchronize.java:34)
	at org.eclipse.e4.ui.services.internal.events.UIEventHandler.handleEvent(UIEventHandler.java:38)
	at org.eclipse.equinox.internal.event.EventHandlerWrapper.handleEvent(EventHandlerWrapper.java:206)
	at org.eclipse.equinox.internal.event.EventHandlerTracker.dispatchEvent(EventHandlerTracker.java:201)
	at org.eclipse.equinox.internal.event.EventHandlerTracker.dispatchEvent(EventHandlerTracker.java:1)
	at org.eclipse.osgi.framework.eventmgr.EventManager.dispatchEvent(EventManager.java:230)
	at org.eclipse.osgi.framework.eventmgr.ListenerQueue.dispatchEventSynchronous(ListenerQueue.java:151)
	at org.eclipse.equinox.internal.event.EventAdminImpl.dispatchEvent(EventAdminImpl.java:131)
	at org.eclipse.equinox.internal.event.EventAdminImpl.sendEvent(EventAdminImpl.java:73)
	at org.eclipse.equinox.internal.event.EventComponent.sendEvent(EventComponent.java:44)
	at org.eclipse.e4.ui.services.internal.events.EventBroker.send(EventBroker.java:55)
	at org.eclipse.e4.ui.internal.workbench.UIEventPublisher.notifyChanged(UIEventPublisher.java:60)
	at org.eclipse.emf.common.notify.impl.BasicNotifierImpl.eNotify(BasicNotifierImpl.java:424)
	at org.eclipse.e4.ui.model.application.ui.impl.ElementContainerImpl.setSelectedElementGen(ElementContainerImpl.java:168)
	at org.eclipse.e4.ui.model.application.ui.impl.ElementContainerImpl.setSelectedElement(ElementContainerImpl.java:187)
	at org.eclipse.e4.ui.internal.workbench.ModelServiceImpl.showElementInWindow(ModelServiceImpl.java:661)
	at org.eclipse.e4.ui.internal.workbench.ModelServiceImpl.bringToTop(ModelServiceImpl.java:625)
	at org.eclipse.e4.ui.internal.workbench.PartServiceImpl.delegateBringToTop(PartServiceImpl.java:796)
	at org.eclipse.e4.ui.internal.workbench.PartServiceImpl.bringToTop(PartServiceImpl.java:401)
	at org.eclipse.e4.ui.internal.workbench.PartServiceImpl.showPart(PartServiceImpl.java:1271)
	at org.eclipse.ui.internal.WorkbenchPage.busyOpenEditor(WorkbenchPage.java:3228)
	at org.eclipse.ui.internal.WorkbenchPage.lambda$11(WorkbenchPage.java:3118)
	at org.eclipse.swt.custom.BusyIndicator.showWhile(BusyIndicator.java:67)
	at org.eclipse.ui.internal.WorkbenchPage.openEditor(WorkbenchPage.java:3116)
	at org.eclipse.ui.internal.WorkbenchPage.openEditor(WorkbenchPage.java:3086)
	at org.eclipse.ui.internal.WorkbenchPage.openEditor(WorkbenchPage.java:3077)
	at org.eclipse.ui.ide.IDE.openEditor(IDE.java:546)
	at org.eclipse.ui.ide.IDE.openEditor(IDE.java:506)
	at org.eclipse.jdt.internal.ui.javaeditor.EditorUtility.openInEditor(EditorUtility.java:377)
	at org.eclipse.jdt.internal.ui.javaeditor.EditorUtility.openInSpecificEditor(EditorUtility.java:176)
	at org.eclipse.jdt.internal.ui.javaeditor.EditorUtility.openInEditor(EditorUtility.java:169)
	at org.eclipse.jdt.ui.actions.OpenAction.run(OpenAction.java:288)
	at org.eclipse.jdt.ui.actions.OpenAction.run(OpenAction.java:254)
	at org.eclipse.jdt.ui.actions.SelectionDispatchAction.dispatchRun(SelectionDispatchAction.java:274)
	at org.eclipse.jdt.ui.actions.SelectionDispatchAction.run(SelectionDispatchAction.java:252)
	at org.eclipse.jdt.internal.ui.packageview.PackageExplorerActionGroup.handleOpen(PackageExplorerActionGroup.java:366)
	at org.eclipse.jdt.internal.ui.packageview.PackageExplorerPart$3.open(PackageExplorerPart.java:545)
	at org.eclipse.ui.OpenAndLinkWithEditorHelper$InternalListener.open(OpenAndLinkWithEditorHelper.java:48)
	at org.eclipse.jface.viewers.StructuredViewer$2.run(StructuredViewer.java:799)
	at org.eclipse.core.runtime.SafeRunner.run(SafeRunner.java:47)
	at org.eclipse.jface.util.SafeRunnable.run(SafeRunnable.java:174)
	at org.eclipse.jface.viewers.StructuredViewer.fireOpen(StructuredViewer.java:796)
	at org.eclipse.jface.viewers.StructuredViewer.handleOpen(StructuredViewer.java:1110)
	at org.eclipse.jface.util.OpenStrategy.fireOpenEvent(OpenStrategy.java:295)
	at org.eclipse.jface.util.OpenStrategy$1.handleEvent(OpenStrategy.java:330)
	at org.eclipse.swt.widgets.EventTable.sendEvent(EventTable.java:91)
	at org.eclipse.swt.widgets.Display.sendEvent(Display.java:4321)
	at org.eclipse.swt.widgets.Widget.sendEvent(Widget.java:1208)
	at org.eclipse.swt.widgets.Display.runDeferredEvents(Display.java:4119)
	at org.eclipse.swt.widgets.Display.readAndDispatch(Display.java:3707)
	at org.eclipse.e4.ui.internal.workbench.swt.PartRenderingEngine$5.run(PartRenderingEngine.java:1151)
	at org.eclipse.core.databinding.observable.Realm.runWithDefault(Realm.java:339)
	at org.eclipse.e4.ui.internal.workbench.swt.PartRenderingEngine.run(PartRenderingEngine.java:1042)
	at org.eclipse.e4.ui.internal.workbench.E4Workbench.createAndRunUI(E4Workbench.java:153)
	at org.eclipse.ui.internal.Workbench.lambda$3(Workbench.java:668)
	at org.eclipse.core.databinding.observable.Realm.runWithDefault(Realm.java:339)
	at org.eclipse.ui.internal.Workbench.createAndRunWorkbench(Workbench.java:576)
	at org.eclipse.ui.PlatformUI.createAndRunWorkbench(PlatformUI.java:173)
	at org.eclipse.ui.internal.ide.application.IDEApplication.start(IDEApplication.java:178)
	at org.eclipse.equinox.internal.app.EclipseAppHandle.run(EclipseAppHandle.java:208)
	at org.eclipse.core.runtime.internal.adaptor.EclipseAppLauncher.runApplication(EclipseAppLauncher.java:149)
	at org.eclipse.core.runtime.internal.adaptor.EclipseAppLauncher.start(EclipseAppLauncher.java:115)
	at org.eclipse.core.runtime.adaptor.EclipseStarter.run(EclipseStarter.java:467)
	at org.eclipse.core.runtime.adaptor.EclipseStarter.run(EclipseStarter.java:298)
	at java.base/jdk.internal.reflect.DirectMethodHandleAccessor.invoke(DirectMethodHandleAccessor.java:103)
	at java.base/java.lang.reflect.Method.invoke(Method.java:580)
	at org.eclipse.equinox.launcher.Main.invokeFramework(Main.java:670)
	at org.eclipse.equinox.launcher.Main.basicRun(Main.java:607)
	at org.eclipse.equinox.launcher.Main.run(Main.java:1492)
Caused by: java.lang.VirtualMachineError: Out of space in CodeCache for adapters
	at org.eclipse.wst.sse.core.internal.text.StructuredDocumentReParser._core_reparse_update_model(StructuredDocumentReParser.java:390)
	at org.eclipse.wst.sse.core.internal.text.StructuredDocumentReParser.core_reparse(StructuredDocumentReParser.java:755)
	at org.eclipse.wst.sse.core.internal.text.StructuredDocumentReParser.reparse(StructuredDocumentReParser.java:1403)
	at org.eclipse.wst.sse.core.internal.text.StructuredDocumentReParser.reparse(StructuredDocumentReParser.java:1335)
	at org.eclipse.wst.sse.core.internal.text.BasicStructuredDocument.updateModel(BasicStructuredDocument.java:2716)
	at org.eclipse.wst.sse.core.internal.text.BasicStructuredDocument.internalReplaceText(BasicStructuredDocument.java:1927)
	at org.eclipse.wst.sse.core.internal.text.BasicStructuredDocument.replaceText(BasicStructuredDocument.java:2426)
	at org.eclipse.wst.sse.core.internal.text.BasicStructuredDocument.set(BasicStructuredDocument.java:2937)
	at org.eclipse.core.internal.filebuffers.ResourceTextFileBuffer.setDocumentContent(ResourceTextFileBuffer.java:493)
	at org.eclipse.core.internal.filebuffers.ResourceTextFileBuffer.initializeFileBufferContent(ResourceTextFileBuffer.java:236)
	at org.eclipse.core.internal.filebuffers.ResourceFileBuffer.create(ResourceFileBuffer.java:247)
	at org.eclipse.core.internal.filebuffers.TextFileBufferManager.connect(TextFileBufferManager.java:116)
	at org.eclipse.ui.editors.text.TextFileDocumentProvider.createFileInfo(TextFileDocumentProvider.java:565)
	at org.eclipse.ui.editors.text.TextFileDocumentProvider.connect(TextFileDocumentProvider.java:481)
	at org.eclipse.ui.texteditor.AbstractTextEditor.doSetInput(AbstractTextEditor.java:4188)
	at org.eclipse.ui.texteditor.StatusTextEditor.doSetInput(StatusTextEditor.java:262)
	at org.eclipse.ui.texteditor.AbstractDecoratedTextEditor.doSetInput(AbstractDecoratedTextEditor.java:1526)
	at org.eclipse.ui.editors.text.TextEditor.doSetInput(TextEditor.java:153)
	at org.eclipse.ui.internal.genericeditor.ExtensionBasedTextEditor.doSetInput(ExtensionBasedTextEditor.java:92)
	at org.eclipse.ui.texteditor.AbstractTextEditor.lambda$1(AbstractTextEditor.java:3172)
	at org.eclipse.jface.operation.ModalContext.runInCurrentThread(ModalContext.java:434)
	at org.eclipse.jface.operation.ModalContext.run(ModalContext.java:354)
	at org.eclipse.ui.internal.WorkbenchWindow.lambda$7(WorkbenchWindow.java:2335)
	at org.eclipse.swt.custom.BusyIndicator.showWhile(BusyIndicator.java:67)
	at org.eclipse.ui.internal.WorkbenchWindow.run(WorkbenchWindow.java:2332)
	at org.eclipse.ui.texteditor.AbstractTextEditor.internalInit(AbstractTextEditor.java:3189)
	... 106 common frames omitted
2026-02-26 09:47:47,410 [main] ERROR o.e.m2e.editor.pom.MavenPomEditor - エディターを初期化できませんでした。
org.eclipse.ui.PartInitException: エディターを初期化できませんでした。
	at org.eclipse.ui.texteditor.AbstractTextEditor.internalInit(AbstractTextEditor.java:3205)
	at org.eclipse.ui.texteditor.AbstractTextEditor.init(AbstractTextEditor.java:3214)
	at org.eclipse.ui.part.MultiPageEditorPart.addPage(MultiPageEditorPart.java:250)
	at org.eclipse.ui.forms.editor.FormEditor.addPage(FormEditor.java:331)
	at org.eclipse.ui.part.MultiPageEditorPart.addPage(MultiPageEditorPart.java:229)
	at org.eclipse.ui.forms.editor.FormEditor.addPage(FormEditor.java:313)
	at org.eclipse.m2e.editor.pom.MavenPomEditor.addFallbackEditors(MavenPomEditor.java:361)
	at org.eclipse.m2e.editor.pom.MavenPomEditor.addPages(MavenPomEditor.java:337)
	at org.eclipse.ui.forms.editor.FormEditor.createPages(FormEditor.java:143)
	at org.eclipse.ui.part.MultiPageEditorPart.createPartControl(MultiPageEditorPart.java:381)
	at org.eclipse.ui.internal.e4.compatibility.CompatibilityPart.createPartControl(CompatibilityPart.java:158)
	at org.eclipse.ui.internal.e4.compatibility.CompatibilityEditor.createPartControl(CompatibilityEditor.java:96)
	at org.eclipse.ui.internal.e4.compatibility.CompatibilityPart.create(CompatibilityPart.java:365)
	at java.base/jdk.internal.reflect.DirectMethodHandleAccessor.invoke(DirectMethodHandleAccessor.java:103)
	at java.base/java.lang.reflect.Method.invoke(Method.java:580)
	at org.eclipse.e4.core.internal.di.MethodRequestor.execute(MethodRequestor.java:56)
	at org.eclipse.e4.core.internal.di.InjectorImpl.processAnnotated(InjectorImpl.java:977)
	at org.eclipse.e4.core.internal.di.InjectorImpl.processAnnotated(InjectorImpl.java:939)
	at org.eclipse.e4.core.internal.di.InjectorImpl.internalInject(InjectorImpl.java:139)
	at org.eclipse.e4.core.internal.di.InjectorImpl.internalMake(InjectorImpl.java:386)
	at org.eclipse.e4.core.internal.di.InjectorImpl.make(InjectorImpl.java:312)
	at org.eclipse.e4.core.contexts.ContextInjectionFactory.make(ContextInjectionFactory.java:203)
	at org.eclipse.e4.ui.internal.workbench.ReflectionContributionFactory.createFromBundle(ReflectionContributionFactory.java:90)
	at org.eclipse.e4.ui.internal.workbench.ReflectionContributionFactory.doCreate(ReflectionContributionFactory.java:59)
	at org.eclipse.e4.ui.internal.workbench.ReflectionContributionFactory.create(ReflectionContributionFactory.java:42)
	at org.eclipse.ui.internal.WorkbenchContributionFactory.create(WorkbenchContributionFactory.java:46)
	at org.eclipse.e4.ui.workbench.renderers.swt.ContributedPartRenderer.createWidget(ContributedPartRenderer.java:134)
	at org.eclipse.e4.ui.internal.workbench.swt.PartRenderingEngine.createWidget(PartRenderingEngine.java:991)
	at org.eclipse.e4.ui.internal.workbench.swt.PartRenderingEngine.safeCreateGui(PartRenderingEngine.java:658)
	at org.eclipse.e4.ui.internal.workbench.swt.PartRenderingEngine.safeCreateGui(PartRenderingEngine.java:762)
	at org.eclipse.e4.ui.internal.workbench.swt.PartRenderingEngine$2.run(PartRenderingEngine.java:727)
	at org.eclipse.core.runtime.SafeRunner.run(SafeRunner.java:47)
	at org.eclipse.e4.ui.internal.workbench.swt.PartRenderingEngine.createGui(PartRenderingEngine.java:711)
	at org.eclipse.e4.ui.internal.workbench.PartServiceImpl.lambda$0(PartServiceImpl.java:105)
	at org.eclipse.e4.ui.services.internal.events.UIEventHandler.lambda$0(UIEventHandler.java:38)
	at org.eclipse.swt.widgets.Synchronizer.syncExec(Synchronizer.java:183)
	at org.eclipse.ui.internal.UISynchronizer.syncExec(UISynchronizer.java:133)
	at org.eclipse.swt.widgets.Display.syncExec(Display.java:4853)
	at org.eclipse.e4.ui.workbench.swt.DisplayUISynchronize.syncExec(DisplayUISynchronize.java:34)
	at org.eclipse.e4.ui.services.internal.events.UIEventHandler.handleEvent(UIEventHandler.java:38)
	at org.eclipse.equinox.internal.event.EventHandlerWrapper.handleEvent(EventHandlerWrapper.java:206)
	at org.eclipse.equinox.internal.event.EventHandlerTracker.dispatchEvent(EventHandlerTracker.java:201)
	at org.eclipse.equinox.internal.event.EventHandlerTracker.dispatchEvent(EventHandlerTracker.java:1)
	at org.eclipse.osgi.framework.eventmgr.EventManager.dispatchEvent(EventManager.java:230)
	at org.eclipse.osgi.framework.eventmgr.ListenerQueue.dispatchEventSynchronous(ListenerQueue.java:151)
	at org.eclipse.equinox.internal.event.EventAdminImpl.dispatchEvent(EventAdminImpl.java:131)
	at org.eclipse.equinox.internal.event.EventAdminImpl.sendEvent(EventAdminImpl.java:73)
	at org.eclipse.equinox.internal.event.EventComponent.sendEvent(EventComponent.java:44)
	at org.eclipse.e4.ui.services.internal.events.EventBroker.send(EventBroker.java:55)
	at org.eclipse.e4.ui.internal.workbench.UIEventPublisher.notifyChanged(UIEventPublisher.java:60)
	at org.eclipse.emf.common.notify.impl.BasicNotifierImpl.eNotify(BasicNotifierImpl.java:424)
	at org.eclipse.e4.ui.model.application.ui.impl.ElementContainerImpl.setSelectedElementGen(ElementContainerImpl.java:168)
	at org.eclipse.e4.ui.model.application.ui.impl.ElementContainerImpl.setSelectedElement(ElementContainerImpl.java:187)
	at org.eclipse.e4.ui.internal.workbench.ModelServiceImpl.showElementInWindow(ModelServiceImpl.java:661)
	at org.eclipse.e4.ui.internal.workbench.ModelServiceImpl.bringToTop(ModelServiceImpl.java:625)
	at org.eclipse.e4.ui.internal.workbench.PartServiceImpl.delegateBringToTop(PartServiceImpl.java:796)
	at org.eclipse.e4.ui.internal.workbench.PartServiceImpl.bringToTop(PartServiceImpl.java:401)
	at org.eclipse.e4.ui.internal.workbench.PartServiceImpl.showPart(PartServiceImpl.java:1271)
	at org.eclipse.ui.internal.WorkbenchPage.busyOpenEditor(WorkbenchPage.java:3228)
	at org.eclipse.ui.internal.WorkbenchPage.lambda$11(WorkbenchPage.java:3118)
	at org.eclipse.swt.custom.BusyIndicator.showWhile(BusyIndicator.java:67)
	at org.eclipse.ui.internal.WorkbenchPage.openEditor(WorkbenchPage.java:3116)
	at org.eclipse.ui.internal.WorkbenchPage.openEditor(WorkbenchPage.java:3086)
	at org.eclipse.ui.internal.WorkbenchPage.openEditor(WorkbenchPage.java:3077)
	at org.eclipse.ui.ide.IDE.openEditor(IDE.java:546)
	at org.eclipse.ui.ide.IDE.openEditor(IDE.java:506)
	at org.eclipse.jdt.internal.ui.javaeditor.EditorUtility.openInEditor(EditorUtility.java:377)
	at org.eclipse.jdt.internal.ui.javaeditor.EditorUtility.openInSpecificEditor(EditorUtility.java:176)
	at org.eclipse.jdt.internal.ui.javaeditor.EditorUtility.openInEditor(EditorUtility.java:169)
	at org.eclipse.jdt.ui.actions.OpenAction.run(OpenAction.java:288)
	at org.eclipse.jdt.ui.actions.OpenAction.run(OpenAction.java:254)
	at org.eclipse.jdt.ui.actions.SelectionDispatchAction.dispatchRun(SelectionDispatchAction.java:274)
	at org.eclipse.jdt.ui.actions.SelectionDispatchAction.run(SelectionDispatchAction.java:252)
	at org.eclipse.jdt.internal.ui.packageview.PackageExplorerActionGroup.handleOpen(PackageExplorerActionGroup.java:366)
	at org.eclipse.jdt.internal.ui.packageview.PackageExplorerPart$3.open(PackageExplorerPart.java:545)
	at org.eclipse.ui.OpenAndLinkWithEditorHelper$InternalListener.open(OpenAndLinkWithEditorHelper.java:48)
	at org.eclipse.jface.viewers.StructuredViewer$2.run(StructuredViewer.java:799)
	at org.eclipse.core.runtime.SafeRunner.run(SafeRunner.java:47)
	at org.eclipse.jface.util.SafeRunnable.run(SafeRunnable.java:174)
	at org.eclipse.jface.viewers.StructuredViewer.fireOpen(StructuredViewer.java:796)
	at org.eclipse.jface.viewers.StructuredViewer.handleOpen(StructuredViewer.java:1110)
	at org.eclipse.jface.util.OpenStrategy.fireOpenEvent(OpenStrategy.java:295)
	at org.eclipse.jface.util.OpenStrategy$1.handleEvent(OpenStrategy.java:330)
	at org.eclipse.swt.widgets.EventTable.sendEvent(EventTable.java:91)
	at org.eclipse.swt.widgets.Display.sendEvent(Display.java:4321)
	at org.eclipse.swt.widgets.Widget.sendEvent(Widget.java:1208)
	at org.eclipse.swt.widgets.Display.runDeferredEvents(Display.java:4119)
	at org.eclipse.swt.widgets.Display.readAndDispatch(Display.java:3707)
	at org.eclipse.e4.ui.internal.workbench.swt.PartRenderingEngine$5.run(PartRenderingEngine.java:1151)
	at org.eclipse.core.databinding.observable.Realm.runWithDefault(Realm.java:339)
	at org.eclipse.e4.ui.internal.workbench.swt.PartRenderingEngine.run(PartRenderingEngine.java:1042)
	at org.eclipse.e4.ui.internal.workbench.E4Workbench.createAndRunUI(E4Workbench.java:153)
	at org.eclipse.ui.internal.Workbench.lambda$3(Workbench.java:668)
	at org.eclipse.core.databinding.observable.Realm.runWithDefault(Realm.java:339)
	at org.eclipse.ui.internal.Workbench.createAndRunWorkbench(Workbench.java:576)
	at org.eclipse.ui.PlatformUI.createAndRunWorkbench(PlatformUI.java:173)
	at org.eclipse.ui.internal.ide.application.IDEApplication.start(IDEApplication.java:178)
	at org.eclipse.equinox.internal.app.EclipseAppHandle.run(EclipseAppHandle.java:208)
	at org.eclipse.core.runtime.internal.adaptor.EclipseAppLauncher.runApplication(EclipseAppLauncher.java:149)
	at org.eclipse.core.runtime.internal.adaptor.EclipseAppLauncher.start(EclipseAppLauncher.java:115)
	at org.eclipse.core.runtime.adaptor.EclipseStarter.run(EclipseStarter.java:467)
	at org.eclipse.core.runtime.adaptor.EclipseStarter.run(EclipseStarter.java:298)
	at java.base/jdk.internal.reflect.DirectMethodHandleAccessor.invoke(DirectMethodHandleAccessor.java:103)
	at java.base/java.lang.reflect.Method.invoke(Method.java:580)
	at org.eclipse.equinox.launcher.Main.invokeFramework(Main.java:670)
	at org.eclipse.equinox.launcher.Main.basicRun(Main.java:607)
	at org.eclipse.equinox.launcher.Main.run(Main.java:1492)
Caused by: java.lang.VirtualMachineError: Out of space in CodeCache for adapters
	at org.eclipse.wst.sse.core.internal.text.StructuredDocumentReParser._core_reparse_update_model(StructuredDocumentReParser.java:390)
	at org.eclipse.wst.sse.core.internal.text.StructuredDocumentReParser.core_reparse(StructuredDocumentReParser.java:755)
	at org.eclipse.wst.sse.core.internal.text.StructuredDocumentReParser.reparse(StructuredDocumentReParser.java:1403)
	at org.eclipse.wst.sse.core.internal.text.StructuredDocumentReParser.reparse(StructuredDocumentReParser.java:1335)
	at org.eclipse.wst.sse.core.internal.text.BasicStructuredDocument.updateModel(BasicStructuredDocument.java:2716)
	at org.eclipse.wst.sse.core.internal.text.BasicStructuredDocument.internalReplaceText(BasicStructuredDocument.java:1927)
	at org.eclipse.wst.sse.core.internal.text.BasicStructuredDocument.replaceText(BasicStructuredDocument.java:2426)
	at org.eclipse.wst.sse.core.internal.text.BasicStructuredDocument.set(BasicStructuredDocument.java:2937)
	at org.eclipse.core.internal.filebuffers.ResourceTextFileBuffer.setDocumentContent(ResourceTextFileBuffer.java:493)
	at org.eclipse.core.internal.filebuffers.ResourceTextFileBuffer.initializeFileBufferContent(ResourceTextFileBuffer.java:236)
	at org.eclipse.core.internal.filebuffers.ResourceFileBuffer.create(ResourceFileBuffer.java:247)
	at org.eclipse.core.internal.filebuffers.TextFileBufferManager.connect(TextFileBufferManager.java:116)
	at org.eclipse.ui.editors.text.TextFileDocumentProvider.createFileInfo(TextFileDocumentProvider.java:565)
	at org.eclipse.ui.editors.text.TextFileDocumentProvider.connect(TextFileDocumentProvider.java:481)
	at org.eclipse.ui.texteditor.AbstractTextEditor.doSetInput(AbstractTextEditor.java:4188)
	at org.eclipse.ui.texteditor.StatusTextEditor.doSetInput(StatusTextEditor.java:262)
	at org.eclipse.ui.texteditor.AbstractDecoratedTextEditor.doSetInput(AbstractDecoratedTextEditor.java:1526)
	at org.eclipse.ui.editors.text.TextEditor.doSetInput(TextEditor.java:153)
	at org.eclipse.ui.internal.genericeditor.ExtensionBasedTextEditor.doSetInput(ExtensionBasedTextEditor.java:92)
	at org.eclipse.ui.texteditor.AbstractTextEditor.lambda$1(AbstractTextEditor.java:3172)
	at org.eclipse.jface.operation.ModalContext.runInCurrentThread(ModalContext.java:434)
	at org.eclipse.jface.operation.ModalContext.run(ModalContext.java:354)
	at org.eclipse.ui.internal.WorkbenchWindow.lambda$7(WorkbenchWindow.java:2335)
	at org.eclipse.swt.custom.BusyIndicator.showWhile(BusyIndicator.java:67)
	at org.eclipse.ui.internal.WorkbenchWindow.run(WorkbenchWindow.java:2332)
	at org.eclipse.ui.texteditor.AbstractTextEditor.internalInit(AbstractTextEditor.java:3189)
	... 106 common frames omitted
2026-02-26 09:52:59,922 [Worker-6: Loading available Gradle versions] INFO  o.e.b.c.i.u.g.PublishedGradleVersions - Gradle version information cache is up-to-date. Trying to read.
2026-02-26 09:53:17,156 [Worker-16: ビルド] INFO  o.e.m.c.i.e.AbstractTransferListenerAdapter - Downloading https://repo.maven.apache.org/maven2/org/springframework/boot/spring-boot-starter-validation/4.0.3/spring-boot-starter-validation-4.0.3.pom
2026-02-26 09:53:17,199 [Worker-16: ビルド] INFO  o.e.m.c.i.e.AbstractTransferListenerAdapter - Downloaded https://repo.maven.apache.org/maven2/org/springframework/boot/spring-boot-starter-validation/4.0.3/spring-boot-starter-validation-4.0.3.pom
2026-02-26 09:53:17,239 [Worker-16: ビルド] INFO  o.e.m.c.i.e.AbstractTransferListenerAdapter - Downloading https://repo.maven.apache.org/maven2/org/springframework/boot/spring-boot-validation/4.0.3/spring-boot-validation-4.0.3.pom
2026-02-26 09:53:17,271 [Worker-16: ビルド] INFO  o.e.m.c.i.e.AbstractTransferListenerAdapter - Downloaded https://repo.maven.apache.org/maven2/org/springframework/boot/spring-boot-validation/4.0.3/spring-boot-validation-4.0.3.pom
2026-02-26 09:53:17,337 [Worker-16: ビルド] INFO  o.e.m.c.i.e.AbstractTransferListenerAdapter - Downloading https://repo.maven.apache.org/maven2/org/hibernate/validator/hibernate-validator/9.0.1.Final/hibernate-validator-9.0.1.Final.pom
2026-02-26 09:53:17,369 [Worker-16: ビルド] INFO  o.e.m.c.i.e.AbstractTransferListenerAdapter - Downloaded https://repo.maven.apache.org/maven2/org/hibernate/validator/hibernate-validator/9.0.1.Final/hibernate-validator-9.0.1.Final.pom
2026-02-26 09:53:17,409 [Worker-16: ビルド] INFO  o.e.m.c.i.e.AbstractTransferListenerAdapter - Downloading https://repo.maven.apache.org/maven2/jakarta/validation/jakarta.validation-api/3.1.1/jakarta.validation-api-3.1.1.pom
2026-02-26 09:53:17,443 [Worker-16: ビルド] INFO  o.e.m.c.i.e.AbstractTransferListenerAdapter - Downloaded https://repo.maven.apache.org/maven2/jakarta/validation/jakarta.validation-api/3.1.1/jakarta.validation-api-3.1.1.pom
2026-02-26 09:53:19,627 [Worker-16: ビルド] INFO  o.e.m.c.i.e.AbstractTransferListenerAdapter - Downloading https://repo.maven.apache.org/maven2/org/springframework/boot/spring-boot-starter-validation/4.0.3/spring-boot-starter-validation-4.0.3.jar
2026-02-26 09:53:19,673 [Worker-16: ビルド] INFO  o.e.m.c.i.e.AbstractTransferListenerAdapter - Downloaded https://repo.maven.apache.org/maven2/org/springframework/boot/spring-boot-starter-validation/4.0.3/spring-boot-starter-validation-4.0.3.jar
2026-02-26 09:53:19,707 [BasicRepositoryConnector-repo.maven.apache.org-0-0] INFO  o.e.m.c.i.e.AbstractTransferListenerAdapter - Downloading https://repo.maven.apache.org/maven2/org/springframework/boot/spring-boot-validation/4.0.3/spring-boot-validation-4.0.3.jar
2026-02-26 09:53:19,753 [BasicRepositoryConnector-repo.maven.apache.org-0-2] INFO  o.e.m.c.i.e.AbstractTransferListenerAdapter - Downloading https://repo.maven.apache.org/maven2/jakarta/validation/jakarta.validation-api/3.1.1/jakarta.validation-api-3.1.1.jar
2026-02-26 09:53:19,757 [BasicRepositoryConnector-repo.maven.apache.org-0-1] INFO  o.e.m.c.i.e.AbstractTransferListenerAdapter - Downloading https://repo.maven.apache.org/maven2/org/hibernate/validator/hibernate-validator/9.0.1.Final/hibernate-validator-9.0.1.Final.jar
2026-02-26 09:53:19,814 [BasicRepositoryConnector-repo.maven.apache.org-0-2] INFO  o.e.m.c.i.e.AbstractTransferListenerAdapter - Downloaded https://repo.maven.apache.org/maven2/jakarta/validation/jakarta.validation-api/3.1.1/jakarta.validation-api-3.1.1.jar
2026-02-26 09:53:19,908 [BasicRepositoryConnector-repo.maven.apache.org-0-1] INFO  o.e.m.c.i.e.AbstractTransferListenerAdapter - Downloaded https://repo.maven.apache.org/maven2/org/hibernate/validator/hibernate-validator/9.0.1.Final/hibernate-validator-9.0.1.Final.jar
2026-02-26 09:53:19,967 [BasicRepositoryConnector-repo.maven.apache.org-0-0] INFO  o.e.m.c.i.e.AbstractTransferListenerAdapter - Downloaded https://repo.maven.apache.org/maven2/org/springframework/boot/spring-boot-validation/4.0.3/spring-boot-validation-4.0.3.jar
2026-02-26 09:53:22,280 [Worker-16: ビルド] INFO  o.e.m.c.i.l.LifecycleMappingFactory - Using org.maven.ide.eclipse.wtp.WarLifecycleMapping lifecycle mapping for MavenProject: com.example:demo:0.0.1-SNAPSHOT @ C:\springDemo\demo\pom.xml.
2026-02-26 09:53:23,971 [Worker-16: ビルド] INFO  o.a.m.s.f.DefaultMavenResourcesFiltering - Copying 1 resource from src\main\resources to target\classes
2026-02-26 09:53:23,986 [Worker-16: ビルド] INFO  o.a.m.s.f.DefaultMavenResourcesFiltering - Copying 5 resources from src\main\resources to target\classes
2026-02-26 09:53:24,001 [Worker-16: ビルド] INFO  o.a.m.s.f.DefaultMavenResourcesFiltering - skip non existing resourceDirectory C:\springDemo\demo\src\test\resources
2026-02-26 09:53:24,823 [Worker-23: ソースおよび Javadoc のダウンロード] INFO  o.e.m.c.i.e.AbstractTransferListenerAdapter - Downloading https://repo.maven.apache.org/maven2/org/springframework/boot/spring-boot-starter-validation/4.0.3/spring-boot-starter-validation-4.0.3-sources.jar
2026-02-26 09:53:24,831 [Worker-23: ソースおよび Javadoc のダウンロード] INFO  o.e.m.c.i.e.AbstractTransferListenerAdapter - Downloaded https://repo.maven.apache.org/maven2/org/springframework/boot/spring-boot-starter-validation/4.0.3/spring-boot-starter-validation-4.0.3-sources.jar
2026-02-26 09:53:24,836 [Worker-23: ソースおよび Javadoc のダウンロード] INFO  o.e.m.j.internal.DownloadSourcesJob - Downloaded sources for org.springframework.boot:spring-boot-starter-validation:4.0.3
2026-02-26 09:53:24,909 [Worker-23: ソースおよび Javadoc のダウンロード] INFO  o.e.m.c.i.e.AbstractTransferListenerAdapter - Downloading https://repo.maven.apache.org/maven2/org/springframework/boot/spring-boot-validation/4.0.3/spring-boot-validation-4.0.3-sources.jar
2026-02-26 09:53:25,161 [Worker-23: ソースおよび Javadoc のダウンロード] INFO  o.e.m.c.i.e.AbstractTransferListenerAdapter - Downloaded https://repo.maven.apache.org/maven2/org/springframework/boot/spring-boot-validation/4.0.3/spring-boot-validation-4.0.3-sources.jar
2026-02-26 09:53:25,167 [Worker-23: ソースおよび Javadoc のダウンロード] INFO  o.e.m.j.internal.DownloadSourcesJob - Downloaded sources for org.springframework.boot:spring-boot-validation:4.0.3
2026-02-26 09:53:25,240 [Worker-23: ソースおよび Javadoc のダウンロード] INFO  o.e.m.c.i.e.AbstractTransferListenerAdapter - Downloading https://repo.maven.apache.org/maven2/org/hibernate/validator/hibernate-validator/9.0.1.Final/hibernate-validator-9.0.1.Final-sources.jar
2026-02-26 09:53:25,378 [Worker-23: ソースおよび Javadoc のダウンロード] INFO  o.e.m.c.i.e.AbstractTransferListenerAdapter - Downloaded https://repo.maven.apache.org/maven2/org/hibernate/validator/hibernate-validator/9.0.1.Final/hibernate-validator-9.0.1.Final-sources.jar
2026-02-26 09:53:25,383 [Worker-23: ソースおよび Javadoc のダウンロード] INFO  o.e.m.j.internal.DownloadSourcesJob - Downloaded sources for org.hibernate.validator:hibernate-validator:9.0.1.Final
2026-02-26 09:53:25,457 [Worker-23: ソースおよび Javadoc のダウンロード] INFO  o.e.m.c.i.e.AbstractTransferListenerAdapter - Downloading https://repo.maven.apache.org/maven2/jakarta/validation/jakarta.validation-api/3.1.1/jakarta.validation-api-3.1.1-sources.jar
2026-02-26 09:53:25,518 [Worker-23: ソースおよび Javadoc のダウンロード] INFO  o.e.m.c.i.e.AbstractTransferListenerAdapter - Downloaded https://repo.maven.apache.org/maven2/jakarta/validation/jakarta.validation-api/3.1.1/jakarta.validation-api-3.1.1-sources.jar
2026-02-26 09:53:25,525 [Worker-23: ソースおよび Javadoc のダウンロード] INFO  o.e.m.j.internal.DownloadSourcesJob - Downloaded sources for jakarta.validation:jakarta.validation-api:3.1.1
2026-02-26 09:54:14,654 [Worker-15: ビルド] INFO  o.a.m.s.f.DefaultMavenResourcesFiltering - Copying 1 resource from src\main\resources to target\classes
2026-02-26 09:54:14,660 [Worker-15: ビルド] INFO  o.a.m.s.f.DefaultMavenResourcesFiltering - Copying 5 resources from src\main\resources to target\classes
2026-02-26 09:54:14,664 [Worker-15: ビルド] INFO  o.a.m.s.f.DefaultMavenResourcesFiltering - skip non existing resourceDirectory C:\springDemo\demo\src\test\resources
2026-02-26 09:54:38,736 [Worker-11: ビルド] INFO  o.a.m.s.f.DefaultMavenResourcesFiltering - Copying 1 resource from src\main\resources to target\classes
2026-02-26 09:54:38,739 [Worker-11: ビルド] INFO  o.a.m.s.f.DefaultMavenResourcesFiltering - Copying 5 resources from src\main\resources to target\classes
2026-02-26 09:54:38,744 [Worker-11: ビルド] INFO  o.a.m.s.f.DefaultMavenResourcesFiltering - skip non existing resourceDirectory C:\springDemo\demo\src\test\resources
2026-02-26 09:58:06,663 [Worker-9: ビルド] INFO  o.a.m.s.f.DefaultMavenResourcesFiltering - Copying 1 resource from src\main\resources to target\classes
2026-02-26 09:58:06,668 [Worker-9: ビルド] INFO  o.a.m.s.f.DefaultMavenResourcesFiltering - Copying 5 resources from src\main\resources to target\classes
2026-02-26 09:58:06,672 [Worker-9: ビルド] INFO  o.a.m.s.f.DefaultMavenResourcesFiltering - skip non existing resourceDirectory C:\springDemo\demo\src\test\resources
2026-02-26 09:58:30,521 [Worker-14: ビルド] INFO  o.a.m.s.f.DefaultMavenResourcesFiltering - Copying 1 resource from src\main\resources to target\classes
2026-02-26 09:58:30,526 [Worker-14: ビルド] INFO  o.a.m.s.f.DefaultMavenResourcesFiltering - Copying 5 resources from src\main\resources to target\classes
2026-02-26 09:58:30,529 [Worker-14: ビルド] INFO  o.a.m.s.f.DefaultMavenResourcesFiltering - skip non existing resourceDirectory C:\springDemo\demo\src\test\resources
2026-02-26 10:00:16,285 [Worker-19: demo - DemoApplication の起動] INFO  o.a.m.s.f.DefaultMavenResourcesFiltering - Copying 0 resource from src\main\resources to target\classes
2026-02-26 10:00:16,289 [Worker-19: demo - DemoApplication の起動] INFO  o.a.m.s.f.DefaultMavenResourcesFiltering - Copying 1 resource from src\main\resources to target\classes
2026-02-26 10:00:16,294 [Worker-19: demo - DemoApplication の起動] INFO  o.a.m.s.f.DefaultMavenResourcesFiltering - skip non existing resourceDirectory C:\springDemo\demo\src\test\resources
2026-02-26 10:05:47,321 [Worker-22: ビルド] INFO  o.a.m.s.f.DefaultMavenResourcesFiltering - Copying 0 resource from src\main\resources to target\classes
2026-02-26 10:05:47,323 [Worker-22: ビルド] INFO  o.a.m.s.f.DefaultMavenResourcesFiltering - Copying 1 resource from src\main\resources to target\classes
2026-02-26 10:05:47,328 [Worker-22: ビルド] INFO  o.a.m.s.f.DefaultMavenResourcesFiltering - skip non existing resourceDirectory C:\springDemo\demo\src\test\resources
2026-02-26 10:11:50,506 [Worker-13: ビルド] INFO  o.a.m.s.f.DefaultMavenResourcesFiltering - Copying 0 resource from src\main\resources to target\classes
2026-02-26 10:11:50,507 [Worker-13: ビルド] INFO  o.a.m.s.f.DefaultMavenResourcesFiltering - Copying 1 resource from src\main\resources to target\classes
2026-02-26 10:11:50,512 [Worker-13: ビルド] INFO  o.a.m.s.f.DefaultMavenResourcesFiltering - skip non existing resourceDirectory C:\springDemo\demo\src\test\resources
2026-02-26 10:14:02,416 [Worker-13: ビルド] INFO  o.a.m.s.f.DefaultMavenResourcesFiltering - Copying 0 resource from src\main\resources to target\classes
2026-02-26 10:14:02,418 [Worker-13: ビルド] INFO  o.a.m.s.f.DefaultMavenResourcesFiltering - Copying 1 resource from src\main\resources to target\classes
2026-02-26 10:14:02,424 [Worker-13: ビルド] INFO  o.a.m.s.f.DefaultMavenResourcesFiltering - skip non existing resourceDirectory C:\springDemo\demo\src\test\resources
2026-02-26 10:14:15,061 [Worker-1: ビルド] INFO  o.a.m.s.f.DefaultMavenResourcesFiltering - Copying 0 resource from src\main\resources to target\classes
2026-02-26 10:14:15,062 [Worker-1: ビルド] INFO  o.a.m.s.f.DefaultMavenResourcesFiltering - Copying 1 resource from src\main\resources to target\classes
2026-02-26 10:14:15,067 [Worker-1: ビルド] INFO  o.a.m.s.f.DefaultMavenResourcesFiltering - skip non existing resourceDirectory C:\springDemo\demo\src\test\resources
2026-02-26 10:19:13,150 [Worker-11: ビルド] INFO  o.a.m.s.f.DefaultMavenResourcesFiltering - Copying 1 resource from src\main\resources to target\classes
2026-02-26 10:19:13,155 [Worker-11: ビルド] INFO  o.a.m.s.f.DefaultMavenResourcesFiltering - Copying 5 resources from src\main\resources to target\classes
2026-02-26 10:19:13,159 [Worker-11: ビルド] INFO  o.a.m.s.f.DefaultMavenResourcesFiltering - skip non existing resourceDirectory C:\springDemo\demo\src\test\resources
2026-02-26 10:19:34,216 [Worker-21: ビルド] INFO  o.a.m.s.f.DefaultMavenResourcesFiltering - Copying 1 resource from src\main\resources to target\classes
2026-02-26 10:19:34,234 [Worker-21: ビルド] INFO  o.a.m.s.f.DefaultMavenResourcesFiltering - Copying 5 resources from src\main\resources to target\classes
2026-02-26 10:19:34,238 [Worker-21: ビルド] INFO  o.a.m.s.f.DefaultMavenResourcesFiltering - skip non existing resourceDirectory C:\springDemo\demo\src\test\resources
2026-02-26 10:23:22,948 [Worker-0: ビルド] INFO  o.a.m.s.f.DefaultMavenResourcesFiltering - Copying 1 resource from src\main\resources to target\classes
2026-02-26 10:23:22,953 [Worker-0: ビルド] INFO  o.a.m.s.f.DefaultMavenResourcesFiltering - Copying 5 resources from src\main\resources to target\classes
2026-02-26 10:23:22,957 [Worker-0: ビルド] INFO  o.a.m.s.f.DefaultMavenResourcesFiltering - skip non existing resourceDirectory C:\springDemo\demo\src\test\resources
2026-02-26 10:49:02,767 [Worker-1: ビルド] INFO  o.a.m.s.f.DefaultMavenResourcesFiltering - Copying 0 resource from src\main\resources to target\classes
2026-02-26 10:49:02,770 [Worker-1: ビルド] INFO  o.a.m.s.f.DefaultMavenResourcesFiltering - Copying 1 resource from src\main\resources to target\classes
2026-02-26 10:49:02,777 [Worker-1: ビルド] INFO  o.a.m.s.f.DefaultMavenResourcesFiltering - skip non existing resourceDirectory C:\springDemo\demo\src\test\resources
2026-02-26 10:50:39,354 [Worker-25: ビルド] INFO  o.a.m.s.f.DefaultMavenResourcesFiltering - Copying 0 resource from src\main\resources to target\classes
2026-02-26 10:50:39,357 [Worker-25: ビルド] INFO  o.a.m.s.f.DefaultMavenResourcesFiltering - Copying 1 resource from src\main\resources to target\classes
2026-02-26 10:50:39,362 [Worker-25: ビルド] INFO  o.a.m.s.f.DefaultMavenResourcesFiltering - skip non existing resourceDirectory C:\springDemo\demo\src\test\resources
2026-02-26 11:10:31,332 [Worker-26: ビルド] INFO  o.a.m.s.f.DefaultMavenResourcesFiltering - Copying 0 resource from src\main\resources to target\classes
2026-02-26 11:10:31,339 [Worker-26: ビルド] INFO  o.a.m.s.f.DefaultMavenResourcesFiltering - Copying 1 resource from src\main\resources to target\classes
2026-02-26 11:10:31,353 [Worker-26: ビルド] INFO  o.a.m.s.f.DefaultMavenResourcesFiltering - skip non existing resourceDirectory C:\springDemo\demo\src\test\resources
2026-02-26 11:11:24,488 [Worker-22: ビルド] INFO  o.a.m.s.f.DefaultMavenResourcesFiltering - Copying 1 resource from src\main\resources to target\classes
2026-02-26 11:11:24,497 [Worker-22: ビルド] INFO  o.a.m.s.f.DefaultMavenResourcesFiltering - Copying 6 resources from src\main\resources to target\classes
2026-02-26 11:11:24,508 [Worker-22: ビルド] INFO  o.a.m.s.f.DefaultMavenResourcesFiltering - skip non existing resourceDirectory C:\springDemo\demo\src\test\resources
2026-02-26 11:11:49,153 [Worker-22: ビルド] INFO  o.a.m.s.f.DefaultMavenResourcesFiltering - Copying 1 resource from src\main\resources to target\classes
2026-02-26 11:11:49,160 [Worker-22: ビルド] INFO  o.a.m.s.f.DefaultMavenResourcesFiltering - Copying 6 resources from src\main\resources to target\classes
2026-02-26 11:11:49,166 [Worker-22: ビルド] INFO  o.a.m.s.f.DefaultMavenResourcesFiltering - skip non existing resourceDirectory C:\springDemo\demo\src\test\resources
2026-02-26 11:12:34,704 [Worker-22: ビルド] INFO  o.a.m.s.f.DefaultMavenResourcesFiltering - Copying 1 resource from src\main\resources to target\classes
2026-02-26 11:12:34,708 [Worker-22: ビルド] INFO  o.a.m.s.f.DefaultMavenResourcesFiltering - Copying 6 resources from src\main\resources to target\classes
2026-02-26 11:12:34,715 [Worker-22: ビルド] INFO  o.a.m.s.f.DefaultMavenResourcesFiltering - skip non existing resourceDirectory C:\springDemo\demo\src\test\resources
2026-02-26 11:12:43,086 [Worker-22: ビルド] INFO  o.a.m.s.f.DefaultMavenResourcesFiltering - Copying 1 resource from src\main\resources to target\classes
2026-02-26 11:12:43,090 [Worker-22: ビルド] INFO  o.a.m.s.f.DefaultMavenResourcesFiltering - Copying 6 resources from src\main\resources to target\classes
2026-02-26 11:12:43,096 [Worker-22: ビルド] INFO  o.a.m.s.f.DefaultMavenResourcesFiltering - skip non existing resourceDirectory C:\springDemo\demo\src\test\resources
2026-02-26 11:13:21,405 [Worker-26: ビルド] INFO  o.a.m.s.f.DefaultMavenResourcesFiltering - Copying 1 resource from src\main\resources to target\classes
2026-02-26 11:13:21,410 [Worker-26: ビルド] INFO  o.a.m.s.f.DefaultMavenResourcesFiltering - Copying 6 resources from src\main\resources to target\classes
2026-02-26 11:13:21,414 [Worker-26: ビルド] INFO  o.a.m.s.f.DefaultMavenResourcesFiltering - skip non existing resourceDirectory C:\springDemo\demo\src\test\resources
2026-02-26 11:13:50,775 [Worker-26: ビルド] INFO  o.a.m.s.f.DefaultMavenResourcesFiltering - Copying 1 resource from src\main\resources to target\classes
2026-02-26 11:13:50,785 [Worker-26: ビルド] INFO  o.a.m.s.f.DefaultMavenResourcesFiltering - Copying 6 resources from src\main\resources to target\classes
2026-02-26 11:13:50,791 [Worker-26: ビルド] INFO  o.a.m.s.f.DefaultMavenResourcesFiltering - skip non existing resourceDirectory C:\springDemo\demo\src\test\resources
2026-02-26 11:18:36,405 [Worker-22: ビルド] INFO  o.a.m.s.f.DefaultMavenResourcesFiltering - Copying 1 resource from src\main\resources to target\classes
2026-02-26 11:18:36,410 [Worker-22: ビルド] INFO  o.a.m.s.f.DefaultMavenResourcesFiltering - Copying 6 resources from src\main\resources to target\classes
2026-02-26 11:18:36,418 [Worker-22: ビルド] INFO  o.a.m.s.f.DefaultMavenResourcesFiltering - skip non existing resourceDirectory C:\springDemo\demo\src\test\resources
2026-02-26 11:29:22,365 [Worker-10: ビルド] INFO  o.a.m.s.f.DefaultMavenResourcesFiltering - Copying 1 resource from src\main\resources to target\classes
2026-02-26 11:29:22,373 [Worker-10: ビルド] INFO  o.a.m.s.f.DefaultMavenResourcesFiltering - Copying 6 resources from src\main\resources to target\classes
2026-02-26 11:29:22,382 [Worker-10: ビルド] INFO  o.a.m.s.f.DefaultMavenResourcesFiltering - skip non existing resourceDirectory C:\springDemo\demo\src\test\resources
2026-02-26 11:30:35,384 [Worker-10: ビルド] INFO  o.a.m.s.f.DefaultMavenResourcesFiltering - Copying 1 resource from src\main\resources to target\classes
2026-02-26 11:30:35,387 [Worker-10: ビルド] INFO  o.a.m.s.f.DefaultMavenResourcesFiltering - Copying 6 resources from src\main\resources to target\classes
2026-02-26 11:30:35,393 [Worker-10: ビルド] INFO  o.a.m.s.f.DefaultMavenResourcesFiltering - skip non existing resourceDirectory C:\springDemo\demo\src\test\resources
2026-02-26 11:43:06,715 [Worker-25: ビルド] INFO  o.a.m.s.f.DefaultMavenResourcesFiltering - Copying 1 resource from src\main\resources to target\classes
2026-02-26 11:43:06,723 [Worker-25: ビルド] INFO  o.a.m.s.f.DefaultMavenResourcesFiltering - Copying 6 resources from src\main\resources to target\classes
2026-02-26 11:43:06,733 [Worker-25: ビルド] INFO  o.a.m.s.f.DefaultMavenResourcesFiltering - skip non existing resourceDirectory C:\springDemo\demo\src\test\resources
2026-02-26 11:44:04,522 [Worker-22: ビルド] INFO  o.a.m.s.f.DefaultMavenResourcesFiltering - Copying 1 resource from src\main\resources to target\classes
2026-02-26 11:44:04,551 [Worker-22: ビルド] INFO  o.a.m.s.f.DefaultMavenResourcesFiltering - Copying 6 resources from src\main\resources to target\classes
2026-02-26 11:44:04,558 [Worker-22: ビルド] INFO  o.a.m.s.f.DefaultMavenResourcesFiltering - skip non existing resourceDirectory C:\springDemo\demo\src\test\resources
2026-02-26 11:44:16,753 [Worker-27: ビルド] INFO  o.a.m.s.f.DefaultMavenResourcesFiltering - Copying 1 resource from src\main\resources to target\classes
2026-02-26 11:44:16,757 [Worker-27: ビルド] INFO  o.a.m.s.f.DefaultMavenResourcesFiltering - Copying 6 resources from src\main\resources to target\classes
2026-02-26 11:44:16,763 [Worker-27: ビルド] INFO  o.a.m.s.f.DefaultMavenResourcesFiltering - skip non existing resourceDirectory C:\springDemo\demo\src\test\resources
2026-02-26 11:48:59,204 [Worker-1: ビルド] INFO  o.a.m.s.f.DefaultMavenResourcesFiltering - Copying 1 resource from src\main\resources to target\classes
2026-02-26 11:48:59,209 [Worker-1: ビルド] INFO  o.a.m.s.f.DefaultMavenResourcesFiltering - Copying 6 resources from src\main\resources to target\classes
2026-02-26 11:48:59,213 [Worker-1: ビルド] INFO  o.a.m.s.f.DefaultMavenResourcesFiltering - skip non existing resourceDirectory C:\springDemo\demo\src\test\resources
2026-02-26 11:49:01,989 [Worker-25: ビルド] INFO  o.a.m.s.f.DefaultMavenResourcesFiltering - Copying 1 resource from src\main\resources to target\classes
2026-02-26 11:49:01,994 [Worker-25: ビルド] INFO  o.a.m.s.f.DefaultMavenResourcesFiltering - Copying 6 resources from src\main\resources to target\classes
2026-02-26 11:49:02,000 [Worker-25: ビルド] INFO  o.a.m.s.f.DefaultMavenResourcesFiltering - skip non existing resourceDirectory C:\springDemo\demo\src\test\resources
2026-02-26 11:51:11,341 [Worker-1: ビルド] INFO  o.a.m.s.f.DefaultMavenResourcesFiltering - Copying 1 resource from src\main\resources to target\classes
2026-02-26 11:51:11,355 [Worker-1: ビルド] INFO  o.a.m.s.f.DefaultMavenResourcesFiltering - Copying 6 resources from src\main\resources to target\classes
2026-02-26 11:51:11,361 [Worker-1: ビルド] INFO  o.a.m.s.f.DefaultMavenResourcesFiltering - skip non existing resourceDirectory C:\springDemo\demo\src\test\resources
2026-02-26 11:52:16,868 [Worker-1: ビルド] INFO  o.a.m.s.f.DefaultMavenResourcesFiltering - Copying 1 resource from src\main\resources to target\classes
2026-02-26 11:52:16,872 [Worker-1: ビルド] INFO  o.a.m.s.f.DefaultMavenResourcesFiltering - Copying 6 resources from src\main\resources to target\classes
2026-02-26 11:52:16,877 [Worker-1: ビルド] INFO  o.a.m.s.f.DefaultMavenResourcesFiltering - skip non existing resourceDirectory C:\springDemo\demo\src\test\resources
2026-02-26 11:53:55,790 [Worker-10: ビルド] INFO  o.a.m.s.f.DefaultMavenResourcesFiltering - Copying 1 resource from src\main\resources to target\classes
2026-02-26 11:53:55,794 [Worker-10: ビルド] INFO  o.a.m.s.f.DefaultMavenResourcesFiltering - Copying 6 resources from src\main\resources to target\classes
2026-02-26 11:53:55,800 [Worker-10: ビルド] INFO  o.a.m.s.f.DefaultMavenResourcesFiltering - skip non existing resourceDirectory C:\springDemo\demo\src\test\resources
2026-02-26 11:56:33,498 [Worker-24: ビルド] INFO  o.a.m.s.f.DefaultMavenResourcesFiltering - Copying 1 resource from src\main\resources to target\classes
2026-02-26 11:56:33,510 [Worker-24: ビルド] INFO  o.a.m.s.f.DefaultMavenResourcesFiltering - Copying 6 resources from src\main\resources to target\classes
2026-02-26 11:56:33,515 [Worker-24: ビルド] INFO  o.a.m.s.f.DefaultMavenResourcesFiltering - skip non existing resourceDirectory C:\springDemo\demo\src\test\resources
2026-02-26 11:56:49,429 [Worker-1: ビルド] INFO  o.a.m.s.f.DefaultMavenResourcesFiltering - Copying 1 resource from src\main\resources to target\classes
2026-02-26 11:56:49,431 [Worker-1: ビルド] INFO  o.a.m.s.f.DefaultMavenResourcesFiltering - Copying 6 resources from src\main\resources to target\classes
2026-02-26 11:56:49,436 [Worker-1: ビルド] INFO  o.a.m.s.f.DefaultMavenResourcesFiltering - skip non existing resourceDirectory C:\springDemo\demo\src\test\resources
2026-02-26 11:59:51,310 [Worker-22: ビルド] INFO  o.a.m.s.f.DefaultMavenResourcesFiltering - Copying 1 resource from src\main\resources to target\classes
2026-02-26 11:59:51,314 [Worker-22: ビルド] INFO  o.a.m.s.f.DefaultMavenResourcesFiltering - Copying 6 resources from src\main\resources to target\classes
2026-02-26 11:59:51,318 [Worker-22: ビルド] INFO  o.a.m.s.f.DefaultMavenResourcesFiltering - skip non existing resourceDirectory C:\springDemo\demo\src\test\resources
2026-02-26 12:03:42,738 [Worker-25: ビルド] INFO  o.a.m.s.f.DefaultMavenResourcesFiltering - Copying 1 resource from src\main\resources to target\classes
2026-02-26 12:03:42,744 [Worker-25: ビルド] INFO  o.a.m.s.f.DefaultMavenResourcesFiltering - Copying 6 resources from src\main\resources to target\classes
2026-02-26 12:03:42,749 [Worker-25: ビルド] INFO  o.a.m.s.f.DefaultMavenResourcesFiltering - skip non existing resourceDirectory C:\springDemo\demo\src\test\resources
2026-02-26 12:08:37,407 [Worker-27: ビルド] INFO  o.a.m.s.f.DefaultMavenResourcesFiltering - Copying 1 resource from src\main\resources to target\classes
2026-02-26 12:08:37,411 [Worker-27: ビルド] INFO  o.a.m.s.f.DefaultMavenResourcesFiltering - Copying 6 resources from src\main\resources to target\classes
2026-02-26 12:08:37,416 [Worker-27: ビルド] INFO  o.a.m.s.f.DefaultMavenResourcesFiltering - skip non existing resourceDirectory C:\springDemo\demo\src\test\resources
2026-02-26 12:09:08,969 [Worker-26: ビルド] INFO  o.a.m.s.f.DefaultMavenResourcesFiltering - Copying 1 resource from src\main\resources to target\classes
2026-02-26 12:09:08,973 [Worker-26: ビルド] INFO  o.a.m.s.f.DefaultMavenResourcesFiltering - Copying 6 resources from src\main\resources to target\classes
2026-02-26 12:09:08,978 [Worker-26: ビルド] INFO  o.a.m.s.f.DefaultMavenResourcesFiltering - skip non existing resourceDirectory C:\springDemo\demo\src\test\resources
2026-02-26 12:14:23,206 [Worker-26: ビルド] INFO  o.a.m.s.f.DefaultMavenResourcesFiltering - Copying 0 resource from src\main\resources to target\classes
2026-02-26 12:14:23,209 [Worker-26: ビルド] INFO  o.a.m.s.f.DefaultMavenResourcesFiltering - Copying 1 resource from src\main\resources to target\classes
2026-02-26 12:14:23,217 [Worker-26: ビルド] INFO  o.a.m.s.f.DefaultMavenResourcesFiltering - skip non existing resourceDirectory C:\springDemo\demo\src\test\resources
2026-02-26 12:14:41,948 [Worker-24: ビルド] INFO  o.a.m.s.f.DefaultMavenResourcesFiltering - Copying 0 resource from src\main\resources to target\classes
2026-02-26 12:14:41,949 [Worker-24: ビルド] INFO  o.a.m.s.f.DefaultMavenResourcesFiltering - Copying 1 resource from src\main\resources to target\classes
2026-02-26 12:14:41,955 [Worker-24: ビルド] INFO  o.a.m.s.f.DefaultMavenResourcesFiltering - skip non existing resourceDirectory C:\springDemo\demo\src\test\resources
2026-02-26 12:14:56,496 [Worker-24: ビルド] INFO  o.a.m.s.f.DefaultMavenResourcesFiltering - Copying 0 resource from src\main\resources to target\classes
2026-02-26 12:14:56,499 [Worker-24: ビルド] INFO  o.a.m.s.f.DefaultMavenResourcesFiltering - Copying 1 resource from src\main\resources to target\classes
2026-02-26 12:14:56,505 [Worker-24: ビルド] INFO  o.a.m.s.f.DefaultMavenResourcesFiltering - skip non existing resourceDirectory C:\springDemo\demo\src\test\resources
2026-02-26 12:15:15,650 [Worker-19: ビルド] INFO  o.a.m.s.f.DefaultMavenResourcesFiltering - Copying 0 resource from src\main\resources to target\classes
2026-02-26 12:15:15,652 [Worker-19: ビルド] INFO  o.a.m.s.f.DefaultMavenResourcesFiltering - Copying 1 resource from src\main\resources to target\classes
2026-02-26 12:15:15,659 [Worker-19: ビルド] INFO  o.a.m.s.f.DefaultMavenResourcesFiltering - skip non existing resourceDirectory C:\springDemo\demo\src\test\resources
2026-02-26 12:23:24,805 [Worker-1: ビルド] INFO  o.a.m.s.f.DefaultMavenResourcesFiltering - Copying 0 resource from src\main\resources to target\classes
2026-02-26 12:23:24,807 [Worker-1: ビルド] INFO  o.a.m.s.f.DefaultMavenResourcesFiltering - Copying 1 resource from src\main\resources to target\classes
2026-02-26 12:23:24,813 [Worker-1: ビルド] INFO  o.a.m.s.f.DefaultMavenResourcesFiltering - skip non existing resourceDirectory C:\springDemo\demo\src\test\resources
2026-02-26 12:28:25,813 [Worker-27: ビルド] INFO  o.a.m.s.f.DefaultMavenResourcesFiltering - Copying 0 resource from src\main\resources to target\classes
2026-02-26 12:28:25,815 [Worker-27: ビルド] INFO  o.a.m.s.f.DefaultMavenResourcesFiltering - Copying 1 resource from src\main\resources to target\classes
2026-02-26 12:28:25,821 [Worker-27: ビルド] INFO  o.a.m.s.f.DefaultMavenResourcesFiltering - skip non existing resourceDirectory C:\springDemo\demo\src\test\resources
2026-02-26 12:29:03,629 [Worker-12: ビルド] INFO  o.a.m.s.f.DefaultMavenResourcesFiltering - Copying 1 resource from src\main\resources to target\classes
2026-02-26 12:29:03,633 [Worker-12: ビルド] INFO  o.a.m.s.f.DefaultMavenResourcesFiltering - Copying 6 resources from src\main\resources to target\classes
2026-02-26 12:29:03,639 [Worker-12: ビルド] INFO  o.a.m.s.f.DefaultMavenResourcesFiltering - skip non existing resourceDirectory C:\springDemo\demo\src\test\resources
2026-02-26 12:29:30,239 [Worker-24: ビルド] INFO  o.a.m.s.f.DefaultMavenResourcesFiltering - Copying 1 resource from src\main\resources to target\classes
2026-02-26 12:29:30,243 [Worker-24: ビルド] INFO  o.a.m.s.f.DefaultMavenResourcesFiltering - Copying 6 resources from src\main\resources to target\classes
2026-02-26 12:29:30,249 [Worker-24: ビルド] INFO  o.a.m.s.f.DefaultMavenResourcesFiltering - skip non existing resourceDirectory C:\springDemo\demo\src\test\resources
2026-02-26 12:30:34,796 [Worker-10: ビルド] INFO  o.a.m.s.f.DefaultMavenResourcesFiltering - Copying 1 resource from src\main\resources to target\classes
2026-02-26 12:30:34,801 [Worker-10: ビルド] INFO  o.a.m.s.f.DefaultMavenResourcesFiltering - Copying 6 resources from src\main\resources to target\classes
2026-02-26 12:30:34,806 [Worker-10: ビルド] INFO  o.a.m.s.f.DefaultMavenResourcesFiltering - skip non existing resourceDirectory C:\springDemo\demo\src\test\resources
2026-02-26 12:31:04,939 [Worker-1: ビルド] INFO  o.a.m.s.f.DefaultMavenResourcesFiltering - Copying 1 resource from src\main\resources to target\classes
2026-02-26 12:31:04,944 [Worker-1: ビルド] INFO  o.a.m.s.f.DefaultMavenResourcesFiltering - Copying 6 resources from src\main\resources to target\classes
2026-02-26 12:31:04,949 [Worker-1: ビルド] INFO  o.a.m.s.f.DefaultMavenResourcesFiltering - skip non existing resourceDirectory C:\springDemo\demo\src\test\resources
2026-02-26 12:31:20,631 [Worker-22: ビルド] INFO  o.a.m.s.f.DefaultMavenResourcesFiltering - Copying 1 resource from src\main\resources to target\classes
2026-02-26 12:31:20,635 [Worker-22: ビルド] INFO  o.a.m.s.f.DefaultMavenResourcesFiltering - Copying 6 resources from src\main\resources to target\classes
2026-02-26 12:31:20,641 [Worker-22: ビルド] INFO  o.a.m.s.f.DefaultMavenResourcesFiltering - skip non existing resourceDirectory C:\springDemo\demo\src\test\resources
2026-02-26 13:54:52,977 [Worker-30: ビルド] INFO  o.a.m.s.f.DefaultMavenResourcesFiltering - Copying 1 resource from src\main\resources to target\classes
2026-02-26 13:54:52,994 [Worker-30: ビルド] INFO  o.a.m.s.f.DefaultMavenResourcesFiltering - Copying 6 resources from src\main\resources to target\classes
2026-02-26 13:54:53,000 [Worker-30: ビルド] INFO  o.a.m.s.f.DefaultMavenResourcesFiltering - skip non existing resourceDirectory C:\springDemo\demo\src\test\resources
2026-02-26 13:54:54,295 [Worker-28: ビルド] INFO  o.a.m.s.f.DefaultMavenResourcesFiltering - Copying 1 resource from src\main\resources to target\classes
2026-02-26 13:54:54,300 [Worker-28: ビルド] INFO  o.a.m.s.f.DefaultMavenResourcesFiltering - Copying 6 resources from src\main\resources to target\classes
2026-02-26 13:54:54,306 [Worker-28: ビルド] INFO  o.a.m.s.f.DefaultMavenResourcesFiltering - skip non existing resourceDirectory C:\springDemo\demo\src\test\resources
2026-02-26 14:03:25,355 [Worker-28: ビルド] INFO  o.a.m.s.f.DefaultMavenResourcesFiltering - Copying 1 resource from src\main\resources to target\classes
2026-02-26 14:03:25,365 [Worker-28: ビルド] INFO  o.a.m.s.f.DefaultMavenResourcesFiltering - Copying 6 resources from src\main\resources to target\classes
2026-02-26 14:03:25,372 [Worker-28: ビルド] INFO  o.a.m.s.f.DefaultMavenResourcesFiltering - skip non existing resourceDirectory C:\springDemo\demo\src\test\resources
2026-02-26 14:04:21,392 [Worker-31: ビルド] INFO  o.a.m.s.f.DefaultMavenResourcesFiltering - Copying 0 resource from src\main\resources to target\classes
2026-02-26 14:04:21,395 [Worker-31: ビルド] INFO  o.a.m.s.f.DefaultMavenResourcesFiltering - Copying 1 resource from src\main\resources to target\classes
2026-02-26 14:04:21,402 [Worker-31: ビルド] INFO  o.a.m.s.f.DefaultMavenResourcesFiltering - skip non existing resourceDirectory C:\springDemo\demo\src\test\resources
2026-02-26 14:04:40,597 [Worker-24: ビルド] INFO  o.a.m.s.f.DefaultMavenResourcesFiltering - Copying 0 resource from src\main\resources to target\classes
2026-02-26 14:04:40,598 [Worker-24: ビルド] INFO  o.a.m.s.f.DefaultMavenResourcesFiltering - Copying 1 resource from src\main\resources to target\classes
2026-02-26 14:04:40,604 [Worker-24: ビルド] INFO  o.a.m.s.f.DefaultMavenResourcesFiltering - skip non existing resourceDirectory C:\springDemo\demo\src\test\resources
2026-02-26 14:05:09,683 [Worker-24: ビルド] INFO  o.a.m.s.f.DefaultMavenResourcesFiltering - Copying 0 resource from src\main\resources to target\classes
2026-02-26 14:05:09,684 [Worker-24: ビルド] INFO  o.a.m.s.f.DefaultMavenResourcesFiltering - Copying 1 resource from src\main\resources to target\classes
2026-02-26 14:05:09,689 [Worker-24: ビルド] INFO  o.a.m.s.f.DefaultMavenResourcesFiltering - skip non existing resourceDirectory C:\springDemo\demo\src\test\resources
2026-02-26 14:05:52,150 [Worker-1: ビルド] INFO  o.a.m.s.f.DefaultMavenResourcesFiltering - Copying 0 resource from src\main\resources to target\classes
2026-02-26 14:05:52,152 [Worker-1: ビルド] INFO  o.a.m.s.f.DefaultMavenResourcesFiltering - Copying 1 resource from src\main\resources to target\classes
2026-02-26 14:05:52,156 [Worker-1: ビルド] INFO  o.a.m.s.f.DefaultMavenResourcesFiltering - skip non existing resourceDirectory C:\springDemo\demo\src\test\resources
2026-02-26 14:06:15,963 [Worker-32: ビルド] INFO  o.a.m.s.f.DefaultMavenResourcesFiltering - Copying 0 resource from src\main\resources to target\classes
2026-02-26 14:06:15,965 [Worker-32: ビルド] INFO  o.a.m.s.f.DefaultMavenResourcesFiltering - Copying 1 resource from src\main\resources to target\classes
2026-02-26 14:06:15,971 [Worker-32: ビルド] INFO  o.a.m.s.f.DefaultMavenResourcesFiltering - skip non existing resourceDirectory C:\springDemo\demo\src\test\resources
2026-02-26 14:08:02,502 [Worker-31: ビルド] INFO  o.a.m.s.f.DefaultMavenResourcesFiltering - Copying 0 resource from src\main\resources to target\classes
2026-02-26 14:08:02,504 [Worker-31: ビルド] INFO  o.a.m.s.f.DefaultMavenResourcesFiltering - Copying 1 resource from src\main\resources to target\classes
2026-02-26 14:08:02,511 [Worker-31: ビルド] INFO  o.a.m.s.f.DefaultMavenResourcesFiltering - skip non existing resourceDirectory C:\springDemo\demo\src\test\resources
2026-02-26 14:11:25,379 [Worker-1: ビルド] INFO  o.a.m.s.f.DefaultMavenResourcesFiltering - Copying 1 resource from src\main\resources to target\classes
2026-02-26 14:11:25,388 [Worker-1: ビルド] INFO  o.a.m.s.f.DefaultMavenResourcesFiltering - Copying 6 resources from src\main\resources to target\classes
2026-02-26 14:11:25,394 [Worker-1: ビルド] INFO  o.a.m.s.f.DefaultMavenResourcesFiltering - skip non existing resourceDirectory C:\springDemo\demo\src\test\resources
2026-02-26 14:13:11,334 [Worker-27: ビルド] INFO  o.a.m.s.f.DefaultMavenResourcesFiltering - Copying 1 resource from src\main\resources to target\classes
2026-02-26 14:13:11,339 [Worker-27: ビルド] INFO  o.a.m.s.f.DefaultMavenResourcesFiltering - Copying 6 resources from src\main\resources to target\classes
2026-02-26 14:13:11,343 [Worker-27: ビルド] INFO  o.a.m.s.f.DefaultMavenResourcesFiltering - skip non existing resourceDirectory C:\springDemo\demo\src\test\resources
2026-02-26 14:14:46,656 [Worker-30: ビルド] INFO  o.a.m.s.f.DefaultMavenResourcesFiltering - Copying 1 resource from src\main\resources to target\classes
2026-02-26 14:14:46,661 [Worker-30: ビルド] INFO  o.a.m.s.f.DefaultMavenResourcesFiltering - Copying 6 resources from src\main\resources to target\classes
2026-02-26 14:14:46,665 [Worker-30: ビルド] INFO  o.a.m.s.f.DefaultMavenResourcesFiltering - skip non existing resourceDirectory C:\springDemo\demo\src\test\resources
2026-02-26 14:14:53,891 [Worker-29: ビルド] INFO  o.a.m.s.f.DefaultMavenResourcesFiltering - Copying 1 resource from src\main\resources to target\classes
2026-02-26 14:14:53,894 [Worker-29: ビルド] INFO  o.a.m.s.f.DefaultMavenResourcesFiltering - Copying 6 resources from src\main\resources to target\classes
2026-02-26 14:14:53,900 [Worker-29: ビルド] INFO  o.a.m.s.f.DefaultMavenResourcesFiltering - skip non existing resourceDirectory C:\springDemo\demo\src\test\resources
2026-02-26 14:15:44,523 [Worker-1: ビルド] INFO  o.a.m.s.f.DefaultMavenResourcesFiltering - Copying 1 resource from src\main\resources to target\classes
2026-02-26 14:15:44,528 [Worker-1: ビルド] INFO  o.a.m.s.f.DefaultMavenResourcesFiltering - Copying 6 resources from src\main\resources to target\classes
2026-02-26 14:15:44,535 [Worker-1: ビルド] INFO  o.a.m.s.f.DefaultMavenResourcesFiltering - skip non existing resourceDirectory C:\springDemo\demo\src\test\resources
2026-02-26 14:18:56,551 [Worker-28: ビルド] INFO  o.a.m.s.f.DefaultMavenResourcesFiltering - Copying 1 resource from src\main\resources to target\classes
2026-02-26 14:18:56,562 [Worker-28: ビルド] INFO  o.a.m.s.f.DefaultMavenResourcesFiltering - Copying 6 resources from src\main\resources to target\classes
2026-02-26 14:18:56,566 [Worker-28: ビルド] INFO  o.a.m.s.f.DefaultMavenResourcesFiltering - skip non existing resourceDirectory C:\springDemo\demo\src\test\resources
2026-02-26 14:19:33,200 [Worker-1: ビルド] INFO  o.a.m.s.f.DefaultMavenResourcesFiltering - Copying 1 resource from src\main\resources to target\classes
2026-02-26 14:19:33,204 [Worker-1: ビルド] INFO  o.a.m.s.f.DefaultMavenResourcesFiltering - Copying 6 resources from src\main\resources to target\classes
2026-02-26 14:19:33,207 [Worker-1: ビルド] INFO  o.a.m.s.f.DefaultMavenResourcesFiltering - skip non existing resourceDirectory C:\springDemo\demo\src\test\resources
2026-02-26 14:20:10,422 [Worker-32: ビルド] INFO  o.a.m.s.f.DefaultMavenResourcesFiltering - Copying 1 resource from src\main\resources to target\classes
2026-02-26 14:20:10,426 [Worker-32: ビルド] INFO  o.a.m.s.f.DefaultMavenResourcesFiltering - Copying 6 resources from src\main\resources to target\classes
2026-02-26 14:20:10,430 [Worker-32: ビルド] INFO  o.a.m.s.f.DefaultMavenResourcesFiltering - skip non existing resourceDirectory C:\springDemo\demo\src\test\resources
2026-02-26 14:20:29,763 [Worker-1: ビルド] INFO  o.a.m.s.f.DefaultMavenResourcesFiltering - Copying 1 resource from src\main\resources to target\classes
2026-02-26 14:20:29,767 [Worker-1: ビルド] INFO  o.a.m.s.f.DefaultMavenResourcesFiltering - Copying 6 resources from src\main\resources to target\classes
2026-02-26 14:20:29,772 [Worker-1: ビルド] INFO  o.a.m.s.f.DefaultMavenResourcesFiltering - skip non existing resourceDirectory C:\springDemo\demo\src\test\resources
2026-02-26 14:23:32,763 [Worker-31: ビルド] INFO  o.a.m.s.f.DefaultMavenResourcesFiltering - Copying 1 resource from src\main\resources to target\classes
2026-02-26 14:23:32,769 [Worker-31: ビルド] INFO  o.a.m.s.f.DefaultMavenResourcesFiltering - Copying 6 resources from src\main\resources to target\classes
2026-02-26 14:23:32,774 [Worker-31: ビルド] INFO  o.a.m.s.f.DefaultMavenResourcesFiltering - skip non existing resourceDirectory C:\springDemo\demo\src\test\resources
2026-02-26 14:28:53,687 [Worker-28: ビルド] INFO  o.a.m.s.f.DefaultMavenResourcesFiltering - Copying 1 resource from src\main\resources to target\classes
2026-02-26 14:28:53,691 [Worker-28: ビルド] INFO  o.a.m.s.f.DefaultMavenResourcesFiltering - Copying 6 resources from src\main\resources to target\classes
2026-02-26 14:28:53,695 [Worker-28: ビルド] INFO  o.a.m.s.f.DefaultMavenResourcesFiltering - skip non existing resourceDirectory C:\springDemo\demo\src\test\resources
2026-02-26 14:30:28,880 [Worker-32: ビルド] INFO  o.a.m.s.f.DefaultMavenResourcesFiltering - Copying 1 resource from src\main\resources to target\classes
2026-02-26 14:30:28,886 [Worker-32: ビルド] INFO  o.a.m.s.f.DefaultMavenResourcesFiltering - Copying 6 resources from src\main\resources to target\classes
2026-02-26 14:30:28,890 [Worker-32: ビルド] INFO  o.a.m.s.f.DefaultMavenResourcesFiltering - skip non existing resourceDirectory C:\springDemo\demo\src\test\resources
2026-02-26 14:32:20,355 [Worker-27: ビルド] INFO  o.a.m.s.f.DefaultMavenResourcesFiltering - Copying 1 resource from src\main\resources to target\classes
2026-02-26 14:32:20,359 [Worker-27: ビルド] INFO  o.a.m.s.f.DefaultMavenResourcesFiltering - Copying 6 resources from src\main\resources to target\classes
2026-02-26 14:32:20,363 [Worker-27: ビルド] INFO  o.a.m.s.f.DefaultMavenResourcesFiltering - skip non existing resourceDirectory C:\springDemo\demo\src\test\resources
2026-02-26 14:56:17,771 [Worker-29: ビルド] INFO  o.a.m.s.f.DefaultMavenResourcesFiltering - Copying 0 resource from src\main\resources to target\classes
2026-02-26 14:56:17,774 [Worker-29: ビルド] INFO  o.a.m.s.f.DefaultMavenResourcesFiltering - Copying 1 resource from src\main\resources to target\classes
2026-02-26 14:56:17,784 [Worker-29: ビルド] INFO  o.a.m.s.f.DefaultMavenResourcesFiltering - skip non existing resourceDirectory C:\springDemo\demo\src\test\resources
2026-02-26 14:58:12,806 [Worker-31: ビルド] INFO  o.a.m.s.f.DefaultMavenResourcesFiltering - Copying 1 resource from src\main\resources to target\classes
2026-02-26 14:58:12,840 [Worker-31: ビルド] INFO  o.a.m.s.f.DefaultMavenResourcesFiltering - Copying 6 resources from src\main\resources to target\classes
2026-02-26 14:58:12,845 [Worker-31: ビルド] INFO  o.a.m.s.f.DefaultMavenResourcesFiltering - skip non existing resourceDirectory C:\springDemo\demo\src\test\resources
2026-02-26 15:00:46,048 [Worker-29: ビルド] INFO  o.a.m.s.f.DefaultMavenResourcesFiltering - Copying 0 resource from src\main\resources to target\classes
2026-02-26 15:00:46,050 [Worker-29: ビルド] INFO  o.a.m.s.f.DefaultMavenResourcesFiltering - Copying 1 resource from src\main\resources to target\classes
2026-02-26 15:00:46,058 [Worker-29: ビルド] INFO  o.a.m.s.f.DefaultMavenResourcesFiltering - skip non existing resourceDirectory C:\springDemo\demo\src\test\resources
2026-02-26 15:04:39,492 [Worker-30: ビルド] INFO  o.a.m.s.f.DefaultMavenResourcesFiltering - Copying 1 resource from src\main\resources to target\classes
2026-02-26 15:04:39,497 [Worker-30: ビルド] INFO  o.a.m.s.f.DefaultMavenResourcesFiltering - Copying 6 resources from src\main\resources to target\classes
2026-02-26 15:04:39,502 [Worker-30: ビルド] INFO  o.a.m.s.f.DefaultMavenResourcesFiltering - skip non existing resourceDirectory C:\springDemo\demo\src\test\resources
2026-02-26 15:04:41,586 [Worker-32: ビルド] INFO  o.a.m.s.f.DefaultMavenResourcesFiltering - Copying 1 resource from src\main\resources to target\classes
2026-02-26 15:04:41,594 [Worker-32: ビルド] INFO  o.a.m.s.f.DefaultMavenResourcesFiltering - Copying 6 resources from src\main\resources to target\classes
2026-02-26 15:04:41,602 [Worker-32: ビルド] INFO  o.a.m.s.f.DefaultMavenResourcesFiltering - skip non existing resourceDirectory C:\springDemo\demo\src\test\resources
2026-02-26 15:05:12,510 [Worker-32: ビルド] INFO  o.a.m.s.f.DefaultMavenResourcesFiltering - Copying 1 resource from src\main\resources to target\classes
2026-02-26 15:05:12,513 [Worker-32: ビルド] INFO  o.a.m.s.f.DefaultMavenResourcesFiltering - Copying 6 resources from src\main\resources to target\classes
2026-02-26 15:05:12,518 [Worker-32: ビルド] INFO  o.a.m.s.f.DefaultMavenResourcesFiltering - skip non existing resourceDirectory C:\springDemo\demo\src\test\resources
2026-02-26 15:05:23,117 [Worker-32: ビルド] INFO  o.a.m.s.f.DefaultMavenResourcesFiltering - Copying 1 resource from src\main\resources to target\classes
2026-02-26 15:05:23,122 [Worker-32: ビルド] INFO  o.a.m.s.f.DefaultMavenResourcesFiltering - Copying 6 resources from src\main\resources to target\classes
2026-02-26 15:05:23,127 [Worker-32: ビルド] INFO  o.a.m.s.f.DefaultMavenResourcesFiltering - skip non existing resourceDirectory C:\springDemo\demo\src\test\resources
2026-02-26 15:19:51,322 [Worker-31: ビルド] INFO  o.a.m.s.f.DefaultMavenResourcesFiltering - Copying 1 resource from src\main\resources to target\classes
2026-02-26 15:19:51,326 [Worker-31: ビルド] INFO  o.a.m.s.f.DefaultMavenResourcesFiltering - Copying 6 resources from src\main\resources to target\classes
2026-02-26 15:19:51,331 [Worker-31: ビルド] INFO  o.a.m.s.f.DefaultMavenResourcesFiltering - skip non existing resourceDirectory C:\springDemo\demo\src\test\resources
2026-02-26 15:20:03,906 [Worker-24: ビルド] INFO  o.a.m.s.f.DefaultMavenResourcesFiltering - Copying 1 resource from src\main\resources to target\classes
2026-02-26 15:20:03,911 [Worker-24: ビルド] INFO  o.a.m.s.f.DefaultMavenResourcesFiltering - Copying 6 resources from src\main\resources to target\classes
2026-02-26 15:20:03,916 [Worker-24: ビルド] INFO  o.a.m.s.f.DefaultMavenResourcesFiltering - skip non existing resourceDirectory C:\springDemo\demo\src\test\resources
2026-02-26 15:23:41,493 [Worker-24: ビルド] INFO  o.a.m.s.f.DefaultMavenResourcesFiltering - Copying 1 resource from src\main\resources to target\classes
2026-02-26 15:23:41,521 [Worker-24: ビルド] INFO  o.a.m.s.f.DefaultMavenResourcesFiltering - Copying 6 resources from src\main\resources to target\classes
2026-02-26 15:23:41,527 [Worker-24: ビルド] INFO  o.a.m.s.f.DefaultMavenResourcesFiltering - skip non existing resourceDirectory C:\springDemo\demo\src\test\resources
2026-02-26 15:24:17,226 [Worker-29: ビルド] INFO  o.a.m.s.f.DefaultMavenResourcesFiltering - Copying 1 resource from src\main\resources to target\classes
2026-02-26 15:24:17,230 [Worker-29: ビルド] INFO  o.a.m.s.f.DefaultMavenResourcesFiltering - Copying 6 resources from src\main\resources to target\classes
2026-02-26 15:24:17,236 [Worker-29: ビルド] INFO  o.a.m.s.f.DefaultMavenResourcesFiltering - skip non existing resourceDirectory C:\springDemo\demo\src\test\resources
2026-02-26 15:30:57,951 [Worker-32: ビルド] INFO  o.a.m.s.f.DefaultMavenResourcesFiltering - Copying 1 resource from src\main\resources to target\classes
2026-02-26 15:30:57,959 [Worker-32: ビルド] INFO  o.a.m.s.f.DefaultMavenResourcesFiltering - Copying 6 resources from src\main\resources to target\classes
2026-02-26 15:30:57,963 [Worker-32: ビルド] INFO  o.a.m.s.f.DefaultMavenResourcesFiltering - skip non existing resourceDirectory C:\springDemo\demo\src\test\resources
2026-02-26 15:32:16,495 [Worker-33: ビルド] INFO  o.a.m.s.f.DefaultMavenResourcesFiltering - Copying 0 resource from src\main\resources to target\classes
2026-02-26 15:32:16,497 [Worker-33: ビルド] INFO  o.a.m.s.f.DefaultMavenResourcesFiltering - Copying 1 resource from src\main\resources to target\classes
2026-02-26 15:32:16,503 [Worker-33: ビルド] INFO  o.a.m.s.f.DefaultMavenResourcesFiltering - skip non existing resourceDirectory C:\springDemo\demo\src\test\resources
2026-02-26 15:32:35,245 [Worker-29: ビルド] INFO  o.a.m.s.f.DefaultMavenResourcesFiltering - Copying 0 resource from src\main\resources to target\classes
2026-02-26 15:32:35,246 [Worker-29: ビルド] INFO  o.a.m.s.f.DefaultMavenResourcesFiltering - Copying 1 resource from src\main\resources to target\classes
2026-02-26 15:32:35,252 [Worker-29: ビルド] INFO  o.a.m.s.f.DefaultMavenResourcesFiltering - skip non existing resourceDirectory C:\springDemo\demo\src\test\resources
2026-02-26 15:32:43,726 [Worker-27: ビルド] INFO  o.a.m.s.f.DefaultMavenResourcesFiltering - Copying 1 resource from src\main\resources to target\classes
2026-02-26 15:32:43,731 [Worker-27: ビルド] INFO  o.a.m.s.f.DefaultMavenResourcesFiltering - Copying 6 resources from src\main\resources to target\classes
2026-02-26 15:32:43,735 [Worker-27: ビルド] INFO  o.a.m.s.f.DefaultMavenResourcesFiltering - skip non existing resourceDirectory C:\springDemo\demo\src\test\resources
2026-02-26 15:59:07,561 [Worker-24: ビルド] INFO  o.a.m.s.f.DefaultMavenResourcesFiltering - Copying 0 resource from src\main\resources to target\classes
2026-02-26 15:59:07,566 [Worker-24: ビルド] INFO  o.a.m.s.f.DefaultMavenResourcesFiltering - Copying 1 resource from src\main\resources to target\classes
2026-02-26 15:59:07,574 [Worker-24: ビルド] INFO  o.a.m.s.f.DefaultMavenResourcesFiltering - skip non existing resourceDirectory C:\springDemo\demo\src\test\resources
2026-02-26 15:59:20,556 [Worker-27: ビルド] INFO  o.a.m.s.f.DefaultMavenResourcesFiltering - Copying 0 resource from src\main\resources to target\classes
2026-02-26 15:59:20,948 [Worker-27: ビルド] INFO  o.a.m.s.f.DefaultMavenResourcesFiltering - Copying 1 resource from src\main\resources to target\classes
2026-02-26 15:59:20,958 [Worker-27: ビルド] INFO  o.a.m.s.f.DefaultMavenResourcesFiltering - skip non existing resourceDirectory C:\springDemo\demo\src\test\resources
2026-02-26 15:59:41,723 [Worker-29: ビルド] INFO  o.a.m.s.f.DefaultMavenResourcesFiltering - Copying 0 resource from src\main\resources to target\classes
2026-02-26 15:59:41,726 [Worker-29: ビルド] INFO  o.a.m.s.f.DefaultMavenResourcesFiltering - Copying 1 resource from src\main\resources to target\classes
2026-02-26 15:59:41,735 [Worker-29: ビルド] INFO  o.a.m.s.f.DefaultMavenResourcesFiltering - skip non existing resourceDirectory C:\springDemo\demo\src\test\resources
2026-02-26 15:59:51,792 [Worker-31: ビルド] INFO  o.a.m.s.f.DefaultMavenResourcesFiltering - Copying 0 resource from src\main\resources to target\classes
2026-02-26 15:59:51,797 [Worker-31: ビルド] INFO  o.a.m.s.f.DefaultMavenResourcesFiltering - Copying 1 resource from src\main\resources to target\classes
2026-02-26 15:59:51,804 [Worker-31: ビルド] INFO  o.a.m.s.f.DefaultMavenResourcesFiltering - skip non existing resourceDirectory C:\springDemo\demo\src\test\resources
2026-02-26 16:00:05,043 [Worker-24: ビルド] INFO  o.a.m.s.f.DefaultMavenResourcesFiltering - Copying 0 resource from src\main\resources to target\classes
2026-02-26 16:00:05,046 [Worker-24: ビルド] INFO  o.a.m.s.f.DefaultMavenResourcesFiltering - Copying 1 resource from src\main\resources to target\classes
2026-02-26 16:00:05,056 [Worker-24: ビルド] INFO  o.a.m.s.f.DefaultMavenResourcesFiltering - skip non existing resourceDirectory C:\springDemo\demo\src\test\resources
2026-02-26 16:00:26,464 [Worker-35: ビルド] INFO  o.a.m.s.f.DefaultMavenResourcesFiltering - Copying 0 resource from src\main\resources to target\classes
2026-02-26 16:00:26,469 [Worker-35: ビルド] INFO  o.a.m.s.f.DefaultMavenResourcesFiltering - Copying 1 resource from src\main\resources to target\classes
2026-02-26 16:00:26,476 [Worker-35: ビルド] INFO  o.a.m.s.f.DefaultMavenResourcesFiltering - skip non existing resourceDirectory C:\springDemo\demo\src\test\resources
2026-02-26 16:00:39,569 [Worker-34: ビルド] INFO  o.a.m.s.f.DefaultMavenResourcesFiltering - Copying 0 resource from src\main\resources to target\classes
2026-02-26 16:00:39,573 [Worker-34: ビルド] INFO  o.a.m.s.f.DefaultMavenResourcesFiltering - Copying 1 resource from src\main\resources to target\classes
2026-02-26 16:00:39,588 [Worker-34: ビルド] INFO  o.a.m.s.f.DefaultMavenResourcesFiltering - skip non existing resourceDirectory C:\springDemo\demo\src\test\resources
2026-02-26 16:03:05,146 [Worker-36: ビルド] INFO  o.a.m.s.f.DefaultMavenResourcesFiltering - Copying 0 resource from src\main\resources to target\classes
2026-02-26 16:03:05,148 [Worker-36: ビルド] INFO  o.a.m.s.f.DefaultMavenResourcesFiltering - Copying 1 resource from src\main\resources to target\classes
2026-02-26 16:03:05,153 [Worker-36: ビルド] INFO  o.a.m.s.f.DefaultMavenResourcesFiltering - skip non existing resourceDirectory C:\springDemo\demo\src\test\resources
2026-02-26 16:03:30,840 [Worker-36: ビルド] INFO  o.a.m.s.f.DefaultMavenResourcesFiltering - Copying 0 resource from src\main\resources to target\classes
2026-02-26 16:03:30,842 [Worker-36: ビルド] INFO  o.a.m.s.f.DefaultMavenResourcesFiltering - Copying 1 resource from src\main\resources to target\classes
2026-02-26 16:03:30,847 [Worker-36: ビルド] INFO  o.a.m.s.f.DefaultMavenResourcesFiltering - skip non existing resourceDirectory C:\springDemo\demo\src\test\resources
2026-02-26 16:04:12,135 [Worker-30: ビルド] INFO  o.a.m.s.f.DefaultMavenResourcesFiltering - Copying 0 resource from src\main\resources to target\classes
2026-02-26 16:04:12,139 [Worker-30: ビルド] INFO  o.a.m.s.f.DefaultMavenResourcesFiltering - Copying 1 resource from src\main\resources to target\classes
2026-02-26 16:04:12,149 [Worker-30: ビルド] INFO  o.a.m.s.f.DefaultMavenResourcesFiltering - skip non existing resourceDirectory C:\springDemo\demo\src\test\resources
2026-02-26 16:04:41,258 [Worker-34: ビルド] INFO  o.a.m.s.f.DefaultMavenResourcesFiltering - Copying 0 resource from src\main\resources to target\classes
2026-02-26 16:04:41,259 [Worker-34: ビルド] INFO  o.a.m.s.f.DefaultMavenResourcesFiltering - Copying 1 resource from src\main\resources to target\classes
2026-02-26 16:04:41,264 [Worker-34: ビルド] INFO  o.a.m.s.f.DefaultMavenResourcesFiltering - skip non existing resourceDirectory C:\springDemo\demo\src\test\resources
2026-02-26 16:04:54,385 [Worker-34: ビルド] INFO  o.a.m.s.f.DefaultMavenResourcesFiltering - Copying 0 resource from src\main\resources to target\classes
2026-02-26 16:04:54,387 [Worker-34: ビルド] INFO  o.a.m.s.f.DefaultMavenResourcesFiltering - Copying 1 resource from src\main\resources to target\classes
2026-02-26 16:04:54,395 [Worker-34: ビルド] INFO  o.a.m.s.f.DefaultMavenResourcesFiltering - skip non existing resourceDirectory C:\springDemo\demo\src\test\resources
2026-02-26 16:05:03,503 [Worker-37: ビルド] INFO  o.a.m.s.f.DefaultMavenResourcesFiltering - Copying 0 resource from src\main\resources to target\classes
2026-02-26 16:05:03,504 [Worker-37: ビルド] INFO  o.a.m.s.f.DefaultMavenResourcesFiltering - Copying 1 resource from src\main\resources to target\classes
2026-02-26 16:05:03,511 [Worker-37: ビルド] INFO  o.a.m.s.f.DefaultMavenResourcesFiltering - skip non existing resourceDirectory C:\springDemo\demo\src\test\resources
2026-02-26 16:05:12,593 [Worker-33: ビルド] INFO  o.a.m.s.f.DefaultMavenResourcesFiltering - Copying 0 resource from src\main\resources to target\classes
2026-02-26 16:05:12,597 [Worker-33: ビルド] INFO  o.a.m.s.f.DefaultMavenResourcesFiltering - Copying 1 resource from src\main\resources to target\classes
2026-02-26 16:05:12,609 [Worker-33: ビルド] INFO  o.a.m.s.f.DefaultMavenResourcesFiltering - skip non existing resourceDirectory C:\springDemo\demo\src\test\resources
2026-02-26 16:05:25,718 [Worker-36: ビルド] INFO  o.a.m.s.f.DefaultMavenResourcesFiltering - Copying 0 resource from src\main\resources to target\classes
2026-02-26 16:05:25,721 [Worker-36: ビルド] INFO  o.a.m.s.f.DefaultMavenResourcesFiltering - Copying 1 resource from src\main\resources to target\classes
2026-02-26 16:05:25,732 [Worker-36: ビルド] INFO  o.a.m.s.f.DefaultMavenResourcesFiltering - skip non existing resourceDirectory C:\springDemo\demo\src\test\resources
2026-02-26 16:08:08,212 [Worker-37: ビルド] INFO  o.a.m.s.f.DefaultMavenResourcesFiltering - Copying 0 resource from src\main\resources to target\classes
2026-02-26 16:08:08,217 [Worker-37: ビルド] INFO  o.a.m.s.f.DefaultMavenResourcesFiltering - Copying 1 resource from src\main\resources to target\classes
2026-02-26 16:08:08,227 [Worker-37: ビルド] INFO  o.a.m.s.f.DefaultMavenResourcesFiltering - skip non existing resourceDirectory C:\springDemo\demo\src\test\resources
2026-02-26 16:08:33,895 [Worker-36: ビルド] INFO  o.a.m.s.f.DefaultMavenResourcesFiltering - Copying 0 resource from src\main\resources to target\classes
2026-02-26 16:08:33,897 [Worker-36: ビルド] INFO  o.a.m.s.f.DefaultMavenResourcesFiltering - Copying 1 resource from src\main\resources to target\classes
2026-02-26 16:08:33,908 [Worker-36: ビルド] INFO  o.a.m.s.f.DefaultMavenResourcesFiltering - skip non existing resourceDirectory C:\springDemo\demo\src\test\resources
2026-02-26 17:33:49,637 [Worker-6: Loading available Gradle versions] INFO  o.e.b.c.i.u.g.PublishedGradleVersions - Gradle version information cache is up-to-date. Trying to read.
2026-02-26 17:42:33,146 [Worker-19: ビルド] INFO  o.a.m.s.f.DefaultMavenResourcesFiltering - Copying 1 resource from src\main\resources to target\classes
2026-02-26 17:42:33,190 [Worker-19: ビルド] INFO  o.a.m.s.f.DefaultMavenResourcesFiltering - Copying 6 resources from src\main\resources to target\classes
2026-02-26 17:42:33,213 [Worker-19: ビルド] INFO  o.a.m.s.f.DefaultMavenResourcesFiltering - skip non existing resourceDirectory C:\springDemo\demo\src\test\resources
2026-02-26 17:42:41,170 [Worker-10: ビルド] INFO  o.a.m.s.f.DefaultMavenResourcesFiltering - Copying 0 resource from src\main\resources to target\classes
2026-02-26 17:42:41,175 [Worker-10: ビルド] INFO  o.a.m.s.f.DefaultMavenResourcesFiltering - Copying 1 resource from src\main\resources to target\classes
2026-02-26 17:42:41,183 [Worker-10: ビルド] INFO  o.a.m.s.f.DefaultMavenResourcesFiltering - skip non existing resourceDirectory C:\springDemo\demo\src\test\resources
2026-02-26 17:43:06,604 [Worker-7: ビルド] INFO  o.a.m.s.f.DefaultMavenResourcesFiltering - Copying 0 resource from src\main\resources to target\classes
2026-02-26 17:43:06,609 [Worker-7: ビルド] INFO  o.a.m.s.f.DefaultMavenResourcesFiltering - Copying 1 resource from src\main\resources to target\classes
2026-02-26 17:43:06,621 [Worker-7: ビルド] INFO  o.a.m.s.f.DefaultMavenResourcesFiltering - skip non existing resourceDirectory C:\springDemo\demo\src\test\resources
2026-02-26 17:43:09,384 [Worker-12: ビルド] INFO  o.a.m.s.f.DefaultMavenResourcesFiltering - Copying 1 resource from src\main\resources to target\classes
2026-02-26 17:43:09,393 [Worker-12: ビルド] INFO  o.a.m.s.f.DefaultMavenResourcesFiltering - Copying 6 resources from src\main\resources to target\classes
2026-02-26 17:43:09,406 [Worker-12: ビルド] INFO  o.a.m.s.f.DefaultMavenResourcesFiltering - skip non existing resourceDirectory C:\springDemo\demo\src\test\resources
2026-02-26 17:43:34,551 [Worker-17: ビルド] INFO  o.a.m.s.f.DefaultMavenResourcesFiltering - Copying 0 resource from src\main\resources to target\classes
2026-02-26 17:43:34,554 [Worker-17: ビルド] INFO  o.a.m.s.f.DefaultMavenResourcesFiltering - Copying 1 resource from src\main\resources to target\classes
2026-02-26 17:43:34,565 [Worker-17: ビルド] INFO  o.a.m.s.f.DefaultMavenResourcesFiltering - skip non existing resourceDirectory C:\springDemo\demo\src\test\resources
2026-02-26 17:43:47,631 [Worker-1: ビルド] INFO  o.a.m.s.f.DefaultMavenResourcesFiltering - Copying 0 resource from src\main\resources to target\classes
2026-02-26 17:43:47,634 [Worker-1: ビルド] INFO  o.a.m.s.f.DefaultMavenResourcesFiltering - Copying 1 resource from src\main\resources to target\classes
2026-02-26 17:43:47,645 [Worker-1: ビルド] INFO  o.a.m.s.f.DefaultMavenResourcesFiltering - skip non existing resourceDirectory C:\springDemo\demo\src\test\resources
2026-02-26 17:44:20,818 [Worker-16: ビルド] INFO  o.a.m.s.f.DefaultMavenResourcesFiltering - Copying 0 resource from src\main\resources to target\classes
2026-02-26 17:44:20,822 [Worker-16: ビルド] INFO  o.a.m.s.f.DefaultMavenResourcesFiltering - Copying 1 resource from src\main\resources to target\classes
2026-02-26 17:44:20,831 [Worker-16: ビルド] INFO  o.a.m.s.f.DefaultMavenResourcesFiltering - skip non existing resourceDirectory C:\springDemo\demo\src\test\resources
2026-02-26 17:45:14,797 [Worker-21: ビルド] INFO  o.a.m.s.f.DefaultMavenResourcesFiltering - Copying 0 resource from src\main\resources to target\classes
2026-02-26 17:45:14,800 [Worker-21: ビルド] INFO  o.a.m.s.f.DefaultMavenResourcesFiltering - Copying 1 resource from src\main\resources to target\classes
2026-02-26 17:45:14,807 [Worker-21: ビルド] INFO  o.a.m.s.f.DefaultMavenResourcesFiltering - skip non existing resourceDirectory C:\springDemo\demo\src\test\resources
2026-02-26 18:14:01,750 [Worker-21: ビルド] INFO  o.a.m.s.f.DefaultMavenResourcesFiltering - Copying 0 resource from src\main\resources to target\classes
2026-02-26 18:14:01,755 [Worker-21: ビルド] INFO  o.a.m.s.f.DefaultMavenResourcesFiltering - Copying 1 resource from src\main\resources to target\classes
2026-02-26 18:14:01,762 [Worker-21: ビルド] INFO  o.a.m.s.f.DefaultMavenResourcesFiltering - skip non existing resourceDirectory C:\springDemo\demo\src\test\resources
2026-02-26 18:15:55,417 [Worker-9: ビルド] INFO  o.a.m.s.f.DefaultMavenResourcesFiltering - Copying 0 resource from src\main\resources to target\classes
2026-02-26 18:15:55,420 [Worker-9: ビルド] INFO  o.a.m.s.f.DefaultMavenResourcesFiltering - Copying 1 resource from src\main\resources to target\classes
2026-02-26 18:15:55,427 [Worker-9: ビルド] INFO  o.a.m.s.f.DefaultMavenResourcesFiltering - skip non existing resourceDirectory C:\springDemo\demo\src\test\resources
2026-02-26 18:16:35,218 [Worker-8: ビルド] INFO  o.a.m.s.f.DefaultMavenResourcesFiltering - Copying 0 resource from src\main\resources to target\classes
2026-02-26 18:16:35,220 [Worker-8: ビルド] INFO  o.a.m.s.f.DefaultMavenResourcesFiltering - Copying 1 resource from src\main\resources to target\classes
2026-02-26 18:16:35,225 [Worker-8: ビルド] INFO  o.a.m.s.f.DefaultMavenResourcesFiltering - skip non existing resourceDirectory C:\springDemo\demo\src\test\resources
2026-02-26 18:17:11,769 [Worker-3: ビルド] INFO  o.a.m.s.f.DefaultMavenResourcesFiltering - Copying 0 resource from src\main\resources to target\classes
2026-02-26 18:17:11,771 [Worker-3: ビルド] INFO  o.a.m.s.f.DefaultMavenResourcesFiltering - Copying 1 resource from src\main\resources to target\classes
2026-02-26 18:17:11,777 [Worker-3: ビルド] INFO  o.a.m.s.f.DefaultMavenResourcesFiltering - skip non existing resourceDirectory C:\springDemo\demo\src\test\resources
2026-02-26 18:21:48,655 [Worker-13: ビルド] INFO  o.a.m.s.f.DefaultMavenResourcesFiltering - Copying 0 resource from src\main\resources to target\classes
2026-02-26 18:21:48,657 [Worker-13: ビルド] INFO  o.a.m.s.f.DefaultMavenResourcesFiltering - Copying 1 resource from src\main\resources to target\classes
2026-02-26 18:21:48,663 [Worker-13: ビルド] INFO  o.a.m.s.f.DefaultMavenResourcesFiltering - skip non existing resourceDirectory C:\springDemo\demo\src\test\resources
2026-02-26 18:23:04,734 [Worker-9: ビルド] INFO  o.a.m.s.f.DefaultMavenResourcesFiltering - Copying 0 resource from src\main\resources to target\classes
2026-02-26 18:23:04,736 [Worker-9: ビルド] INFO  o.a.m.s.f.DefaultMavenResourcesFiltering - Copying 1 resource from src\main\resources to target\classes
2026-02-26 18:23:04,741 [Worker-9: ビルド] INFO  o.a.m.s.f.DefaultMavenResourcesFiltering - skip non existing resourceDirectory C:\springDemo\demo\src\test\resources
2026-02-26 18:24:35,945 [Worker-4: ビルド] INFO  o.a.m.s.f.DefaultMavenResourcesFiltering - Copying 0 resource from src\main\resources to target\classes
2026-02-26 18:24:35,947 [Worker-4: ビルド] INFO  o.a.m.s.f.DefaultMavenResourcesFiltering - Copying 1 resource from src\main\resources to target\classes
2026-02-26 18:24:35,953 [Worker-4: ビルド] INFO  o.a.m.s.f.DefaultMavenResourcesFiltering - skip non existing resourceDirectory C:\springDemo\demo\src\test\resources
2026-02-26 18:25:23,918 [Worker-4: ビルド] INFO  o.a.m.s.f.DefaultMavenResourcesFiltering - Copying 0 resource from src\main\resources to target\classes
2026-02-26 18:25:23,923 [Worker-4: ビルド] INFO  o.a.m.s.f.DefaultMavenResourcesFiltering - Copying 1 resource from src\main\resources to target\classes
2026-02-26 18:25:23,928 [Worker-4: ビルド] INFO  o.a.m.s.f.DefaultMavenResourcesFiltering - skip non existing resourceDirectory C:\springDemo\demo\src\test\resources
2026-02-26 18:27:45,694 [Worker-9: ビルド] INFO  o.a.m.s.f.DefaultMavenResourcesFiltering - Copying 0 resource from src\main\resources to target\classes
2026-02-26 18:27:45,695 [Worker-9: ビルド] INFO  o.a.m.s.f.DefaultMavenResourcesFiltering - Copying 1 resource from src\main\resources to target\classes
2026-02-26 18:27:45,701 [Worker-9: ビルド] INFO  o.a.m.s.f.DefaultMavenResourcesFiltering - skip non existing resourceDirectory C:\springDemo\demo\src\test\resources
2026-02-26 18:27:50,415 [Worker-3: ビルド] INFO  o.a.m.s.f.DefaultMavenResourcesFiltering - Copying 0 resource from src\main\resources to target\classes
2026-02-26 18:27:50,417 [Worker-3: ビルド] INFO  o.a.m.s.f.DefaultMavenResourcesFiltering - Copying 1 resource from src\main\resources to target\classes
2026-02-26 18:27:50,422 [Worker-3: ビルド] INFO  o.a.m.s.f.DefaultMavenResourcesFiltering - skip non existing resourceDirectory C:\springDemo\demo\src\test\resources
2026-02-26 18:28:06,367 [Worker-2: ビルド] INFO  o.a.m.s.f.DefaultMavenResourcesFiltering - Copying 0 resource from src\main\resources to target\classes
2026-02-26 18:28:06,369 [Worker-2: ビルド] INFO  o.a.m.s.f.DefaultMavenResourcesFiltering - Copying 1 resource from src\main\resources to target\classes
2026-02-26 18:28:06,374 [Worker-2: ビルド] INFO  o.a.m.s.f.DefaultMavenResourcesFiltering - skip non existing resourceDirectory C:\springDemo\demo\src\test\resources
2026-02-26 18:28:59,524 [Worker-18: ビルド] INFO  o.a.m.s.f.DefaultMavenResourcesFiltering - Copying 0 resource from src\main\resources to target\classes
2026-02-26 18:28:59,527 [Worker-18: ビルド] INFO  o.a.m.s.f.DefaultMavenResourcesFiltering - Copying 1 resource from src\main\resources to target\classes
2026-02-26 18:28:59,532 [Worker-18: ビルド] INFO  o.a.m.s.f.DefaultMavenResourcesFiltering - skip non existing resourceDirectory C:\springDemo\demo\src\test\resources
2026-02-26 18:29:12,122 [Worker-15: ビルド] INFO  o.a.m.s.f.DefaultMavenResourcesFiltering - Copying 0 resource from src\main\resources to target\classes
2026-02-26 18:29:12,124 [Worker-15: ビルド] INFO  o.a.m.s.f.DefaultMavenResourcesFiltering - Copying 1 resource from src\main\resources to target\classes
2026-02-26 18:29:12,131 [Worker-15: ビルド] INFO  o.a.m.s.f.DefaultMavenResourcesFiltering - skip non existing resourceDirectory C:\springDemo\demo\src\test\resources
2026-02-26 18:29:22,126 [Worker-8: ビルド] INFO  o.a.m.s.f.DefaultMavenResourcesFiltering - Copying 0 resource from src\main\resources to target\classes
2026-02-26 18:29:22,128 [Worker-8: ビルド] INFO  o.a.m.s.f.DefaultMavenResourcesFiltering - Copying 1 resource from src\main\resources to target\classes
2026-02-26 18:29:22,132 [Worker-8: ビルド] INFO  o.a.m.s.f.DefaultMavenResourcesFiltering - skip non existing resourceDirectory C:\springDemo\demo\src\test\resources
2026-02-26 18:29:44,560 [Worker-13: ビルド] INFO  o.a.m.s.f.DefaultMavenResourcesFiltering - Copying 0 resource from src\main\resources to target\classes
2026-02-26 18:29:44,562 [Worker-13: ビルド] INFO  o.a.m.s.f.DefaultMavenResourcesFiltering - Copying 1 resource from src\main\resources to target\classes
2026-02-26 18:29:44,568 [Worker-13: ビルド] INFO  o.a.m.s.f.DefaultMavenResourcesFiltering - skip non existing resourceDirectory C:\springDemo\demo\src\test\resources
2026-02-26 18:29:57,966 [Worker-2: ビルド] INFO  o.a.m.s.f.DefaultMavenResourcesFiltering - Copying 0 resource from src\main\resources to target\classes
2026-02-26 18:29:57,968 [Worker-2: ビルド] INFO  o.a.m.s.f.DefaultMavenResourcesFiltering - Copying 1 resource from src\main\resources to target\classes
2026-02-26 18:29:57,973 [Worker-2: ビルド] INFO  o.a.m.s.f.DefaultMavenResourcesFiltering - skip non existing resourceDirectory C:\springDemo\demo\src\test\resources
2026-02-26 18:30:45,337 [Worker-13: ビルド] INFO  o.a.m.s.f.DefaultMavenResourcesFiltering - Copying 0 resource from src\main\resources to target\classes
2026-02-26 18:30:45,340 [Worker-13: ビルド] INFO  o.a.m.s.f.DefaultMavenResourcesFiltering - Copying 1 resource from src\main\resources to target\classes
2026-02-26 18:30:45,345 [Worker-13: ビルド] INFO  o.a.m.s.f.DefaultMavenResourcesFiltering - skip non existing resourceDirectory C:\springDemo\demo\src\test\resources
2026-02-26 18:32:58,396 [Worker-6: ビルド] INFO  o.a.m.s.f.DefaultMavenResourcesFiltering - Copying 0 resource from src\main\resources to target\classes
2026-02-26 18:32:58,398 [Worker-6: ビルド] INFO  o.a.m.s.f.DefaultMavenResourcesFiltering - Copying 1 resource from src\main\resources to target\classes
2026-02-26 18:32:58,403 [Worker-6: ビルド] INFO  o.a.m.s.f.DefaultMavenResourcesFiltering - skip non existing resourceDirectory C:\springDemo\demo\src\test\resources
2026-02-26 18:33:57,644 [Worker-8: ビルド] INFO  o.a.m.s.f.DefaultMavenResourcesFiltering - Copying 0 resource from src\main\resources to target\classes
2026-02-26 18:33:57,646 [Worker-8: ビルド] INFO  o.a.m.s.f.DefaultMavenResourcesFiltering - Copying 1 resource from src\main\resources to target\classes
2026-02-26 18:33:57,650 [Worker-8: ビルド] INFO  o.a.m.s.f.DefaultMavenResourcesFiltering - skip non existing resourceDirectory C:\springDemo\demo\src\test\resources
2026-02-26 18:35:17,571 [Worker-8: ビルド] INFO  o.a.m.s.f.DefaultMavenResourcesFiltering - Copying 0 resource from src\main\resources to target\classes
2026-02-26 18:35:17,574 [Worker-8: ビルド] INFO  o.a.m.s.f.DefaultMavenResourcesFiltering - Copying 1 resource from src\main\resources to target\classes
2026-02-26 18:35:17,585 [Worker-8: ビルド] INFO  o.a.m.s.f.DefaultMavenResourcesFiltering - skip non existing resourceDirectory C:\springDemo\demo\src\test\resources
2026-02-26 18:35:54,764 [Worker-8: ビルド] INFO  o.a.m.s.f.DefaultMavenResourcesFiltering - Copying 0 resource from src\main\resources to target\classes
2026-02-26 18:35:54,767 [Worker-8: ビルド] INFO  o.a.m.s.f.DefaultMavenResourcesFiltering - Copying 1 resource from src\main\resources to target\classes
2026-02-26 18:35:54,776 [Worker-8: ビルド] INFO  o.a.m.s.f.DefaultMavenResourcesFiltering - skip non existing resourceDirectory C:\springDemo\demo\src\test\resources
2026-02-26 18:36:32,159 [Worker-4: ビルド] INFO  o.a.m.s.f.DefaultMavenResourcesFiltering - Copying 0 resource from src\main\resources to target\classes
2026-02-26 18:36:32,162 [Worker-4: ビルド] INFO  o.a.m.s.f.DefaultMavenResourcesFiltering - Copying 1 resource from src\main\resources to target\classes
2026-02-26 18:36:32,171 [Worker-4: ビルド] INFO  o.a.m.s.f.DefaultMavenResourcesFiltering - skip non existing resourceDirectory C:\springDemo\demo\src\test\resources
2026-02-26 18:37:13,196 [Worker-8: ビルド] INFO  o.a.m.s.f.DefaultMavenResourcesFiltering - Copying 0 resource from src\main\resources to target\classes
2026-02-26 18:37:13,200 [Worker-8: ビルド] INFO  o.a.m.s.f.DefaultMavenResourcesFiltering - Copying 1 resource from src\main\resources to target\classes
2026-02-26 18:37:13,212 [Worker-8: ビルド] INFO  o.a.m.s.f.DefaultMavenResourcesFiltering - skip non existing resourceDirectory C:\springDemo\demo\src\test\resources
2026-02-26 18:37:16,194 [Worker-7: ビルド] INFO  o.a.m.s.f.DefaultMavenResourcesFiltering - Copying 1 resource from src\main\resources to target\classes
2026-02-26 18:37:16,211 [Worker-7: ビルド] INFO  o.a.m.s.f.DefaultMavenResourcesFiltering - Copying 7 resources from src\main\resources to target\classes
2026-02-26 18:37:16,232 [Worker-7: ビルド] INFO  o.a.m.s.f.DefaultMavenResourcesFiltering - skip non existing resourceDirectory C:\springDemo\demo\src\test\resources
2026-02-26 18:39:33,708 [Worker-13: ビルド] INFO  o.a.m.s.f.DefaultMavenResourcesFiltering - Copying 0 resource from src\main\resources to target\classes
2026-02-26 18:39:33,712 [Worker-13: ビルド] INFO  o.a.m.s.f.DefaultMavenResourcesFiltering - Copying 1 resource from src\main\resources to target\classes
2026-02-26 18:39:33,719 [Worker-13: ビルド] INFO  o.a.m.s.f.DefaultMavenResourcesFiltering - skip non existing resourceDirectory C:\springDemo\demo\src\test\resources
2026-02-26 18:40:02,908 [Worker-17: ビルド] INFO  o.a.m.s.f.DefaultMavenResourcesFiltering - Copying 0 resource from src\main\resources to target\classes
2026-02-26 18:40:02,911 [Worker-17: ビルド] INFO  o.a.m.s.f.DefaultMavenResourcesFiltering - Copying 1 resource from src\main\resources to target\classes
2026-02-26 18:40:02,916 [Worker-17: ビルド] INFO  o.a.m.s.f.DefaultMavenResourcesFiltering - skip non existing resourceDirectory C:\springDemo\demo\src\test\resources
2026-02-26 18:40:11,967 [Worker-0: ビルド] INFO  o.a.m.s.f.DefaultMavenResourcesFiltering - Copying 0 resource from src\main\resources to target\classes
2026-02-26 18:40:11,970 [Worker-0: ビルド] INFO  o.a.m.s.f.DefaultMavenResourcesFiltering - Copying 1 resource from src\main\resources to target\classes
2026-02-26 18:40:11,978 [Worker-0: ビルド] INFO  o.a.m.s.f.DefaultMavenResourcesFiltering - skip non existing resourceDirectory C:\springDemo\demo\src\test\resources
2026-02-26 18:40:25,165 [Worker-4: ビルド] INFO  o.a.m.s.f.DefaultMavenResourcesFiltering - Copying 0 resource from src\main\resources to target\classes
2026-02-26 18:40:25,170 [Worker-4: ビルド] INFO  o.a.m.s.f.DefaultMavenResourcesFiltering - Copying 1 resource from src\main\resources to target\classes
2026-02-26 18:40:25,180 [Worker-4: ビルド] INFO  o.a.m.s.f.DefaultMavenResourcesFiltering - skip non existing resourceDirectory C:\springDemo\demo\src\test\resources
2026-02-26 18:45:43,479 [Worker-7: ビルド] INFO  o.a.m.s.f.DefaultMavenResourcesFiltering - Copying 0 resource from src\main\resources to target\classes
2026-02-26 18:45:43,482 [Worker-7: ビルド] INFO  o.a.m.s.f.DefaultMavenResourcesFiltering - Copying 1 resource from src\main\resources to target\classes
2026-02-26 18:45:43,489 [Worker-7: ビルド] INFO  o.a.m.s.f.DefaultMavenResourcesFiltering - skip non existing resourceDirectory C:\springDemo\demo\src\test\resources
2026-02-26 18:46:04,694 [Worker-2: ビルド] INFO  o.a.m.s.f.DefaultMavenResourcesFiltering - Copying 0 resource from src\main\resources to target\classes
2026-02-26 18:46:04,699 [Worker-2: ビルド] INFO  o.a.m.s.f.DefaultMavenResourcesFiltering - Copying 1 resource from src\main\resources to target\classes
2026-02-26 18:46:04,711 [Worker-2: ビルド] INFO  o.a.m.s.f.DefaultMavenResourcesFiltering - skip non existing resourceDirectory C:\springDemo\demo\src\test\resources
2026-02-26 18:46:10,710 [Worker-4: ビルド] INFO  o.a.m.s.f.DefaultMavenResourcesFiltering - Copying 0 resource from src\main\resources to target\classes
2026-02-26 18:46:10,713 [Worker-4: ビルド] INFO  o.a.m.s.f.DefaultMavenResourcesFiltering - Copying 1 resource from src\main\resources to target\classes
2026-02-26 18:46:10,725 [Worker-4: ビルド] INFO  o.a.m.s.f.DefaultMavenResourcesFiltering - skip non existing resourceDirectory C:\springDemo\demo\src\test\resources
2026-02-26 18:47:07,946 [Worker-0: ビルド] INFO  o.a.m.s.f.DefaultMavenResourcesFiltering - Copying 0 resource from src\main\resources to target\classes
2026-02-26 18:47:07,949 [Worker-0: ビルド] INFO  o.a.m.s.f.DefaultMavenResourcesFiltering - Copying 1 resource from src\main\resources to target\classes
2026-02-26 18:47:07,958 [Worker-0: ビルド] INFO  o.a.m.s.f.DefaultMavenResourcesFiltering - skip non existing resourceDirectory C:\springDemo\demo\src\test\resources
2026-02-26 18:48:05,239 [Worker-3: ビルド] INFO  o.a.m.s.f.DefaultMavenResourcesFiltering - Copying 0 resource from src\main\resources to target\classes
2026-02-26 18:48:05,241 [Worker-3: ビルド] INFO  o.a.m.s.f.DefaultMavenResourcesFiltering - Copying 1 resource from src\main\resources to target\classes
2026-02-26 18:48:05,251 [Worker-3: ビルド] INFO  o.a.m.s.f.DefaultMavenResourcesFiltering - skip non existing resourceDirectory C:\springDemo\demo\src\test\resources
2026-02-26 18:48:26,420 [Worker-17: ビルド] INFO  o.a.m.s.f.DefaultMavenResourcesFiltering - Copying 0 resource from src\main\resources to target\classes
2026-02-26 18:48:26,422 [Worker-17: ビルド] INFO  o.a.m.s.f.DefaultMavenResourcesFiltering - Copying 1 resource from src\main\resources to target\classes
2026-02-26 18:48:26,429 [Worker-17: ビルド] INFO  o.a.m.s.f.DefaultMavenResourcesFiltering - skip non existing resourceDirectory C:\springDemo\demo\src\test\resources
2026-02-26 18:48:36,212 [Worker-11: ビルド] INFO  o.a.m.s.f.DefaultMavenResourcesFiltering - Copying 0 resource from src\main\resources to target\classes
2026-02-26 18:48:36,217 [Worker-11: ビルド] INFO  o.a.m.s.f.DefaultMavenResourcesFiltering - Copying 1 resource from src\main\resources to target\classes
2026-02-26 18:48:36,229 [Worker-11: ビルド] INFO  o.a.m.s.f.DefaultMavenResourcesFiltering - skip non existing resourceDirectory C:\springDemo\demo\src\test\resources
2026-02-27 09:17:16,520 [Worker-6: Loading available Gradle versions] INFO  o.e.b.c.i.u.g.PublishedGradleVersions - Gradle version information cache is out-of-date. Trying to update.
2026-02-27 09:46:59,114 [Worker-6: Loading available Gradle versions] INFO  o.e.b.c.i.u.g.PublishedGradleVersions - Gradle version information cache is up-to-date. Trying to read.
2026-02-27 09:52:28,570 [Worker-9: ビルド] INFO  o.e.m.c.i.l.LifecycleMappingFactory - Using org.maven.ide.eclipse.wtp.WarLifecycleMapping lifecycle mapping for MavenProject: com.example:demo:0.0.1-SNAPSHOT @ C:\springDemo\demo\pom.xml.
2026-02-27 09:52:29,687 [Worker-9: ビルド] INFO  o.e.m.c.i.e.AbstractTransferListenerAdapter - Downloading https://repo.maven.apache.org/maven2/org/springframework/boot/spring-boot-starter-security/4.0.3/spring-boot-starter-security-4.0.3.pom
2026-02-27 09:52:29,730 [Worker-9: ビルド] INFO  o.e.m.c.i.e.AbstractTransferListenerAdapter - Downloaded https://repo.maven.apache.org/maven2/org/springframework/boot/spring-boot-starter-security/4.0.3/spring-boot-starter-security-4.0.3.pom
2026-02-27 09:52:29,781 [Worker-9: ビルド] INFO  o.e.m.c.i.e.AbstractTransferListenerAdapter - Downloading https://repo.maven.apache.org/maven2/org/springframework/boot/spring-boot-security/4.0.3/spring-boot-security-4.0.3.pom
2026-02-27 09:52:29,831 [Worker-9: ビルド] INFO  o.e.m.c.i.e.AbstractTransferListenerAdapter - Downloaded https://repo.maven.apache.org/maven2/org/springframework/boot/spring-boot-security/4.0.3/spring-boot-security-4.0.3.pom
2026-02-27 09:52:29,874 [Worker-9: ビルド] INFO  o.e.m.c.i.e.AbstractTransferListenerAdapter - Downloading https://repo.maven.apache.org/maven2/org/springframework/security/spring-security-config/7.0.3/spring-security-config-7.0.3.pom
2026-02-27 09:52:29,913 [Worker-9: ビルド] INFO  o.e.m.c.i.e.AbstractTransferListenerAdapter - Downloaded https://repo.maven.apache.org/maven2/org/springframework/security/spring-security-config/7.0.3/spring-security-config-7.0.3.pom
2026-02-27 09:52:29,958 [Worker-9: ビルド] INFO  o.e.m.c.i.e.AbstractTransferListenerAdapter - Downloading https://repo.maven.apache.org/maven2/org/springframework/security/spring-security-core/7.0.3/spring-security-core-7.0.3.pom
2026-02-27 09:52:29,999 [Worker-9: ビルド] INFO  o.e.m.c.i.e.AbstractTransferListenerAdapter - Downloaded https://repo.maven.apache.org/maven2/org/springframework/security/spring-security-core/7.0.3/spring-security-core-7.0.3.pom
2026-02-27 09:52:30,042 [Worker-9: ビルド] INFO  o.e.m.c.i.e.AbstractTransferListenerAdapter - Downloading https://repo.maven.apache.org/maven2/org/springframework/security/spring-security-crypto/7.0.3/spring-security-crypto-7.0.3.pom
2026-02-27 09:52:30,075 [Worker-9: ビルド] INFO  o.e.m.c.i.e.AbstractTransferListenerAdapter - Downloaded https://repo.maven.apache.org/maven2/org/springframework/security/spring-security-crypto/7.0.3/spring-security-crypto-7.0.3.pom
2026-02-27 09:52:30,119 [Worker-9: ビルド] INFO  o.e.m.c.i.e.AbstractTransferListenerAdapter - Downloading https://repo.maven.apache.org/maven2/org/springframework/security/spring-security-web/7.0.3/spring-security-web-7.0.3.pom
2026-02-27 09:52:30,150 [Worker-9: ビルド] INFO  o.e.m.c.i.e.AbstractTransferListenerAdapter - Downloaded https://repo.maven.apache.org/maven2/org/springframework/security/spring-security-web/7.0.3/spring-security-web-7.0.3.pom
2026-02-27 09:52:30,607 [Worker-9: ビルド] INFO  o.e.m.c.i.e.AbstractTransferListenerAdapter - Downloading https://repo.maven.apache.org/maven2/org/springframework/boot/spring-boot-starter-security/4.0.3/spring-boot-starter-security-4.0.3.jar
2026-02-27 09:52:30,655 [Worker-9: ビルド] INFO  o.e.m.c.i.e.AbstractTransferListenerAdapter - Downloaded https://repo.maven.apache.org/maven2/org/springframework/boot/spring-boot-starter-security/4.0.3/spring-boot-starter-security-4.0.3.jar
2026-02-27 09:52:30,687 [BasicRepositoryConnector-repo.maven.apache.org-0-0] INFO  o.e.m.c.i.e.AbstractTransferListenerAdapter - Downloading https://repo.maven.apache.org/maven2/org/springframework/boot/spring-boot-security/4.0.3/spring-boot-security-4.0.3.jar
2026-02-27 09:52:30,732 [BasicRepositoryConnector-repo.maven.apache.org-0-4] INFO  o.e.m.c.i.e.AbstractTransferListenerAdapter - Downloading https://repo.maven.apache.org/maven2/org/springframework/security/spring-security-web/7.0.3/spring-security-web-7.0.3.jar
2026-02-27 09:52:30,753 [BasicRepositoryConnector-repo.maven.apache.org-0-2] INFO  o.e.m.c.i.e.AbstractTransferListenerAdapter - Downloading https://repo.maven.apache.org/maven2/org/springframework/security/spring-security-core/7.0.3/spring-security-core-7.0.3.jar
2026-02-27 09:52:30,765 [BasicRepositoryConnector-repo.maven.apache.org-0-0] INFO  o.e.m.c.i.e.AbstractTransferListenerAdapter - Downloaded https://repo.maven.apache.org/maven2/org/springframework/boot/spring-boot-security/4.0.3/spring-boot-security-4.0.3.jar
2026-02-27 09:52:30,769 [BasicRepositoryConnector-repo.maven.apache.org-0-3] INFO  o.e.m.c.i.e.AbstractTransferListenerAdapter - Downloading https://repo.maven.apache.org/maven2/org/springframework/security/spring-security-crypto/7.0.3/spring-security-crypto-7.0.3.jar
2026-02-27 09:52:30,769 [BasicRepositoryConnector-repo.maven.apache.org-0-1] INFO  o.e.m.c.i.e.AbstractTransferListenerAdapter - Downloading https://repo.maven.apache.org/maven2/org/springframework/security/spring-security-config/7.0.3/spring-security-config-7.0.3.jar
2026-02-27 09:52:30,828 [BasicRepositoryConnector-repo.maven.apache.org-0-3] INFO  o.e.m.c.i.e.AbstractTransferListenerAdapter - Downloaded https://repo.maven.apache.org/maven2/org/springframework/security/spring-security-crypto/7.0.3/spring-security-crypto-7.0.3.jar
2026-02-27 09:52:30,886 [BasicRepositoryConnector-repo.maven.apache.org-0-4] INFO  o.e.m.c.i.e.AbstractTransferListenerAdapter - Downloaded https://repo.maven.apache.org/maven2/org/springframework/security/spring-security-web/7.0.3/spring-security-web-7.0.3.jar
2026-02-27 09:52:30,886 [BasicRepositoryConnector-repo.maven.apache.org-0-2] INFO  o.e.m.c.i.e.AbstractTransferListenerAdapter - Downloaded https://repo.maven.apache.org/maven2/org/springframework/security/spring-security-core/7.0.3/spring-security-core-7.0.3.jar
2026-02-27 09:52:31,008 [BasicRepositoryConnector-repo.maven.apache.org-0-1] INFO  o.e.m.c.i.e.AbstractTransferListenerAdapter - Downloaded https://repo.maven.apache.org/maven2/org/springframework/security/spring-security-config/7.0.3/spring-security-config-7.0.3.jar
2026-02-27 09:52:34,625 [Worker-9: ビルド] INFO  o.a.m.s.f.DefaultMavenResourcesFiltering - Copying 1 resource from src\main\resources to target\classes
2026-02-27 09:52:34,645 [Worker-9: ビルド] INFO  o.a.m.s.f.DefaultMavenResourcesFiltering - Copying 7 resources from src\main\resources to target\classes
2026-02-27 09:52:34,657 [Worker-9: ビルド] INFO  o.a.m.s.f.DefaultMavenResourcesFiltering - skip non existing resourceDirectory C:\springDemo\demo\src\test\resources
2026-02-27 09:52:34,664 [Worker-9: ビルド] INFO  o.e.m.w.i.f.ResourceFilteringBuildParticipant - Changed resources require a complete clean of filtered resources of demo
2026-02-27 09:52:34,665 [Worker-9: ビルド] INFO  o.e.m.w.i.f.ResourceFilteringBuildParticipant - Executing resource filtering for demo
2026-02-27 09:52:35,308 [Worker-16: ソースおよび Javadoc のダウンロード] INFO  o.e.m.c.i.e.AbstractTransferListenerAdapter - Downloading https://repo.maven.apache.org/maven2/org/springframework/boot/spring-boot-starter-security/4.0.3/spring-boot-starter-security-4.0.3-sources.jar
2026-02-27 09:52:35,320 [Worker-16: ソースおよび Javadoc のダウンロード] INFO  o.e.m.c.i.e.AbstractTransferListenerAdapter - Downloaded https://repo.maven.apache.org/maven2/org/springframework/boot/spring-boot-starter-security/4.0.3/spring-boot-starter-security-4.0.3-sources.jar
2026-02-27 09:52:35,326 [Worker-16: ソースおよび Javadoc のダウンロード] INFO  o.e.m.j.internal.DownloadSourcesJob - Downloaded sources for org.springframework.boot:spring-boot-starter-security:4.0.3
2026-02-27 09:52:35,396 [Worker-16: ソースおよび Javadoc のダウンロード] INFO  o.e.m.c.i.e.AbstractTransferListenerAdapter - Downloading https://repo.maven.apache.org/maven2/org/springframework/boot/spring-boot-security/4.0.3/spring-boot-security-4.0.3-sources.jar
2026-02-27 09:52:35,434 [Worker-16: ソースおよび Javadoc のダウンロード] INFO  o.e.m.c.i.e.AbstractTransferListenerAdapter - Downloaded https://repo.maven.apache.org/maven2/org/springframework/boot/spring-boot-security/4.0.3/spring-boot-security-4.0.3-sources.jar
2026-02-27 09:52:35,440 [Worker-16: ソースおよび Javadoc のダウンロード] INFO  o.e.m.j.internal.DownloadSourcesJob - Downloaded sources for org.springframework.boot:spring-boot-security:4.0.3
2026-02-27 09:52:35,508 [Worker-16: ソースおよび Javadoc のダウンロード] INFO  o.e.m.c.i.e.AbstractTransferListenerAdapter - Downloading https://repo.maven.apache.org/maven2/org/springframework/security/spring-security-config/7.0.3/spring-security-config-7.0.3-sources.jar
2026-02-27 09:52:35,658 [Worker-16: ソースおよび Javadoc のダウンロード] INFO  o.e.m.c.i.e.AbstractTransferListenerAdapter - Downloaded https://repo.maven.apache.org/maven2/org/springframework/security/spring-security-config/7.0.3/spring-security-config-7.0.3-sources.jar
2026-02-27 09:52:35,664 [Worker-16: ソースおよび Javadoc のダウンロード] INFO  o.e.m.j.internal.DownloadSourcesJob - Downloaded sources for org.springframework.security:spring-security-config:7.0.3
2026-02-27 09:52:35,737 [Worker-16: ソースおよび Javadoc のダウンロード] INFO  o.e.m.c.i.e.AbstractTransferListenerAdapter - Downloading https://repo.maven.apache.org/maven2/org/springframework/security/spring-security-core/7.0.3/spring-security-core-7.0.3-sources.jar
2026-02-27 09:52:35,833 [Worker-16: ソースおよび Javadoc のダウンロード] INFO  o.e.m.c.i.e.AbstractTransferListenerAdapter - Downloaded https://repo.maven.apache.org/maven2/org/springframework/security/spring-security-core/7.0.3/spring-security-core-7.0.3-sources.jar
2026-02-27 09:52:35,840 [Worker-16: ソースおよび Javadoc のダウンロード] INFO  o.e.m.j.internal.DownloadSourcesJob - Downloaded sources for org.springframework.security:spring-security-core:7.0.3
2026-02-27 09:52:35,936 [Worker-16: ソースおよび Javadoc のダウンロード] INFO  o.e.m.c.i.e.AbstractTransferListenerAdapter - Downloading https://repo.maven.apache.org/maven2/org/springframework/security/spring-security-crypto/7.0.3/spring-security-crypto-7.0.3-sources.jar
2026-02-27 09:52:35,986 [Worker-16: ソースおよび Javadoc のダウンロード] INFO  o.e.m.c.i.e.AbstractTransferListenerAdapter - Downloaded https://repo.maven.apache.org/maven2/org/springframework/security/spring-security-crypto/7.0.3/spring-security-crypto-7.0.3-sources.jar
2026-02-27 09:52:35,993 [Worker-16: ソースおよび Javadoc のダウンロード] INFO  o.e.m.j.internal.DownloadSourcesJob - Downloaded sources for org.springframework.security:spring-security-crypto:7.0.3
2026-02-27 09:52:36,063 [Worker-16: ソースおよび Javadoc のダウンロード] INFO  o.e.m.c.i.e.AbstractTransferListenerAdapter - Downloading https://repo.maven.apache.org/maven2/org/springframework/security/spring-security-web/7.0.3/spring-security-web-7.0.3-sources.jar
2026-02-27 09:52:36,197 [Worker-16: ソースおよび Javadoc のダウンロード] INFO  o.e.m.c.i.e.AbstractTransferListenerAdapter - Downloaded https://repo.maven.apache.org/maven2/org/springframework/security/spring-security-web/7.0.3/spring-security-web-7.0.3-sources.jar
2026-02-27 09:52:36,203 [Worker-16: ソースおよび Javadoc のダウンロード] INFO  o.e.m.j.internal.DownloadSourcesJob - Downloaded sources for org.springframework.security:spring-security-web:7.0.3
2026-02-27 09:52:36,791 [Worker-9: ビルド] INFO  o.a.m.s.f.DefaultMavenResourcesFiltering - Copying 1 resource from src\main\resources to target\classes
2026-02-27 09:52:36,800 [Worker-9: ビルド] INFO  o.a.m.s.f.DefaultMavenResourcesFiltering - Copying 7 resources from src\main\resources to target\classes
2026-02-27 09:52:36,826 [Worker-9: ビルド] INFO  o.a.m.s.f.DefaultMavenResourcesFiltering - skip non existing resourceDirectory C:\springDemo\demo\src\test\resources
2026-02-27 09:53:48,247 [Worker-14: ビルド] INFO  o.a.m.s.f.DefaultMavenResourcesFiltering - Copying 1 resource from src\main\resources to target\classes
2026-02-27 09:53:48,268 [Worker-14: ビルド] INFO  o.a.m.s.f.DefaultMavenResourcesFiltering - Copying 7 resources from src\main\resources to target\classes
2026-02-27 09:53:48,275 [Worker-14: ビルド] INFO  o.a.m.s.f.DefaultMavenResourcesFiltering - skip non existing resourceDirectory C:\springDemo\demo\src\test\resources
2026-02-27 10:11:52,289 [Worker-8: ビルド] INFO  o.a.m.s.f.DefaultMavenResourcesFiltering - Copying 1 resource from src\main\resources to target\classes
2026-02-27 10:11:52,311 [Worker-8: ビルド] INFO  o.a.m.s.f.DefaultMavenResourcesFiltering - Copying 7 resources from src\main\resources to target\classes
2026-02-27 10:11:52,316 [Worker-8: ビルド] INFO  o.a.m.s.f.DefaultMavenResourcesFiltering - skip non existing resourceDirectory C:\springDemo\demo\src\test\resources
2026-02-27 10:12:14,291 [Worker-13: ビルド] INFO  o.a.m.s.f.DefaultMavenResourcesFiltering - Copying 1 resource from src\main\resources to target\classes
2026-02-27 10:12:14,296 [Worker-13: ビルド] INFO  o.a.m.s.f.DefaultMavenResourcesFiltering - Copying 7 resources from src\main\resources to target\classes
2026-02-27 10:12:14,302 [Worker-13: ビルド] INFO  o.a.m.s.f.DefaultMavenResourcesFiltering - skip non existing resourceDirectory C:\springDemo\demo\src\test\resources
2026-02-27 10:12:28,362 [Worker-4: ビルド] INFO  o.a.m.s.f.DefaultMavenResourcesFiltering - Copying 1 resource from src\main\resources to target\classes
2026-02-27 10:12:28,368 [Worker-4: ビルド] INFO  o.a.m.s.f.DefaultMavenResourcesFiltering - Copying 7 resources from src\main\resources to target\classes
2026-02-27 10:12:28,377 [Worker-4: ビルド] INFO  o.a.m.s.f.DefaultMavenResourcesFiltering - skip non existing resourceDirectory C:\springDemo\demo\src\test\resources
2026-02-27 10:12:35,364 [Worker-19: ビルド] INFO  o.a.m.s.f.DefaultMavenResourcesFiltering - Copying 1 resource from src\main\resources to target\classes
2026-02-27 10:12:35,379 [Worker-19: ビルド] INFO  o.a.m.s.f.DefaultMavenResourcesFiltering - Copying 7 resources from src\main\resources to target\classes
2026-02-27 10:12:35,384 [Worker-19: ビルド] INFO  o.a.m.s.f.DefaultMavenResourcesFiltering - skip non existing resourceDirectory C:\springDemo\demo\src\test\resources
2026-02-27 10:18:55,225 [Worker-8: ビルド] INFO  o.a.m.s.f.DefaultMavenResourcesFiltering - Copying 1 resource from src\main\resources to target\classes
2026-02-27 10:18:55,230 [Worker-8: ビルド] INFO  o.a.m.s.f.DefaultMavenResourcesFiltering - Copying 7 resources from src\main\resources to target\classes
2026-02-27 10:18:55,236 [Worker-8: ビルド] INFO  o.a.m.s.f.DefaultMavenResourcesFiltering - skip non existing resourceDirectory C:\springDemo\demo\src\test\resources
2026-02-27 10:20:37,462 [Worker-10: ビルド] INFO  o.a.m.s.f.DefaultMavenResourcesFiltering - Copying 1 resource from src\main\resources to target\classes
2026-02-27 10:20:37,466 [Worker-10: ビルド] INFO  o.a.m.s.f.DefaultMavenResourcesFiltering - Copying 7 resources from src\main\resources to target\classes
2026-02-27 10:20:37,471 [Worker-10: ビルド] INFO  o.a.m.s.f.DefaultMavenResourcesFiltering - skip non existing resourceDirectory C:\springDemo\demo\src\test\resources
2026-02-27 10:22:52,138 [Worker-18: ビルド] INFO  o.a.m.s.f.DefaultMavenResourcesFiltering - Copying 1 resource from src\main\resources to target\classes
2026-02-27 10:22:52,142 [Worker-18: ビルド] INFO  o.a.m.s.f.DefaultMavenResourcesFiltering - Copying 7 resources from src\main\resources to target\classes
2026-02-27 10:22:52,148 [Worker-18: ビルド] INFO  o.a.m.s.f.DefaultMavenResourcesFiltering - skip non existing resourceDirectory C:\springDemo\demo\src\test\resources
2026-02-27 10:23:35,161 [Worker-5: ビルド] INFO  o.a.m.s.f.DefaultMavenResourcesFiltering - Copying 1 resource from src\main\resources to target\classes
2026-02-27 10:23:35,172 [Worker-5: ビルド] INFO  o.a.m.s.f.DefaultMavenResourcesFiltering - Copying 7 resources from src\main\resources to target\classes
2026-02-27 10:23:35,178 [Worker-5: ビルド] INFO  o.a.m.s.f.DefaultMavenResourcesFiltering - skip non existing resourceDirectory C:\springDemo\demo\src\test\resources
2026-02-27 10:24:21,867 [Worker-22: ビルド] INFO  o.a.m.s.f.DefaultMavenResourcesFiltering - Copying 1 resource from src\main\resources to target\classes
2026-02-27 10:24:21,873 [Worker-22: ビルド] INFO  o.a.m.s.f.DefaultMavenResourcesFiltering - Copying 7 resources from src\main\resources to target\classes
2026-02-27 10:24:21,878 [Worker-22: ビルド] INFO  o.a.m.s.f.DefaultMavenResourcesFiltering - skip non existing resourceDirectory C:\springDemo\demo\src\test\resources
2026-02-27 10:24:28,822 [Worker-8: ビルド] INFO  o.a.m.s.f.DefaultMavenResourcesFiltering - Copying 1 resource from src\main\resources to target\classes
2026-02-27 10:24:28,826 [Worker-8: ビルド] INFO  o.a.m.s.f.DefaultMavenResourcesFiltering - Copying 7 resources from src\main\resources to target\classes
2026-02-27 10:24:28,832 [Worker-8: ビルド] INFO  o.a.m.s.f.DefaultMavenResourcesFiltering - skip non existing resourceDirectory C:\springDemo\demo\src\test\resources
2026-02-27 10:24:35,474 [Worker-5: ビルド] INFO  o.a.m.s.f.DefaultMavenResourcesFiltering - Copying 1 resource from src\main\resources to target\classes
2026-02-27 10:24:35,477 [Worker-5: ビルド] INFO  o.a.m.s.f.DefaultMavenResourcesFiltering - Copying 7 resources from src\main\resources to target\classes
2026-02-27 10:24:35,481 [Worker-5: ビルド] INFO  o.a.m.s.f.DefaultMavenResourcesFiltering - skip non existing resourceDirectory C:\springDemo\demo\src\test\resources
2026-02-27 10:25:02,945 [Worker-13: ビルド] INFO  o.a.m.s.f.DefaultMavenResourcesFiltering - Copying 1 resource from src\main\resources to target\classes
2026-02-27 10:25:02,958 [Worker-13: ビルド] INFO  o.a.m.s.f.DefaultMavenResourcesFiltering - Copying 7 resources from src\main\resources to target\classes
2026-02-27 10:25:02,963 [Worker-13: ビルド] INFO  o.a.m.s.f.DefaultMavenResourcesFiltering - skip non existing resourceDirectory C:\springDemo\demo\src\test\resources
2026-02-27 10:25:07,941 [Worker-6: ビルド] INFO  o.a.m.s.f.DefaultMavenResourcesFiltering - Copying 1 resource from src\main\resources to target\classes
2026-02-27 10:25:07,944 [Worker-6: ビルド] INFO  o.a.m.s.f.DefaultMavenResourcesFiltering - Copying 7 resources from src\main\resources to target\classes
2026-02-27 10:25:07,948 [Worker-6: ビルド] INFO  o.a.m.s.f.DefaultMavenResourcesFiltering - skip non existing resourceDirectory C:\springDemo\demo\src\test\resources
2026-02-27 10:27:21,400 [Worker-7: Loading available Gradle versions] INFO  o.e.b.c.i.u.g.PublishedGradleVersions - Gradle version information cache is up-to-date. Trying to read.
2026-02-27 10:27:33,601 [Worker-24: ビルド] INFO  o.a.m.s.f.DefaultMavenResourcesFiltering - Copying 1 resource from src\main\resources to target\classes
2026-02-27 10:27:33,620 [Worker-24: ビルド] INFO  o.a.m.s.f.DefaultMavenResourcesFiltering - Copying 7 resources from src\main\resources to target\classes
2026-02-27 10:27:33,782 [Worker-24: ビルド] INFO  o.a.m.s.f.DefaultMavenResourcesFiltering - skip non existing resourceDirectory C:\springDemo\demo\src\test\resources
2026-02-27 10:27:48,440 [Worker-6: ビルド] INFO  o.a.m.s.f.DefaultMavenResourcesFiltering - Copying 1 resource from src\main\resources to target\classes
2026-02-27 10:27:48,447 [Worker-6: ビルド] INFO  o.a.m.s.f.DefaultMavenResourcesFiltering - Copying 7 resources from src\main\resources to target\classes
2026-02-27 10:27:48,455 [Worker-6: ビルド] INFO  o.a.m.s.f.DefaultMavenResourcesFiltering - skip non existing resourceDirectory C:\springDemo\demo\src\test\resources
2026-02-27 10:37:59,457 [Worker-7: ビルド] INFO  o.a.m.s.f.DefaultMavenResourcesFiltering - Copying 1 resource from src\main\resources to target\classes
2026-02-27 10:37:59,463 [Worker-7: ビルド] INFO  o.a.m.s.f.DefaultMavenResourcesFiltering - Copying 7 resources from src\main\resources to target\classes
2026-02-27 10:37:59,470 [Worker-7: ビルド] INFO  o.a.m.s.f.DefaultMavenResourcesFiltering - skip non existing resourceDirectory C:\springDemo\demo\src\test\resources
2026-02-27 10:38:18,686 [Worker-8: ビルド] INFO  o.a.m.s.f.DefaultMavenResourcesFiltering - Copying 1 resource from src\main\resources to target\classes
2026-02-27 10:38:18,692 [Worker-8: ビルド] INFO  o.a.m.s.f.DefaultMavenResourcesFiltering - Copying 7 resources from src\main\resources to target\classes
2026-02-27 10:38:18,698 [Worker-8: ビルド] INFO  o.a.m.s.f.DefaultMavenResourcesFiltering - skip non existing resourceDirectory C:\springDemo\demo\src\test\resources
2026-02-27 10:39:23,230 [Worker-10: ビルド] INFO  o.a.m.s.f.DefaultMavenResourcesFiltering - Copying 1 resource from src\main\resources to target\classes
2026-02-27 10:39:23,236 [Worker-10: ビルド] INFO  o.a.m.s.f.DefaultMavenResourcesFiltering - Copying 7 resources from src\main\resources to target\classes
2026-02-27 10:39:23,240 [Worker-10: ビルド] INFO  o.a.m.s.f.DefaultMavenResourcesFiltering - skip non existing resourceDirectory C:\springDemo\demo\src\test\resources
2026-02-27 10:40:39,583 [Worker-10: ビルド] INFO  o.a.m.s.f.DefaultMavenResourcesFiltering - Copying 1 resource from src\main\resources to target\classes
2026-02-27 10:40:39,587 [Worker-10: ビルド] INFO  o.a.m.s.f.DefaultMavenResourcesFiltering - Copying 7 resources from src\main\resources to target\classes
2026-02-27 10:40:39,592 [Worker-10: ビルド] INFO  o.a.m.s.f.DefaultMavenResourcesFiltering - skip non existing resourceDirectory C:\springDemo\demo\src\test\resources
2026-02-27 10:42:29,062 [Worker-7: ビルド] INFO  o.a.m.s.f.DefaultMavenResourcesFiltering - Copying 1 resource from src\main\resources to target\classes
2026-02-27 10:42:29,068 [Worker-7: ビルド] INFO  o.a.m.s.f.DefaultMavenResourcesFiltering - Copying 7 resources from src\main\resources to target\classes
2026-02-27 10:42:29,074 [Worker-7: ビルド] INFO  o.a.m.s.f.DefaultMavenResourcesFiltering - skip non existing resourceDirectory C:\springDemo\demo\src\test\resources
2026-02-27 10:45:02,989 [Worker-10: ビルド] INFO  o.a.m.s.f.DefaultMavenResourcesFiltering - Copying 1 resource from src\main\resources to target\classes
2026-02-27 10:45:02,993 [Worker-10: ビルド] INFO  o.a.m.s.f.DefaultMavenResourcesFiltering - Copying 7 resources from src\main\resources to target\classes
2026-02-27 10:45:02,997 [Worker-10: ビルド] INFO  o.a.m.s.f.DefaultMavenResourcesFiltering - skip non existing resourceDirectory C:\springDemo\demo\src\test\resources
2026-02-27 10:51:54,406 [Worker-32: ビルド] INFO  o.a.m.s.f.DefaultMavenResourcesFiltering - Copying 1 resource from src\main\resources to target\classes
2026-02-27 10:51:54,412 [Worker-32: ビルド] INFO  o.a.m.s.f.DefaultMavenResourcesFiltering - Copying 7 resources from src\main\resources to target\classes
2026-02-27 10:51:54,420 [Worker-32: ビルド] INFO  o.a.m.s.f.DefaultMavenResourcesFiltering - skip non existing resourceDirectory C:\springDemo\demo\src\test\resources
2026-02-27 10:52:32,738 [Worker-31: ビルド] INFO  o.a.m.s.f.DefaultMavenResourcesFiltering - Copying 1 resource from src\main\resources to target\classes
2026-02-27 10:52:32,744 [Worker-31: ビルド] INFO  o.a.m.s.f.DefaultMavenResourcesFiltering - Copying 7 resources from src\main\resources to target\classes
2026-02-27 10:52:32,748 [Worker-31: ビルド] INFO  o.a.m.s.f.DefaultMavenResourcesFiltering - skip non existing resourceDirectory C:\springDemo\demo\src\test\resources
2026-02-27 10:52:59,074 [Worker-29: ビルド] INFO  o.a.m.s.f.DefaultMavenResourcesFiltering - Copying 1 resource from src\main\resources to target\classes
2026-02-27 10:52:59,078 [Worker-29: ビルド] INFO  o.a.m.s.f.DefaultMavenResourcesFiltering - Copying 7 resources from src\main\resources to target\classes
2026-02-27 10:52:59,083 [Worker-29: ビルド] INFO  o.a.m.s.f.DefaultMavenResourcesFiltering - skip non existing resourceDirectory C:\springDemo\demo\src\test\resources
2026-02-27 10:54:06,392 [Worker-33: ビルド] INFO  o.a.m.s.f.DefaultMavenResourcesFiltering - Copying 1 resource from src\main\resources to target\classes
2026-02-27 10:54:06,397 [Worker-33: ビルド] INFO  o.a.m.s.f.DefaultMavenResourcesFiltering - Copying 7 resources from src\main\resources to target\classes
2026-02-27 10:54:06,401 [Worker-33: ビルド] INFO  o.a.m.s.f.DefaultMavenResourcesFiltering - skip non existing resourceDirectory C:\springDemo\demo\src\test\resources
2026-02-27 10:56:24,384 [Worker-31: ビルド] INFO  o.a.m.s.f.DefaultMavenResourcesFiltering - Copying 1 resource from src\main\resources to target\classes
2026-02-27 10:56:24,388 [Worker-31: ビルド] INFO  o.a.m.s.f.DefaultMavenResourcesFiltering - Copying 7 resources from src\main\resources to target\classes
2026-02-27 10:56:24,393 [Worker-31: ビルド] INFO  o.a.m.s.f.DefaultMavenResourcesFiltering - skip non existing resourceDirectory C:\springDemo\demo\src\test\resources
2026-02-27 10:56:51,694 [Worker-33: ビルド] INFO  o.a.m.s.f.DefaultMavenResourcesFiltering - Copying 1 resource from src\main\resources to target\classes
2026-02-27 10:56:51,696 [Worker-33: ビルド] INFO  o.a.m.s.f.DefaultMavenResourcesFiltering - Copying 7 resources from src\main\resources to target\classes
2026-02-27 10:56:51,702 [Worker-33: ビルド] INFO  o.a.m.s.f.DefaultMavenResourcesFiltering - skip non existing resourceDirectory C:\springDemo\demo\src\test\resources
2026-02-27 10:58:15,614 [Worker-10: ビルド] INFO  o.a.m.s.f.DefaultMavenResourcesFiltering - Copying 1 resource from src\main\resources to target\classes
2026-02-27 10:58:15,624 [Worker-10: ビルド] INFO  o.a.m.s.f.DefaultMavenResourcesFiltering - Copying 7 resources from src\main\resources to target\classes
2026-02-27 10:58:15,631 [Worker-10: ビルド] INFO  o.a.m.s.f.DefaultMavenResourcesFiltering - skip non existing resourceDirectory C:\springDemo\demo\src\test\resources
2026-02-27 11:02:14,279 [Worker-29: ビルド] INFO  o.a.m.s.f.DefaultMavenResourcesFiltering - Copying 1 resource from src\main\resources to target\classes
2026-02-27 11:02:14,285 [Worker-29: ビルド] INFO  o.a.m.s.f.DefaultMavenResourcesFiltering - Copying 7 resources from src\main\resources to target\classes
2026-02-27 11:02:14,292 [Worker-29: ビルド] INFO  o.a.m.s.f.DefaultMavenResourcesFiltering - skip non existing resourceDirectory C:\springDemo\demo\src\test\resources
2026-02-27 11:05:16,703 [Worker-34: ビルド] INFO  o.a.m.s.f.DefaultMavenResourcesFiltering - Copying 1 resource from src\main\resources to target\classes
2026-02-27 11:05:16,710 [Worker-34: ビルド] INFO  o.a.m.s.f.DefaultMavenResourcesFiltering - Copying 7 resources from src\main\resources to target\classes
2026-02-27 11:05:16,717 [Worker-34: ビルド] INFO  o.a.m.s.f.DefaultMavenResourcesFiltering - skip non existing resourceDirectory C:\springDemo\demo\src\test\resources
2026-02-27 11:08:49,258 [Worker-29: ビルド] INFO  o.a.m.s.f.DefaultMavenResourcesFiltering - Copying 1 resource from src\main\resources to target\classes
2026-02-27 11:08:49,266 [Worker-29: ビルド] INFO  o.a.m.s.f.DefaultMavenResourcesFiltering - Copying 7 resources from src\main\resources to target\classes
2026-02-27 11:08:49,276 [Worker-29: ビルド] INFO  o.a.m.s.f.DefaultMavenResourcesFiltering - skip non existing resourceDirectory C:\springDemo\demo\src\test\resources
2026-02-27 11:09:53,563 [Worker-33: ビルド] INFO  o.a.m.s.f.DefaultMavenResourcesFiltering - Copying 1 resource from src\main\resources to target\classes
2026-02-27 11:09:53,577 [Worker-33: ビルド] INFO  o.a.m.s.f.DefaultMavenResourcesFiltering - Copying 7 resources from src\main\resources to target\classes
2026-02-27 11:09:53,584 [Worker-33: ビルド] INFO  o.a.m.s.f.DefaultMavenResourcesFiltering - skip non existing resourceDirectory C:\springDemo\demo\src\test\resources
2026-02-27 11:13:58,481 [Worker-10: ビルド] INFO  o.a.m.s.f.DefaultMavenResourcesFiltering - Copying 1 resource from src\main\resources to target\classes
2026-02-27 11:13:58,487 [Worker-10: ビルド] INFO  o.a.m.s.f.DefaultMavenResourcesFiltering - Copying 7 resources from src\main\resources to target\classes
2026-02-27 11:13:58,492 [Worker-10: ビルド] INFO  o.a.m.s.f.DefaultMavenResourcesFiltering - skip non existing resourceDirectory C:\springDemo\demo\src\test\resources
2026-02-27 11:24:24,614 [Worker-10: ビルド] INFO  o.a.m.s.f.DefaultMavenResourcesFiltering - Copying 1 resource from src\main\resources to target\classes
2026-02-27 11:24:24,620 [Worker-10: ビルド] INFO  o.a.m.s.f.DefaultMavenResourcesFiltering - Copying 7 resources from src\main\resources to target\classes
2026-02-27 11:24:24,625 [Worker-10: ビルド] INFO  o.a.m.s.f.DefaultMavenResourcesFiltering - skip non existing resourceDirectory C:\springDemo\demo\src\test\resources
2026-02-27 11:27:13,227 [Worker-35: ビルド] INFO  o.a.m.s.f.DefaultMavenResourcesFiltering - Copying 1 resource from src\main\resources to target\classes
2026-02-27 11:27:13,231 [Worker-35: ビルド] INFO  o.a.m.s.f.DefaultMavenResourcesFiltering - Copying 7 resources from src\main\resources to target\classes
2026-02-27 11:27:13,238 [Worker-35: ビルド] INFO  o.a.m.s.f.DefaultMavenResourcesFiltering - skip non existing resourceDirectory C:\springDemo\demo\src\test\resources
2026-02-27 11:51:33,666 [Worker-29: ビルド] INFO  o.a.m.s.f.DefaultMavenResourcesFiltering - Copying 1 resource from src\main\resources to target\classes
2026-02-27 11:51:33,818 [Worker-29: ビルド] INFO  o.a.m.s.f.DefaultMavenResourcesFiltering - Copying 7 resources from src\main\resources to target\classes
2026-02-27 11:51:33,832 [Worker-29: ビルド] INFO  o.a.m.s.f.DefaultMavenResourcesFiltering - skip non existing resourceDirectory C:\springDemo\demo\src\test\resources
2026-02-27 11:52:11,063 [Worker-37: ビルド] INFO  o.a.m.s.f.DefaultMavenResourcesFiltering - Copying 1 resource from src\main\resources to target\classes
2026-02-27 11:52:11,099 [Worker-37: ビルド] INFO  o.a.m.s.f.DefaultMavenResourcesFiltering - Copying 7 resources from src\main\resources to target\classes
2026-02-27 11:52:11,104 [Worker-37: ビルド] INFO  o.a.m.s.f.DefaultMavenResourcesFiltering - skip non existing resourceDirectory C:\springDemo\demo\src\test\resources
2026-02-27 12:07:53,320 [Worker-33: ビルド] INFO  o.a.m.s.f.DefaultMavenResourcesFiltering - Copying 1 resource from src\main\resources to target\classes
2026-02-27 12:07:53,325 [Worker-33: ビルド] INFO  o.a.m.s.f.DefaultMavenResourcesFiltering - Copying 7 resources from src\main\resources to target\classes
2026-02-27 12:07:53,331 [Worker-33: ビルド] INFO  o.a.m.s.f.DefaultMavenResourcesFiltering - skip non existing resourceDirectory C:\springDemo\demo\src\test\resources
2026-02-27 12:08:02,213 [Worker-41: ビルド] INFO  o.a.m.s.f.DefaultMavenResourcesFiltering - Copying 1 resource from src\main\resources to target\classes
2026-02-27 12:08:02,226 [Worker-41: ビルド] INFO  o.a.m.s.f.DefaultMavenResourcesFiltering - Copying 7 resources from src\main\resources to target\classes
2026-02-27 12:08:02,232 [Worker-41: ビルド] INFO  o.a.m.s.f.DefaultMavenResourcesFiltering - skip non existing resourceDirectory C:\springDemo\demo\src\test\resources
2026-02-27 12:08:28,609 [Worker-39: ビルド] INFO  o.a.m.s.f.DefaultMavenResourcesFiltering - Copying 1 resource from src\main\resources to target\classes
2026-02-27 12:08:28,614 [Worker-39: ビルド] INFO  o.a.m.s.f.DefaultMavenResourcesFiltering - Copying 7 resources from src\main\resources to target\classes
2026-02-27 12:08:28,618 [Worker-39: ビルド] INFO  o.a.m.s.f.DefaultMavenResourcesFiltering - skip non existing resourceDirectory C:\springDemo\demo\src\test\resources
2026-02-27 12:08:48,388 [Worker-33: ビルド] INFO  o.a.m.s.f.DefaultMavenResourcesFiltering - Copying 1 resource from src\main\resources to target\classes
2026-02-27 12:08:48,391 [Worker-33: ビルド] INFO  o.a.m.s.f.DefaultMavenResourcesFiltering - Copying 7 resources from src\main\resources to target\classes
2026-02-27 12:08:48,396 [Worker-33: ビルド] INFO  o.a.m.s.f.DefaultMavenResourcesFiltering - skip non existing resourceDirectory C:\springDemo\demo\src\test\resources
2026-02-27 12:09:01,025 [Worker-41: ビルド] INFO  o.a.m.s.f.DefaultMavenResourcesFiltering - Copying 1 resource from src\main\resources to target\classes
2026-02-27 12:09:01,029 [Worker-41: ビルド] INFO  o.a.m.s.f.DefaultMavenResourcesFiltering - Copying 7 resources from src\main\resources to target\classes
2026-02-27 12:09:01,033 [Worker-41: ビルド] INFO  o.a.m.s.f.DefaultMavenResourcesFiltering - skip non existing resourceDirectory C:\springDemo\demo\src\test\resources
2026-02-27 12:14:59,716 [Worker-35: ビルド] INFO  o.a.m.s.f.DefaultMavenResourcesFiltering - Copying 1 resource from src\main\resources to target\classes
2026-02-27 12:14:59,721 [Worker-35: ビルド] INFO  o.a.m.s.f.DefaultMavenResourcesFiltering - Copying 7 resources from src\main\resources to target\classes
2026-02-27 12:14:59,726 [Worker-35: ビルド] INFO  o.a.m.s.f.DefaultMavenResourcesFiltering - skip non existing resourceDirectory C:\springDemo\demo\src\test\resources
2026-02-27 12:15:04,011 [Worker-40: ビルド] INFO  o.a.m.s.f.DefaultMavenResourcesFiltering - Copying 1 resource from src\main\resources to target\classes
2026-02-27 12:15:04,019 [Worker-40: ビルド] INFO  o.a.m.s.f.DefaultMavenResourcesFiltering - Copying 7 resources from src\main\resources to target\classes
2026-02-27 12:15:04,023 [Worker-40: ビルド] INFO  o.a.m.s.f.DefaultMavenResourcesFiltering - skip non existing resourceDirectory C:\springDemo\demo\src\test\resources
2026-02-27 12:15:52,058 [Worker-42: ビルド] INFO  o.a.m.s.f.DefaultMavenResourcesFiltering - Copying 1 resource from src\main\resources to target\classes
2026-02-27 12:15:52,062 [Worker-42: ビルド] INFO  o.a.m.s.f.DefaultMavenResourcesFiltering - Copying 7 resources from src\main\resources to target\classes
2026-02-27 12:15:52,067 [Worker-42: ビルド] INFO  o.a.m.s.f.DefaultMavenResourcesFiltering - skip non existing resourceDirectory C:\springDemo\demo\src\test\resources
2026-02-27 12:15:59,465 [Worker-35: ビルド] INFO  o.a.m.s.f.DefaultMavenResourcesFiltering - Copying 1 resource from src\main\resources to target\classes
2026-02-27 12:15:59,471 [Worker-35: ビルド] INFO  o.a.m.s.f.DefaultMavenResourcesFiltering - Copying 7 resources from src\main\resources to target\classes
2026-02-27 12:15:59,475 [Worker-35: ビルド] INFO  o.a.m.s.f.DefaultMavenResourcesFiltering - skip non existing resourceDirectory C:\springDemo\demo\src\test\resources
2026-02-27 13:37:29,998 [Worker-48: ビルド] INFO  o.a.m.s.f.DefaultMavenResourcesFiltering - Copying 1 resource from src\main\resources to target\classes
2026-02-27 13:37:30,024 [Worker-48: ビルド] INFO  o.a.m.s.f.DefaultMavenResourcesFiltering - Copying 7 resources from src\main\resources to target\classes
2026-02-27 13:37:30,032 [Worker-48: ビルド] INFO  o.a.m.s.f.DefaultMavenResourcesFiltering - skip non existing resourceDirectory C:\springDemo\demo\src\test\resources
2026-02-27 13:38:20,542 [Worker-40: ビルド] INFO  o.a.m.s.f.DefaultMavenResourcesFiltering - Copying 1 resource from src\main\resources to target\classes
2026-02-27 13:38:20,546 [Worker-40: ビルド] INFO  o.a.m.s.f.DefaultMavenResourcesFiltering - Copying 7 resources from src\main\resources to target\classes
2026-02-27 13:38:20,550 [Worker-40: ビルド] INFO  o.a.m.s.f.DefaultMavenResourcesFiltering - skip non existing resourceDirectory C:\springDemo\demo\src\test\resources
2026-02-27 13:38:27,885 [Worker-48: ビルド] INFO  o.a.m.s.f.DefaultMavenResourcesFiltering - Copying 1 resource from src\main\resources to target\classes
2026-02-27 13:38:27,891 [Worker-48: ビルド] INFO  o.a.m.s.f.DefaultMavenResourcesFiltering - Copying 7 resources from src\main\resources to target\classes
2026-02-27 13:38:27,896 [Worker-48: ビルド] INFO  o.a.m.s.f.DefaultMavenResourcesFiltering - skip non existing resourceDirectory C:\springDemo\demo\src\test\resources
2026-02-27 13:40:25,455 [Worker-48: ビルド] INFO  o.a.m.s.f.DefaultMavenResourcesFiltering - Copying 1 resource from src\main\resources to target\classes
2026-02-27 13:40:25,465 [Worker-48: ビルド] INFO  o.a.m.s.f.DefaultMavenResourcesFiltering - Copying 7 resources from src\main\resources to target\classes
2026-02-27 13:40:25,469 [Worker-48: ビルド] INFO  o.a.m.s.f.DefaultMavenResourcesFiltering - skip non existing resourceDirectory C:\springDemo\demo\src\test\resources
2026-02-27 13:44:08,631 [Worker-45: ビルド] INFO  o.a.m.s.f.DefaultMavenResourcesFiltering - Copying 1 resource from src\main\resources to target\classes
2026-02-27 13:44:08,643 [Worker-45: ビルド] INFO  o.a.m.s.f.DefaultMavenResourcesFiltering - Copying 7 resources from src\main\resources to target\classes
2026-02-27 13:44:08,647 [Worker-45: ビルド] INFO  o.a.m.s.f.DefaultMavenResourcesFiltering - skip non existing resourceDirectory C:\springDemo\demo\src\test\resources
2026-02-27 13:44:16,266 [Worker-45: ビルド] INFO  o.a.m.s.f.DefaultMavenResourcesFiltering - Copying 1 resource from src\main\resources to target\classes
2026-02-27 13:44:16,272 [Worker-45: ビルド] INFO  o.a.m.s.f.DefaultMavenResourcesFiltering - Copying 7 resources from src\main\resources to target\classes
2026-02-27 13:44:16,276 [Worker-45: ビルド] INFO  o.a.m.s.f.DefaultMavenResourcesFiltering - skip non existing resourceDirectory C:\springDemo\demo\src\test\resources
2026-02-27 13:44:36,757 [Worker-40: ビルド] INFO  o.a.m.s.f.DefaultMavenResourcesFiltering - Copying 1 resource from src\main\resources to target\classes
2026-02-27 13:44:36,765 [Worker-40: ビルド] INFO  o.a.m.s.f.DefaultMavenResourcesFiltering - Copying 7 resources from src\main\resources to target\classes
2026-02-27 13:44:36,770 [Worker-40: ビルド] INFO  o.a.m.s.f.DefaultMavenResourcesFiltering - skip non existing resourceDirectory C:\springDemo\demo\src\test\resources
2026-02-27 13:45:13,716 [Worker-48: ビルド] INFO  o.a.m.s.f.DefaultMavenResourcesFiltering - Copying 1 resource from src\main\resources to target\classes
2026-02-27 13:45:13,720 [Worker-48: ビルド] INFO  o.a.m.s.f.DefaultMavenResourcesFiltering - Copying 7 resources from src\main\resources to target\classes
2026-02-27 13:45:13,724 [Worker-48: ビルド] INFO  o.a.m.s.f.DefaultMavenResourcesFiltering - skip non existing resourceDirectory C:\springDemo\demo\src\test\resources
2026-02-27 13:47:51,698 [Worker-53: ビルド] INFO  o.a.m.s.f.DefaultMavenResourcesFiltering - Copying 1 resource from src\main\resources to target\classes
2026-02-27 13:47:51,711 [Worker-53: ビルド] INFO  o.a.m.s.f.DefaultMavenResourcesFiltering - Copying 7 resources from src\main\resources to target\classes
2026-02-27 13:47:51,718 [Worker-53: ビルド] INFO  o.a.m.s.f.DefaultMavenResourcesFiltering - skip non existing resourceDirectory C:\springDemo\demo\src\test\resources
2026-02-27 13:51:11,345 [Worker-52: ビルド] INFO  o.a.m.s.f.DefaultMavenResourcesFiltering - Copying 1 resource from src\main\resources to target\classes
2026-02-27 13:51:11,353 [Worker-52: ビルド] INFO  o.a.m.s.f.DefaultMavenResourcesFiltering - Copying 7 resources from src\main\resources to target\classes
2026-02-27 13:51:11,361 [Worker-52: ビルド] INFO  o.a.m.s.f.DefaultMavenResourcesFiltering - skip non existing resourceDirectory C:\springDemo\demo\src\test\resources
2026-02-27 13:53:06,400 [Worker-54: ビルド] INFO  o.a.m.s.f.DefaultMavenResourcesFiltering - Copying 1 resource from src\main\resources to target\classes
2026-02-27 13:53:06,416 [Worker-54: ビルド] INFO  o.a.m.s.f.DefaultMavenResourcesFiltering - Copying 7 resources from src\main\resources to target\classes
2026-02-27 13:53:06,421 [Worker-54: ビルド] INFO  o.a.m.s.f.DefaultMavenResourcesFiltering - skip non existing resourceDirectory C:\springDemo\demo\src\test\resources
2026-02-27 13:57:47,931 [Worker-57: ビルド] INFO  o.a.m.s.f.DefaultMavenResourcesFiltering - Copying 1 resource from src\main\resources to target\classes
2026-02-27 13:57:47,935 [Worker-57: ビルド] INFO  o.a.m.s.f.DefaultMavenResourcesFiltering - Copying 7 resources from src\main\resources to target\classes
2026-02-27 13:57:47,939 [Worker-57: ビルド] INFO  o.a.m.s.f.DefaultMavenResourcesFiltering - skip non existing resourceDirectory C:\springDemo\demo\src\test\resources
2026-02-27 13:57:55,552 [Worker-57: ビルド] INFO  o.a.m.s.f.DefaultMavenResourcesFiltering - Copying 1 resource from src\main\resources to target\classes
2026-02-27 13:57:55,555 [Worker-57: ビルド] INFO  o.a.m.s.f.DefaultMavenResourcesFiltering - Copying 7 resources from src\main\resources to target\classes
2026-02-27 13:57:55,558 [Worker-57: ビルド] INFO  o.a.m.s.f.DefaultMavenResourcesFiltering - skip non existing resourceDirectory C:\springDemo\demo\src\test\resources
2026-02-27 13:58:08,086 [Worker-56: ビルド] INFO  o.a.m.s.f.DefaultMavenResourcesFiltering - Copying 1 resource from src\main\resources to target\classes
2026-02-27 13:58:08,090 [Worker-56: ビルド] INFO  o.a.m.s.f.DefaultMavenResourcesFiltering - Copying 7 resources from src\main\resources to target\classes
2026-02-27 13:58:08,096 [Worker-56: ビルド] INFO  o.a.m.s.f.DefaultMavenResourcesFiltering - skip non existing resourceDirectory C:\springDemo\demo\src\test\resources
2026-02-27 13:59:10,728 [Worker-60: ビルド] INFO  o.a.m.s.f.DefaultMavenResourcesFiltering - Copying 1 resource from src\main\resources to target\classes
2026-02-27 13:59:10,739 [Worker-60: ビルド] INFO  o.a.m.s.f.DefaultMavenResourcesFiltering - Copying 7 resources from src\main\resources to target\classes
2026-02-27 13:59:10,745 [Worker-60: ビルド] INFO  o.a.m.s.f.DefaultMavenResourcesFiltering - skip non existing resourceDirectory C:\springDemo\demo\src\test\resources
2026-02-27 13:59:17,231 [Worker-60: ビルド] INFO  o.a.m.s.f.DefaultMavenResourcesFiltering - Copying 1 resource from src\main\resources to target\classes
2026-02-27 13:59:17,238 [Worker-60: ビルド] INFO  o.a.m.s.f.DefaultMavenResourcesFiltering - Copying 7 resources from src\main\resources to target\classes
2026-02-27 13:59:17,243 [Worker-60: ビルド] INFO  o.a.m.s.f.DefaultMavenResourcesFiltering - skip non existing resourceDirectory C:\springDemo\demo\src\test\resources
2026-02-27 14:25:05,055 [Worker-68: ビルド] INFO  o.a.m.s.f.DefaultMavenResourcesFiltering - Copying 1 resource from src\main\resources to target\classes
2026-02-27 14:25:05,060 [Worker-68: ビルド] INFO  o.a.m.s.f.DefaultMavenResourcesFiltering - Copying 7 resources from src\main\resources to target\classes
2026-02-27 14:25:05,067 [Worker-68: ビルド] INFO  o.a.m.s.f.DefaultMavenResourcesFiltering - skip non existing resourceDirectory C:\springDemo\demo\src\test\resources
2026-02-27 14:26:09,018 [Worker-64: ビルド] INFO  o.a.m.s.f.DefaultMavenResourcesFiltering - Copying 1 resource from src\main\resources to target\classes
2026-02-27 14:26:09,024 [Worker-64: ビルド] INFO  o.a.m.s.f.DefaultMavenResourcesFiltering - Copying 7 resources from src\main\resources to target\classes
2026-02-27 14:26:09,034 [Worker-64: ビルド] INFO  o.a.m.s.f.DefaultMavenResourcesFiltering - skip non existing resourceDirectory C:\springDemo\demo\src\test\resources
2026-02-27 14:26:43,962 [Worker-69: ビルド] INFO  o.a.m.s.f.DefaultMavenResourcesFiltering - Copying 1 resource from src\main\resources to target\classes
2026-02-27 14:26:43,966 [Worker-69: ビルド] INFO  o.a.m.s.f.DefaultMavenResourcesFiltering - Copying 7 resources from src\main\resources to target\classes
2026-02-27 14:26:43,973 [Worker-69: ビルド] INFO  o.a.m.s.f.DefaultMavenResourcesFiltering - skip non existing resourceDirectory C:\springDemo\demo\src\test\resources
2026-02-27 14:28:25,527 [Worker-70: ビルド] INFO  o.a.m.s.f.DefaultMavenResourcesFiltering - Copying 1 resource from src\main\resources to target\classes
2026-02-27 14:28:25,539 [Worker-70: ビルド] INFO  o.a.m.s.f.DefaultMavenResourcesFiltering - Copying 7 resources from src\main\resources to target\classes
2026-02-27 14:28:25,548 [Worker-70: ビルド] INFO  o.a.m.s.f.DefaultMavenResourcesFiltering - skip non existing resourceDirectory C:\springDemo\demo\src\test\resources
2026-02-27 14:28:37,500 [Worker-69: ビルド] INFO  o.a.m.s.f.DefaultMavenResourcesFiltering - Copying 1 resource from src\main\resources to target\classes
2026-02-27 14:28:37,505 [Worker-69: ビルド] INFO  o.a.m.s.f.DefaultMavenResourcesFiltering - Copying 7 resources from src\main\resources to target\classes
2026-02-27 14:28:37,513 [Worker-69: ビルド] INFO  o.a.m.s.f.DefaultMavenResourcesFiltering - skip non existing resourceDirectory C:\springDemo\demo\src\test\resources
2026-02-27 14:29:57,820 [Worker-68: ビルド] INFO  o.a.m.s.f.DefaultMavenResourcesFiltering - Copying 1 resource from src\main\resources to target\classes
2026-02-27 14:29:57,825 [Worker-68: ビルド] INFO  o.a.m.s.f.DefaultMavenResourcesFiltering - Copying 7 resources from src\main\resources to target\classes
2026-02-27 14:29:57,831 [Worker-68: ビルド] INFO  o.a.m.s.f.DefaultMavenResourcesFiltering - skip non existing resourceDirectory C:\springDemo\demo\src\test\resources
2026-02-27 14:30:38,892 [Worker-69: ビルド] INFO  o.a.m.s.f.DefaultMavenResourcesFiltering - Copying 1 resource from src\main\resources to target\classes
2026-02-27 14:30:38,896 [Worker-69: ビルド] INFO  o.a.m.s.f.DefaultMavenResourcesFiltering - Copying 7 resources from src\main\resources to target\classes
2026-02-27 14:30:38,900 [Worker-69: ビルド] INFO  o.a.m.s.f.DefaultMavenResourcesFiltering - skip non existing resourceDirectory C:\springDemo\demo\src\test\resources
2026-02-27 14:31:35,029 [Worker-69: ビルド] INFO  o.a.m.s.f.DefaultMavenResourcesFiltering - Copying 1 resource from src\main\resources to target\classes
2026-02-27 14:31:35,033 [Worker-69: ビルド] INFO  o.a.m.s.f.DefaultMavenResourcesFiltering - Copying 7 resources from src\main\resources to target\classes
2026-02-27 14:31:35,039 [Worker-69: ビルド] INFO  o.a.m.s.f.DefaultMavenResourcesFiltering - skip non existing resourceDirectory C:\springDemo\demo\src\test\resources
2026-02-27 14:31:39,100 [Worker-62: ビルド] INFO  o.a.m.s.f.DefaultMavenResourcesFiltering - Copying 1 resource from src\main\resources to target\classes
2026-02-27 14:31:39,103 [Worker-62: ビルド] INFO  o.a.m.s.f.DefaultMavenResourcesFiltering - Copying 7 resources from src\main\resources to target\classes
2026-02-27 14:31:39,108 [Worker-62: ビルド] INFO  o.a.m.s.f.DefaultMavenResourcesFiltering - skip non existing resourceDirectory C:\springDemo\demo\src\test\resources
2026-02-27 14:32:22,252 [Worker-68: ビルド] INFO  o.a.m.s.f.DefaultMavenResourcesFiltering - Copying 1 resource from src\main\resources to target\classes
2026-02-27 14:32:22,260 [Worker-68: ビルド] INFO  o.a.m.s.f.DefaultMavenResourcesFiltering - Copying 7 resources from src\main\resources to target\classes
2026-02-27 14:32:22,267 [Worker-68: ビルド] INFO  o.a.m.s.f.DefaultMavenResourcesFiltering - skip non existing resourceDirectory C:\springDemo\demo\src\test\resources
2026-02-27 14:35:45,800 [Worker-73: ビルド] INFO  o.a.m.s.f.DefaultMavenResourcesFiltering - Copying 1 resource from src\main\resources to target\classes
2026-02-27 14:35:45,811 [Worker-73: ビルド] INFO  o.a.m.s.f.DefaultMavenResourcesFiltering - Copying 7 resources from src\main\resources to target\classes
2026-02-27 14:35:45,823 [Worker-73: ビルド] INFO  o.a.m.s.f.DefaultMavenResourcesFiltering - skip non existing resourceDirectory C:\springDemo\demo\src\test\resources
2026-02-27 14:37:21,293 [Worker-73: ビルド] INFO  o.a.m.s.f.DefaultMavenResourcesFiltering - Copying 1 resource from src\main\resources to target\classes
2026-02-27 14:37:21,304 [Worker-73: ビルド] INFO  o.a.m.s.f.DefaultMavenResourcesFiltering - Copying 7 resources from src\main\resources to target\classes
2026-02-27 14:37:21,310 [Worker-73: ビルド] INFO  o.a.m.s.f.DefaultMavenResourcesFiltering - skip non existing resourceDirectory C:\springDemo\demo\src\test\resources
2026-02-27 14:53:50,932 [Worker-79: ビルド] INFO  o.a.m.s.f.DefaultMavenResourcesFiltering - Copying 1 resource from src\main\resources to target\classes
2026-02-27 14:53:50,946 [Worker-79: ビルド] INFO  o.a.m.s.f.DefaultMavenResourcesFiltering - Copying 7 resources from src\main\resources to target\classes
2026-02-27 14:53:50,955 [Worker-79: ビルド] INFO  o.a.m.s.f.DefaultMavenResourcesFiltering - skip non existing resourceDirectory C:\springDemo\demo\src\test\resources
2026-02-27 14:53:59,001 [Worker-78: ビルド] INFO  o.a.m.s.f.DefaultMavenResourcesFiltering - Copying 1 resource from src\main\resources to target\classes
2026-02-27 14:53:59,012 [Worker-78: ビルド] INFO  o.a.m.s.f.DefaultMavenResourcesFiltering - Copying 7 resources from src\main\resources to target\classes
2026-02-27 14:53:59,019 [Worker-78: ビルド] INFO  o.a.m.s.f.DefaultMavenResourcesFiltering - skip non existing resourceDirectory C:\springDemo\demo\src\test\resources
2026-02-27 14:56:02,846 [Worker-75: ビルド] INFO  o.a.m.s.f.DefaultMavenResourcesFiltering - Copying 1 resource from src\main\resources to target\classes
2026-02-27 14:56:02,853 [Worker-75: ビルド] INFO  o.a.m.s.f.DefaultMavenResourcesFiltering - Copying 7 resources from src\main\resources to target\classes
2026-02-27 14:56:02,860 [Worker-75: ビルド] INFO  o.a.m.s.f.DefaultMavenResourcesFiltering - skip non existing resourceDirectory C:\springDemo\demo\src\test\resources
2026-02-27 14:56:47,405 [Worker-78: ビルド] INFO  o.a.m.s.f.DefaultMavenResourcesFiltering - Copying 0 resource from src\main\resources to target\classes
2026-02-27 14:56:47,407 [Worker-78: ビルド] INFO  o.a.m.s.f.DefaultMavenResourcesFiltering - Copying 1 resource from src\main\resources to target\classes
2026-02-27 14:56:47,407 [Worker-78: ビルド] INFO  o.a.m.s.f.DefaultMavenResourcesFiltering - skip non existing resourceDirectory C:\springDemo\demo\src\test\resources
2026-02-27 14:57:36,691 [Worker-81: ビルド] INFO  o.a.m.s.f.DefaultMavenResourcesFiltering - Copying 0 resource from src\main\resources to target\classes
2026-02-27 14:57:36,709 [Worker-81: ビルド] INFO  o.a.m.s.f.DefaultMavenResourcesFiltering - Copying 1 resource from src\main\resources to target\classes
2026-02-27 14:57:36,718 [Worker-81: ビルド] INFO  o.a.m.s.f.DefaultMavenResourcesFiltering - skip non existing resourceDirectory C:\springDemo\demo\src\test\resources
2026-02-27 14:58:01,890 [Worker-75: ビルド] INFO  o.a.m.s.f.DefaultMavenResourcesFiltering - Copying 0 resource from src\main\resources to target\classes
2026-02-27 14:58:01,890 [Worker-75: ビルド] INFO  o.a.m.s.f.DefaultMavenResourcesFiltering - Copying 1 resource from src\main\resources to target\classes
2026-02-27 14:58:01,890 [Worker-75: ビルド] INFO  o.a.m.s.f.DefaultMavenResourcesFiltering - skip non existing resourceDirectory C:\springDemo\demo\src\test\resources
2026-02-27 14:58:18,991 [Worker-80: ビルド] INFO  o.a.m.s.f.DefaultMavenResourcesFiltering - Copying 0 resource from src\main\resources to target\classes
2026-02-27 14:58:18,991 [Worker-80: ビルド] INFO  o.a.m.s.f.DefaultMavenResourcesFiltering - Copying 1 resource from src\main\resources to target\classes
2026-02-27 14:58:18,991 [Worker-80: ビルド] INFO  o.a.m.s.f.DefaultMavenResourcesFiltering - skip non existing resourceDirectory C:\springDemo\demo\src\test\resources
2026-02-27 15:07:23,495 [Worker-81: ビルド] INFO  o.a.m.s.f.DefaultMavenResourcesFiltering - Copying 0 resource from src\main\resources to target\classes
2026-02-27 15:07:23,495 [Worker-81: ビルド] INFO  o.a.m.s.f.DefaultMavenResourcesFiltering - Copying 1 resource from src\main\resources to target\classes
2026-02-27 15:07:23,516 [Worker-81: ビルド] INFO  o.a.m.s.f.DefaultMavenResourcesFiltering - skip non existing resourceDirectory C:\springDemo\demo\src\test\resources
2026-02-27 15:07:44,679 [Worker-78: ビルド] INFO  o.a.m.s.f.DefaultMavenResourcesFiltering - Copying 0 resource from src\main\resources to target\classes
2026-02-27 15:07:44,684 [Worker-78: ビルド] INFO  o.a.m.s.f.DefaultMavenResourcesFiltering - Copying 1 resource from src\main\resources to target\classes
2026-02-27 15:07:44,691 [Worker-78: ビルド] INFO  o.a.m.s.f.DefaultMavenResourcesFiltering - skip non existing resourceDirectory C:\springDemo\demo\src\test\resources
2026-02-27 15:12:34,559 [Worker-84: ビルド] INFO  o.a.m.s.f.DefaultMavenResourcesFiltering - Copying 0 resource from src\main\resources to target\classes
2026-02-27 15:12:34,564 [Worker-84: ビルド] INFO  o.a.m.s.f.DefaultMavenResourcesFiltering - Copying 1 resource from src\main\resources to target\classes
2026-02-27 15:12:34,574 [Worker-84: ビルド] INFO  o.a.m.s.f.DefaultMavenResourcesFiltering - skip non existing resourceDirectory C:\springDemo\demo\src\test\resources
2026-02-27 15:14:31,958 [Worker-79: ビルド] INFO  o.a.m.s.f.DefaultMavenResourcesFiltering - Copying 0 resource from src\main\resources to target\classes
2026-02-27 15:14:31,962 [Worker-79: ビルド] INFO  o.a.m.s.f.DefaultMavenResourcesFiltering - Copying 1 resource from src\main\resources to target\classes
2026-02-27 15:14:31,969 [Worker-79: ビルド] INFO  o.a.m.s.f.DefaultMavenResourcesFiltering - skip non existing resourceDirectory C:\springDemo\demo\src\test\resources
2026-02-27 15:14:37,969 [Worker-83: ビルド] INFO  o.a.m.s.f.DefaultMavenResourcesFiltering - Copying 0 resource from src\main\resources to target\classes
2026-02-27 15:14:37,973 [Worker-83: ビルド] INFO  o.a.m.s.f.DefaultMavenResourcesFiltering - Copying 1 resource from src\main\resources to target\classes
2026-02-27 15:14:37,981 [Worker-83: ビルド] INFO  o.a.m.s.f.DefaultMavenResourcesFiltering - skip non existing resourceDirectory C:\springDemo\demo\src\test\resources
2026-02-27 15:16:27,274 [Worker-81: ビルド] INFO  o.a.m.s.f.DefaultMavenResourcesFiltering - Copying 0 resource from src\main\resources to target\classes
2026-02-27 15:16:27,276 [Worker-81: ビルド] INFO  o.a.m.s.f.DefaultMavenResourcesFiltering - Copying 1 resource from src\main\resources to target\classes
2026-02-27 15:16:27,282 [Worker-81: ビルド] INFO  o.a.m.s.f.DefaultMavenResourcesFiltering - skip non existing resourceDirectory C:\springDemo\demo\src\test\resources
2026-02-27 15:17:20,457 [Worker-81: ビルド] INFO  o.a.m.s.f.DefaultMavenResourcesFiltering - Copying 0 resource from src\main\resources to target\classes
2026-02-27 15:17:20,459 [Worker-81: ビルド] INFO  o.a.m.s.f.DefaultMavenResourcesFiltering - Copying 1 resource from src\main\resources to target\classes
2026-02-27 15:17:20,464 [Worker-81: ビルド] INFO  o.a.m.s.f.DefaultMavenResourcesFiltering - skip non existing resourceDirectory C:\springDemo\demo\src\test\resources
2026-02-27 15:18:38,376 [Worker-84: ビルド] INFO  o.a.m.s.f.DefaultMavenResourcesFiltering - Copying 0 resource from src\main\resources to target\classes
2026-02-27 15:18:38,378 [Worker-84: ビルド] INFO  o.a.m.s.f.DefaultMavenResourcesFiltering - Copying 1 resource from src\main\resources to target\classes
2026-02-27 15:18:38,385 [Worker-84: ビルド] INFO  o.a.m.s.f.DefaultMavenResourcesFiltering - skip non existing resourceDirectory C:\springDemo\demo\src\test\resources
2026-02-27 15:19:35,682 [Worker-78: ビルド] INFO  o.a.m.s.f.DefaultMavenResourcesFiltering - Copying 0 resource from src\main\resources to target\classes
2026-02-27 15:19:35,683 [Worker-78: ビルド] INFO  o.a.m.s.f.DefaultMavenResourcesFiltering - Copying 1 resource from src\main\resources to target\classes
2026-02-27 15:19:35,689 [Worker-78: ビルド] INFO  o.a.m.s.f.DefaultMavenResourcesFiltering - skip non existing resourceDirectory C:\springDemo\demo\src\test\resources
2026-02-27 15:19:38,789 [Worker-78: ビルド] INFO  o.a.m.s.f.DefaultMavenResourcesFiltering - Copying 1 resource from src\main\resources to target\classes
2026-02-27 15:19:38,801 [Worker-78: ビルド] INFO  o.a.m.s.f.DefaultMavenResourcesFiltering - Copying 8 resources from src\main\resources to target\classes
2026-02-27 15:19:38,810 [Worker-78: ビルド] INFO  o.a.m.s.f.DefaultMavenResourcesFiltering - skip non existing resourceDirectory C:\springDemo\demo\src\test\resources
2026-02-27 15:32:21,393 [Worker-78: ビルド] INFO  o.a.m.s.f.DefaultMavenResourcesFiltering - Copying 0 resource from src\main\resources to target\classes
2026-02-27 15:32:21,396 [Worker-78: ビルド] INFO  o.a.m.s.f.DefaultMavenResourcesFiltering - Copying 1 resource from src\main\resources to target\classes
2026-02-27 15:32:21,404 [Worker-78: ビルド] INFO  o.a.m.s.f.DefaultMavenResourcesFiltering - skip non existing resourceDirectory C:\springDemo\demo\src\test\resources
2026-02-27 15:35:41,677 [Worker-64: ビルド] INFO  o.e.m.c.i.l.LifecycleMappingFactory - Using org.maven.ide.eclipse.wtp.WarLifecycleMapping lifecycle mapping for MavenProject: com.example:demo:0.0.1-SNAPSHOT @ C:\springDemo\demo\pom.xml.
2026-02-27 15:35:45,502 [Worker-64: ビルド] INFO  o.e.m.c.i.e.AbstractTransferListenerAdapter - Downloading https://repo.maven.apache.org/maven2/org/thymeleaf/extras/thymeleaf-extras-springsecurity6/3.1.3.RELEASE/thymeleaf-extras-springsecurity6-3.1.3.RELEASE.pom
2026-02-27 15:35:45,577 [Worker-64: ビルド] INFO  o.e.m.c.i.e.AbstractTransferListenerAdapter - Downloaded https://repo.maven.apache.org/maven2/org/thymeleaf/extras/thymeleaf-extras-springsecurity6/3.1.3.RELEASE/thymeleaf-extras-springsecurity6-3.1.3.RELEASE.pom
2026-02-27 15:35:45,672 [Worker-64: ビルド] INFO  o.e.m.c.i.e.AbstractTransferListenerAdapter - Downloading https://repo.maven.apache.org/maven2/org/springframework/security/spring-security-bom/6.4.1/spring-security-bom-6.4.1.pom
2026-02-27 15:35:45,703 [Worker-64: ビルド] INFO  o.e.m.c.i.e.AbstractTransferListenerAdapter - Downloaded https://repo.maven.apache.org/maven2/org/springframework/security/spring-security-bom/6.4.1/spring-security-bom-6.4.1.pom
2026-02-27 15:35:48,528 [Worker-64: ビルド] INFO  o.e.m.c.i.e.AbstractTransferListenerAdapter - Downloading https://repo.maven.apache.org/maven2/org/thymeleaf/extras/thymeleaf-extras-springsecurity6/3.1.3.RELEASE/thymeleaf-extras-springsecurity6-3.1.3.RELEASE.jar
2026-02-27 15:35:49,200 [Worker-64: ビルド] INFO  o.e.m.c.i.e.AbstractTransferListenerAdapter - Downloaded https://repo.maven.apache.org/maven2/org/thymeleaf/extras/thymeleaf-extras-springsecurity6/3.1.3.RELEASE/thymeleaf-extras-springsecurity6-3.1.3.RELEASE.jar
2026-02-27 15:35:50,938 [Worker-64: ビルド] INFO  o.a.m.s.f.DefaultMavenResourcesFiltering - Copying 0 resource from src\main\resources to target\classes
2026-02-27 15:35:50,938 [Worker-64: ビルド] INFO  o.a.m.s.f.DefaultMavenResourcesFiltering - Copying 0 resource from src\main\resources to target\classes
2026-02-27 15:35:50,954 [Worker-64: ビルド] INFO  o.a.m.s.f.DefaultMavenResourcesFiltering - skip non existing resourceDirectory C:\springDemo\demo\src\test\resources
2026-02-27 15:35:51,462 [Worker-78: ソースおよび Javadoc のダウンロード] INFO  o.e.m.c.i.e.AbstractTransferListenerAdapter - Downloading https://repo.maven.apache.org/maven2/org/thymeleaf/extras/thymeleaf-extras-springsecurity6/3.1.3.RELEASE/thymeleaf-extras-springsecurity6-3.1.3.RELEASE-sources.jar
2026-02-27 15:35:51,487 [Worker-64: ビルド] INFO  o.e.m.w.i.f.ResourceFilteringBuildParticipant - Changed resources require a complete clean of filtered resources of demo
2026-02-27 15:35:51,487 [Worker-64: ビルド] INFO  o.e.m.w.i.f.ResourceFilteringBuildParticipant - Executing resource filtering for demo
2026-02-27 15:35:52,479 [Worker-78: ソースおよび Javadoc のダウンロード] INFO  o.e.m.c.i.e.AbstractTransferListenerAdapter - Downloaded https://repo.maven.apache.org/maven2/org/thymeleaf/extras/thymeleaf-extras-springsecurity6/3.1.3.RELEASE/thymeleaf-extras-springsecurity6-3.1.3.RELEASE-sources.jar
2026-02-27 15:35:52,484 [Worker-78: ソースおよび Javadoc のダウンロード] INFO  o.e.m.j.internal.DownloadSourcesJob - Downloaded sources for org.thymeleaf.extras:thymeleaf-extras-springsecurity6:3.1.3.RELEASE
2026-02-27 15:35:53,603 [Worker-79: ビルド] INFO  o.a.m.s.f.DefaultMavenResourcesFiltering - Copying 1 resource from src\main\resources to target\classes
2026-02-27 15:35:53,651 [Worker-79: ビルド] INFO  o.a.m.s.f.DefaultMavenResourcesFiltering - Copying 8 resources from src\main\resources to target\classes
2026-02-27 15:35:53,699 [Worker-79: ビルド] INFO  o.a.m.s.f.DefaultMavenResourcesFiltering - skip non existing resourceDirectory C:\springDemo\demo\src\test\resources
2026-02-27 15:36:30,346 [Worker-78: ビルド] INFO  o.a.m.s.f.DefaultMavenResourcesFiltering - Copying 0 resource from src\main\resources to target\classes
2026-02-27 15:36:30,354 [Worker-78: ビルド] INFO  o.a.m.s.f.DefaultMavenResourcesFiltering - Copying 1 resource from src\main\resources to target\classes
2026-02-27 15:36:30,365 [Worker-78: ビルド] INFO  o.a.m.s.f.DefaultMavenResourcesFiltering - skip non existing resourceDirectory C:\springDemo\demo\src\test\resources
2026-02-27 15:37:34,952 [Worker-87: Maven プロジェクトの更新中] INFO  o.e.m.c.i.p.ProjectConfigurationManager - Update started
2026-02-27 15:37:35,643 [Worker-87: Maven プロジェクトの更新中] INFO  o.e.m.c.i.l.LifecycleMappingFactory - Using org.maven.ide.eclipse.wtp.WarLifecycleMapping lifecycle mapping for MavenProject: com.example:demo:0.0.1-SNAPSHOT @ C:\springDemo\demo\pom.xml.
2026-02-27 15:37:38,589 [Worker-87: Maven プロジェクトの更新中] INFO  o.e.m.j.i.AbstractJavaProjectConfigurator - Adding source folder /demo/src/main/java
2026-02-27 15:37:38,592 [Worker-87: Maven プロジェクトの更新中] INFO  o.e.m.j.i.AbstractJavaProjectConfigurator - Adding resource folder /demo/src/main/resources
2026-02-27 15:37:38,593 [Worker-87: Maven プロジェクトの更新中] INFO  o.e.m.j.i.AbstractJavaProjectConfigurator - Adding resource folder /demo/src/main/resources
2026-02-27 15:37:38,593 [Worker-87: Maven プロジェクトの更新中] INFO  o.e.m.j.i.AbstractJavaProjectConfigurator - Adding source folder /demo/src/test/java
2026-02-27 15:37:38,594 [Worker-87: Maven プロジェクトの更新中] INFO  o.e.m.j.i.AbstractJavaProjectConfigurator - Adding resource folder /demo/src/test/resources
2026-02-27 15:37:39,711 [Worker-87: Maven プロジェクトの更新中] INFO  o.e.m.w.i.f.ResourceFilteringBuildParticipant - Cleaning filtered folder for demo
2026-02-27 15:37:39,720 [Worker-87: Maven プロジェクトの更新中] INFO  o.e.m.c.i.p.ProjectConfigurationManager - Update completed for 1 poms: local refresh takes 0.00 sec, refresh facades takes 3.00 sec, update config takes 1.00 sec 
2026-02-27 15:37:40,576 [Worker-85: ビルド] INFO  o.a.m.s.f.DefaultMavenResourcesFiltering - Copying 1 resource from src\main\resources to target\classes
2026-02-27 15:37:40,608 [Worker-85: ビルド] INFO  o.a.m.s.f.DefaultMavenResourcesFiltering - Copying 8 resources from src\main\resources to target\classes
2026-02-27 15:37:40,635 [Worker-85: ビルド] INFO  o.a.m.s.f.DefaultMavenResourcesFiltering - skip non existing resourceDirectory C:\springDemo\demo\src\test\resources
2026-02-27 15:37:40,635 [Worker-85: ビルド] INFO  o.e.m.w.i.f.ResourceFilteringBuildParticipant - Changed resources require a complete clean of filtered resources of demo
2026-02-27 15:37:40,635 [Worker-85: ビルド] INFO  o.e.m.w.i.f.ResourceFilteringBuildParticipant - Executing resource filtering for demo
2026-02-27 15:42:25,421 [Worker-84: ビルド] INFO  o.a.m.s.f.DefaultMavenResourcesFiltering - Copying 0 resource from src\main\resources to target\classes
2026-02-27 15:42:25,427 [Worker-84: ビルド] INFO  o.a.m.s.f.DefaultMavenResourcesFiltering - Copying 1 resource from src\main\resources to target\classes
2026-02-27 15:42:25,442 [Worker-84: ビルド] INFO  o.a.m.s.f.DefaultMavenResourcesFiltering - skip non existing resourceDirectory C:\springDemo\demo\src\test\resources
2026-02-27 15:42:42,489 [Worker-81: ビルド] INFO  o.a.m.s.f.DefaultMavenResourcesFiltering - Copying 0 resource from src\main\resources to target\classes
2026-02-27 15:42:42,508 [Worker-81: ビルド] INFO  o.a.m.s.f.DefaultMavenResourcesFiltering - Copying 1 resource from src\main\resources to target\classes
2026-02-27 15:42:42,522 [Worker-81: ビルド] INFO  o.a.m.s.f.DefaultMavenResourcesFiltering - skip non existing resourceDirectory C:\springDemo\demo\src\test\resources
2026-02-27 15:42:51,606 [Worker-81: ビルド] INFO  o.a.m.s.f.DefaultMavenResourcesFiltering - Copying 0 resource from src\main\resources to target\classes
2026-02-27 15:42:51,606 [Worker-81: ビルド] INFO  o.a.m.s.f.DefaultMavenResourcesFiltering - Copying 1 resource from src\main\resources to target\classes
2026-02-27 15:42:51,621 [Worker-81: ビルド] INFO  o.a.m.s.f.DefaultMavenResourcesFiltering - skip non existing resourceDirectory C:\springDemo\demo\src\test\resources
2026-02-27 15:42:57,656 [Worker-75: ビルド] INFO  o.a.m.s.f.DefaultMavenResourcesFiltering - Copying 0 resource from src\main\resources to target\classes
2026-02-27 15:42:57,656 [Worker-75: ビルド] INFO  o.a.m.s.f.DefaultMavenResourcesFiltering - Copying 1 resource from src\main\resources to target\classes
2026-02-27 15:42:57,671 [Worker-75: ビルド] INFO  o.a.m.s.f.DefaultMavenResourcesFiltering - skip non existing resourceDirectory C:\springDemo\demo\src\test\resources
2026-02-27 15:43:10,731 [Worker-83: ビルド] INFO  o.a.m.s.f.DefaultMavenResourcesFiltering - Copying 0 resource from src\main\resources to target\classes
2026-02-27 15:43:10,731 [Worker-83: ビルド] INFO  o.a.m.s.f.DefaultMavenResourcesFiltering - Copying 1 resource from src\main\resources to target\classes
2026-02-27 15:43:10,746 [Worker-83: ビルド] INFO  o.a.m.s.f.DefaultMavenResourcesFiltering - skip non existing resourceDirectory C:\springDemo\demo\src\test\resources
2026-02-27 15:47:20,651 [Worker-84: ビルド] INFO  o.a.m.s.f.DefaultMavenResourcesFiltering - Copying 0 resource from src\main\resources to target\classes
2026-02-27 15:47:20,655 [Worker-84: ビルド] INFO  o.a.m.s.f.DefaultMavenResourcesFiltering - Copying 1 resource from src\main\resources to target\classes
2026-02-27 15:47:20,663 [Worker-84: ビルド] INFO  o.a.m.s.f.DefaultMavenResourcesFiltering - skip non existing resourceDirectory C:\springDemo\demo\src\test\resources
2026-02-27 15:51:02,753 [Worker-75: ビルド] INFO  o.a.m.s.f.DefaultMavenResourcesFiltering - Copying 1 resource from src\main\resources to target\classes
2026-02-27 15:51:02,759 [Worker-75: ビルド] INFO  o.a.m.s.f.DefaultMavenResourcesFiltering - Copying 8 resources from src\main\resources to target\classes
2026-02-27 15:51:02,765 [Worker-75: ビルド] INFO  o.a.m.s.f.DefaultMavenResourcesFiltering - skip non existing resourceDirectory C:\springDemo\demo\src\test\resources
2026-02-27 15:51:44,076 [Worker-87: ビルド] INFO  o.a.m.s.f.DefaultMavenResourcesFiltering - Copying 0 resource from src\main\resources to target\classes
2026-02-27 15:51:44,081 [Worker-87: ビルド] INFO  o.a.m.s.f.DefaultMavenResourcesFiltering - Copying 1 resource from src\main\resources to target\classes
2026-02-27 15:51:44,091 [Worker-87: ビルド] INFO  o.a.m.s.f.DefaultMavenResourcesFiltering - skip non existing resourceDirectory C:\springDemo\demo\src\test\resources
2026-02-27 15:52:05,137 [Worker-85: ビルド] INFO  o.a.m.s.f.DefaultMavenResourcesFiltering - Copying 0 resource from src\main\resources to target\classes
2026-02-27 15:52:05,141 [Worker-85: ビルド] INFO  o.a.m.s.f.DefaultMavenResourcesFiltering - Copying 1 resource from src\main\resources to target\classes
2026-02-27 15:52:05,154 [Worker-85: ビルド] INFO  o.a.m.s.f.DefaultMavenResourcesFiltering - skip non existing resourceDirectory C:\springDemo\demo\src\test\resources
2026-02-27 15:52:46,307 [Worker-83: ビルド] INFO  o.a.m.s.f.DefaultMavenResourcesFiltering - Copying 0 resource from src\main\resources to target\classes
2026-02-27 15:52:46,308 [Worker-83: ビルド] INFO  o.a.m.s.f.DefaultMavenResourcesFiltering - Copying 1 resource from src\main\resources to target\classes
2026-02-27 15:52:46,317 [Worker-83: ビルド] INFO  o.a.m.s.f.DefaultMavenResourcesFiltering - skip non existing resourceDirectory C:\springDemo\demo\src\test\resources
2026-02-27 15:55:34,040 [Worker-83: ビルド] INFO  o.a.m.s.f.DefaultMavenResourcesFiltering - Copying 1 resource from src\main\resources to target\classes
2026-02-27 15:55:34,057 [Worker-83: ビルド] INFO  o.a.m.s.f.DefaultMavenResourcesFiltering - Copying 8 resources from src\main\resources to target\classes
2026-02-27 15:55:34,065 [Worker-83: ビルド] INFO  o.a.m.s.f.DefaultMavenResourcesFiltering - skip non existing resourceDirectory C:\springDemo\demo\src\test\resources
2026-02-27 16:10:06,697 [Worker-79: ビルド] INFO  o.a.m.s.f.DefaultMavenResourcesFiltering - Copying 1 resource from src\main\resources to target\classes
2026-02-27 16:10:06,707 [Worker-79: ビルド] INFO  o.a.m.s.f.DefaultMavenResourcesFiltering - Copying 8 resources from src\main\resources to target\classes
2026-02-27 16:10:06,715 [Worker-79: ビルド] INFO  o.a.m.s.f.DefaultMavenResourcesFiltering - skip non existing resourceDirectory C:\springDemo\demo\src\test\resources
2026-02-27 16:10:28,249 [Worker-81: ビルド] INFO  o.a.m.s.f.DefaultMavenResourcesFiltering - Copying 1 resource from src\main\resources to target\classes
2026-02-27 16:10:28,258 [Worker-81: ビルド] INFO  o.a.m.s.f.DefaultMavenResourcesFiltering - Copying 8 resources from src\main\resources to target\classes
2026-02-27 16:10:28,264 [Worker-81: ビルド] INFO  o.a.m.s.f.DefaultMavenResourcesFiltering - skip non existing resourceDirectory C:\springDemo\demo\src\test\resources
2026-02-27 16:14:44,834 [Worker-86: ビルド] INFO  o.a.m.s.f.DefaultMavenResourcesFiltering - Copying 1 resource from src\main\resources to target\classes
2026-02-27 16:14:44,842 [Worker-86: ビルド] INFO  o.a.m.s.f.DefaultMavenResourcesFiltering - Copying 8 resources from src\main\resources to target\classes
2026-02-27 16:14:44,857 [Worker-86: ビルド] INFO  o.a.m.s.f.DefaultMavenResourcesFiltering - skip non existing resourceDirectory C:\springDemo\demo\src\test\resources
2026-02-27 16:15:41,512 [Worker-83: ビルド] INFO  o.a.m.s.f.DefaultMavenResourcesFiltering - Copying 1 resource from src\main\resources to target\classes
2026-02-27 16:15:41,517 [Worker-83: ビルド] INFO  o.a.m.s.f.DefaultMavenResourcesFiltering - Copying 8 resources from src\main\resources to target\classes
2026-02-27 16:15:41,526 [Worker-83: ビルド] INFO  o.a.m.s.f.DefaultMavenResourcesFiltering - skip non existing resourceDirectory C:\springDemo\demo\src\test\resources
2026-02-27 16:18:41,256 [Worker-82: ビルド] INFO  o.a.m.s.f.DefaultMavenResourcesFiltering - Copying 1 resource from src\main\resources to target\classes
2026-02-27 16:18:41,263 [Worker-82: ビルド] INFO  o.a.m.s.f.DefaultMavenResourcesFiltering - Copying 8 resources from src\main\resources to target\classes
2026-02-27 16:18:41,273 [Worker-82: ビルド] INFO  o.a.m.s.f.DefaultMavenResourcesFiltering - skip non existing resourceDirectory C:\springDemo\demo\src\test\resources
2026-02-27 16:19:04,021 [Worker-82: ビルド] INFO  o.a.m.s.f.DefaultMavenResourcesFiltering - Copying 1 resource from src\main\resources to target\classes
2026-02-27 16:19:04,027 [Worker-82: ビルド] INFO  o.a.m.s.f.DefaultMavenResourcesFiltering - Copying 8 resources from src\main\resources to target\classes
2026-02-27 16:19:04,037 [Worker-82: ビルド] INFO  o.a.m.s.f.DefaultMavenResourcesFiltering - skip non existing resourceDirectory C:\springDemo\demo\src\test\resources
2026-02-27 16:19:13,138 [Worker-79: ビルド] INFO  o.a.m.s.f.DefaultMavenResourcesFiltering - Copying 1 resource from src\main\resources to target\classes
2026-02-27 16:19:13,143 [Worker-79: ビルド] INFO  o.a.m.s.f.DefaultMavenResourcesFiltering - Copying 8 resources from src\main\resources to target\classes
2026-02-27 16:19:13,149 [Worker-79: ビルド] INFO  o.a.m.s.f.DefaultMavenResourcesFiltering - skip non existing resourceDirectory C:\springDemo\demo\src\test\resources
2026-02-27 16:19:19,375 [Worker-82: ビルド] INFO  o.a.m.s.f.DefaultMavenResourcesFiltering - Copying 1 resource from src\main\resources to target\classes
2026-02-27 16:19:19,384 [Worker-82: ビルド] INFO  o.a.m.s.f.DefaultMavenResourcesFiltering - Copying 8 resources from src\main\resources to target\classes
2026-02-27 16:19:19,391 [Worker-82: ビルド] INFO  o.a.m.s.f.DefaultMavenResourcesFiltering - skip non existing resourceDirectory C:\springDemo\demo\src\test\resources
2026-02-27 16:20:04,491 [Worker-82: ビルド] INFO  o.a.m.s.f.DefaultMavenResourcesFiltering - Copying 1 resource from src\main\resources to target\classes
2026-02-27 16:20:04,500 [Worker-82: ビルド] INFO  o.a.m.s.f.DefaultMavenResourcesFiltering - Copying 8 resources from src\main\resources to target\classes
2026-02-27 16:20:04,506 [Worker-82: ビルド] INFO  o.a.m.s.f.DefaultMavenResourcesFiltering - skip non existing resourceDirectory C:\springDemo\demo\src\test\resources
2026-02-27 16:22:25,735 [Worker-64: ビルド] INFO  o.a.m.s.f.DefaultMavenResourcesFiltering - Copying 1 resource from src\main\resources to target\classes
2026-02-27 16:22:25,743 [Worker-64: ビルド] INFO  o.a.m.s.f.DefaultMavenResourcesFiltering - Copying 8 resources from src\main\resources to target\classes
2026-02-27 16:22:25,750 [Worker-64: ビルド] INFO  o.a.m.s.f.DefaultMavenResourcesFiltering - skip non existing resourceDirectory C:\springDemo\demo\src\test\resources
2026-02-27 16:36:09,689 [Worker-82: ビルド] INFO  o.a.m.s.f.DefaultMavenResourcesFiltering - Copying 1 resource from src\main\resources to target\classes
2026-02-27 16:36:09,694 [Worker-82: ビルド] INFO  o.a.m.s.f.DefaultMavenResourcesFiltering - Copying 8 resources from src\main\resources to target\classes
2026-02-27 16:36:09,702 [Worker-82: ビルド] INFO  o.a.m.s.f.DefaultMavenResourcesFiltering - skip non existing resourceDirectory C:\springDemo\demo\src\test\resources
2026-02-27 16:36:59,342 [Worker-81: ビルド] INFO  o.a.m.s.f.DefaultMavenResourcesFiltering - Copying 1 resource from src\main\resources to target\classes
2026-02-27 16:36:59,346 [Worker-81: ビルド] INFO  o.a.m.s.f.DefaultMavenResourcesFiltering - Copying 8 resources from src\main\resources to target\classes
2026-02-27 16:36:59,352 [Worker-81: ビルド] INFO  o.a.m.s.f.DefaultMavenResourcesFiltering - skip non existing resourceDirectory C:\springDemo\demo\src\test\resources
2026-02-27 16:37:49,381 [Worker-64: ビルド] INFO  o.a.m.s.f.DefaultMavenResourcesFiltering - Copying 1 resource from src\main\resources to target\classes
2026-02-27 16:37:49,391 [Worker-64: ビルド] INFO  o.a.m.s.f.DefaultMavenResourcesFiltering - Copying 8 resources from src\main\resources to target\classes
2026-02-27 16:37:49,397 [Worker-64: ビルド] INFO  o.a.m.s.f.DefaultMavenResourcesFiltering - skip non existing resourceDirectory C:\springDemo\demo\src\test\resources
2026-02-27 16:38:14,213 [Worker-86: ビルド] INFO  o.a.m.s.f.DefaultMavenResourcesFiltering - Copying 1 resource from src\main\resources to target\classes
2026-02-27 16:38:14,218 [Worker-86: ビルド] INFO  o.a.m.s.f.DefaultMavenResourcesFiltering - Copying 8 resources from src\main\resources to target\classes
2026-02-27 16:38:14,222 [Worker-86: ビルド] INFO  o.a.m.s.f.DefaultMavenResourcesFiltering - skip non existing resourceDirectory C:\springDemo\demo\src\test\resources
2026-02-27 16:43:45,520 [Worker-85: ビルド] INFO  o.a.m.s.f.DefaultMavenResourcesFiltering - Copying 1 resource from src\main\resources to target\classes
2026-02-27 16:43:45,527 [Worker-85: ビルド] INFO  o.a.m.s.f.DefaultMavenResourcesFiltering - Copying 8 resources from src\main\resources to target\classes
2026-02-27 16:43:45,538 [Worker-85: ビルド] INFO  o.a.m.s.f.DefaultMavenResourcesFiltering - skip non existing resourceDirectory C:\springDemo\demo\src\test\resources
2026-02-27 16:44:13,555 [Worker-83: ビルド] INFO  o.a.m.s.f.DefaultMavenResourcesFiltering - Copying 1 resource from src\main\resources to target\classes
2026-02-27 16:44:13,565 [Worker-83: ビルド] INFO  o.a.m.s.f.DefaultMavenResourcesFiltering - Copying 8 resources from src\main\resources to target\classes
2026-02-27 16:44:13,572 [Worker-83: ビルド] INFO  o.a.m.s.f.DefaultMavenResourcesFiltering - skip non existing resourceDirectory C:\springDemo\demo\src\test\resources
2026-02-27 16:46:44,965 [Worker-82: ビルド] INFO  o.a.m.s.f.DefaultMavenResourcesFiltering - Copying 1 resource from src\main\resources to target\classes
2026-02-27 16:46:44,969 [Worker-82: ビルド] INFO  o.a.m.s.f.DefaultMavenResourcesFiltering - Copying 8 resources from src\main\resources to target\classes
2026-02-27 16:46:44,980 [Worker-82: ビルド] INFO  o.a.m.s.f.DefaultMavenResourcesFiltering - skip non existing resourceDirectory C:\springDemo\demo\src\test\resources
2026-02-27 16:47:15,439 [Worker-89: ビルド] INFO  o.a.m.s.f.DefaultMavenResourcesFiltering - Copying 1 resource from src\main\resources to target\classes
2026-02-27 16:47:15,446 [Worker-89: ビルド] INFO  o.a.m.s.f.DefaultMavenResourcesFiltering - Copying 8 resources from src\main\resources to target\classes
2026-02-27 16:47:15,451 [Worker-89: ビルド] INFO  o.a.m.s.f.DefaultMavenResourcesFiltering - skip non existing resourceDirectory C:\springDemo\demo\src\test\resources
2026-02-27 16:48:44,360 [Worker-64: ビルド] INFO  o.a.m.s.f.DefaultMavenResourcesFiltering - Copying 1 resource from src\main\resources to target\classes
2026-02-27 16:48:44,364 [Worker-64: ビルド] INFO  o.a.m.s.f.DefaultMavenResourcesFiltering - Copying 8 resources from src\main\resources to target\classes
2026-02-27 16:48:44,368 [Worker-64: ビルド] INFO  o.a.m.s.f.DefaultMavenResourcesFiltering - skip non existing resourceDirectory C:\springDemo\demo\src\test\resources
2026-02-27 16:49:07,588 [Worker-83: ビルド] INFO  o.a.m.s.f.DefaultMavenResourcesFiltering - Copying 1 resource from src\main\resources to target\classes
2026-02-27 16:49:07,593 [Worker-83: ビルド] INFO  o.a.m.s.f.DefaultMavenResourcesFiltering - Copying 8 resources from src\main\resources to target\classes
2026-02-27 16:49:07,599 [Worker-83: ビルド] INFO  o.a.m.s.f.DefaultMavenResourcesFiltering - skip non existing resourceDirectory C:\springDemo\demo\src\test\resources
2026-02-27 16:50:41,860 [Worker-85: ビルド] INFO  o.a.m.s.f.DefaultMavenResourcesFiltering - Copying 1 resource from src\main\resources to target\classes
2026-02-27 16:50:41,873 [Worker-85: ビルド] INFO  o.a.m.s.f.DefaultMavenResourcesFiltering - Copying 8 resources from src\main\resources to target\classes
2026-02-27 16:50:41,882 [Worker-85: ビルド] INFO  o.a.m.s.f.DefaultMavenResourcesFiltering - skip non existing resourceDirectory C:\springDemo\demo\src\test\resources
2026-02-27 16:50:54,162 [Worker-86: ビルド] INFO  o.a.m.s.f.DefaultMavenResourcesFiltering - Copying 1 resource from src\main\resources to target\classes
2026-02-27 16:50:54,170 [Worker-86: ビルド] INFO  o.a.m.s.f.DefaultMavenResourcesFiltering - Copying 8 resources from src\main\resources to target\classes
2026-02-27 16:50:54,175 [Worker-86: ビルド] INFO  o.a.m.s.f.DefaultMavenResourcesFiltering - skip non existing resourceDirectory C:\springDemo\demo\src\test\resources
2026-02-27 16:51:00,553 [Worker-87: ビルド] INFO  o.a.m.s.f.DefaultMavenResourcesFiltering - Copying 1 resource from src\main\resources to target\classes
2026-02-27 16:51:00,559 [Worker-87: ビルド] INFO  o.a.m.s.f.DefaultMavenResourcesFiltering - Copying 8 resources from src\main\resources to target\classes
2026-02-27 16:51:00,565 [Worker-87: ビルド] INFO  o.a.m.s.f.DefaultMavenResourcesFiltering - skip non existing resourceDirectory C:\springDemo\demo\src\test\resources
2026-02-27 16:51:24,277 [Worker-84: ビルド] INFO  o.a.m.s.f.DefaultMavenResourcesFiltering - Copying 1 resource from src\main\resources to target\classes
2026-02-27 16:51:24,281 [Worker-84: ビルド] INFO  o.a.m.s.f.DefaultMavenResourcesFiltering - Copying 8 resources from src\main\resources to target\classes
2026-02-27 16:51:24,285 [Worker-84: ビルド] INFO  o.a.m.s.f.DefaultMavenResourcesFiltering - skip non existing resourceDirectory C:\springDemo\demo\src\test\resources
2026-02-27 16:52:18,860 [Worker-86: ビルド] INFO  o.a.m.s.f.DefaultMavenResourcesFiltering - Copying 1 resource from src\main\resources to target\classes
2026-02-27 16:52:18,865 [Worker-86: ビルド] INFO  o.a.m.s.f.DefaultMavenResourcesFiltering - Copying 8 resources from src\main\resources to target\classes
2026-02-27 16:52:18,870 [Worker-86: ビルド] INFO  o.a.m.s.f.DefaultMavenResourcesFiltering - skip non existing resourceDirectory C:\springDemo\demo\src\test\resources
2026-02-27 16:53:26,066 [Worker-81: ビルド] INFO  o.a.m.s.f.DefaultMavenResourcesFiltering - Copying 1 resource from src\main\resources to target\classes
2026-02-27 16:53:26,070 [Worker-81: ビルド] INFO  o.a.m.s.f.DefaultMavenResourcesFiltering - Copying 8 resources from src\main\resources to target\classes
2026-02-27 16:53:26,075 [Worker-81: ビルド] INFO  o.a.m.s.f.DefaultMavenResourcesFiltering - skip non existing resourceDirectory C:\springDemo\demo\src\test\resources
2026-02-27 16:55:33,473 [Worker-75: ビルド] INFO  o.a.m.s.f.DefaultMavenResourcesFiltering - Copying 1 resource from src\main\resources to target\classes
2026-02-27 16:55:33,481 [Worker-75: ビルド] INFO  o.a.m.s.f.DefaultMavenResourcesFiltering - Copying 8 resources from src\main\resources to target\classes
2026-02-27 16:55:33,486 [Worker-75: ビルド] INFO  o.a.m.s.f.DefaultMavenResourcesFiltering - skip non existing resourceDirectory C:\springDemo\demo\src\test\resources
2026-02-27 16:57:02,412 [Worker-89: ビルド] INFO  o.a.m.s.f.DefaultMavenResourcesFiltering - Copying 1 resource from src\main\resources to target\classes
2026-02-27 16:57:02,416 [Worker-89: ビルド] INFO  o.a.m.s.f.DefaultMavenResourcesFiltering - Copying 8 resources from src\main\resources to target\classes
2026-02-27 16:57:02,420 [Worker-89: ビルド] INFO  o.a.m.s.f.DefaultMavenResourcesFiltering - skip non existing resourceDirectory C:\springDemo\demo\src\test\resources
2026-02-27 16:58:02,585 [Worker-81: ビルド] INFO  o.a.m.s.f.DefaultMavenResourcesFiltering - Copying 1 resource from src\main\resources to target\classes
2026-02-27 16:58:02,592 [Worker-81: ビルド] INFO  o.a.m.s.f.DefaultMavenResourcesFiltering - Copying 8 resources from src\main\resources to target\classes
2026-02-27 16:58:02,600 [Worker-81: ビルド] INFO  o.a.m.s.f.DefaultMavenResourcesFiltering - skip non existing resourceDirectory C:\springDemo\demo\src\test\resources
2026-02-27 16:58:28,669 [Worker-84: ビルド] INFO  o.a.m.s.f.DefaultMavenResourcesFiltering - Copying 1 resource from src\main\resources to target\classes
2026-02-27 16:58:28,672 [Worker-84: ビルド] INFO  o.a.m.s.f.DefaultMavenResourcesFiltering - Copying 8 resources from src\main\resources to target\classes
2026-02-27 16:58:28,677 [Worker-84: ビルド] INFO  o.a.m.s.f.DefaultMavenResourcesFiltering - skip non existing resourceDirectory C:\springDemo\demo\src\test\resources
2026-02-27 16:58:33,517 [Worker-89: ビルド] INFO  o.a.m.s.f.DefaultMavenResourcesFiltering - Copying 1 resource from src\main\resources to target\classes
2026-02-27 16:58:33,521 [Worker-89: ビルド] INFO  o.a.m.s.f.DefaultMavenResourcesFiltering - Copying 8 resources from src\main\resources to target\classes
2026-02-27 16:58:33,525 [Worker-89: ビルド] INFO  o.a.m.s.f.DefaultMavenResourcesFiltering - skip non existing resourceDirectory C:\springDemo\demo\src\test\resources
2026-02-27 16:58:48,186 [Worker-85: ビルド] INFO  o.a.m.s.f.DefaultMavenResourcesFiltering - Copying 1 resource from src\main\resources to target\classes
2026-02-27 16:58:48,190 [Worker-85: ビルド] INFO  o.a.m.s.f.DefaultMavenResourcesFiltering - Copying 8 resources from src\main\resources to target\classes
2026-02-27 16:58:48,197 [Worker-85: ビルド] INFO  o.a.m.s.f.DefaultMavenResourcesFiltering - skip non existing resourceDirectory C:\springDemo\demo\src\test\resources
2026-02-27 16:59:35,519 [Worker-64: ビルド] INFO  o.a.m.s.f.DefaultMavenResourcesFiltering - Copying 1 resource from src\main\resources to target\classes
2026-02-27 16:59:35,528 [Worker-64: ビルド] INFO  o.a.m.s.f.DefaultMavenResourcesFiltering - Copying 8 resources from src\main\resources to target\classes
2026-02-27 16:59:35,534 [Worker-64: ビルド] INFO  o.a.m.s.f.DefaultMavenResourcesFiltering - skip non existing resourceDirectory C:\springDemo\demo\src\test\resources
2026-02-27 16:59:52,902 [Worker-81: ビルド] INFO  o.a.m.s.f.DefaultMavenResourcesFiltering - Copying 1 resource from src\main\resources to target\classes
2026-02-27 16:59:52,905 [Worker-81: ビルド] INFO  o.a.m.s.f.DefaultMavenResourcesFiltering - Copying 8 resources from src\main\resources to target\classes
2026-02-27 16:59:52,910 [Worker-81: ビルド] INFO  o.a.m.s.f.DefaultMavenResourcesFiltering - skip non existing resourceDirectory C:\springDemo\demo\src\test\resources
2026-02-27 17:03:40,258 [Worker-82: ビルド] INFO  o.a.m.s.f.DefaultMavenResourcesFiltering - Copying 1 resource from src\main\resources to target\classes
2026-02-27 17:03:40,268 [Worker-82: ビルド] INFO  o.a.m.s.f.DefaultMavenResourcesFiltering - Copying 8 resources from src\main\resources to target\classes
2026-02-27 17:03:40,273 [Worker-82: ビルド] INFO  o.a.m.s.f.DefaultMavenResourcesFiltering - skip non existing resourceDirectory C:\springDemo\demo\src\test\resources
2026-02-27 17:05:17,745 [Worker-79: ビルド] INFO  o.a.m.s.f.DefaultMavenResourcesFiltering - Copying 1 resource from src\main\resources to target\classes
2026-02-27 17:05:17,752 [Worker-79: ビルド] INFO  o.a.m.s.f.DefaultMavenResourcesFiltering - Copying 8 resources from src\main\resources to target\classes
2026-02-27 17:05:17,757 [Worker-79: ビルド] INFO  o.a.m.s.f.DefaultMavenResourcesFiltering - skip non existing resourceDirectory C:\springDemo\demo\src\test\resources
2026-02-27 17:06:38,570 [Worker-81: ビルド] INFO  o.a.m.s.f.DefaultMavenResourcesFiltering - Copying 1 resource from src\main\resources to target\classes
2026-02-27 17:06:38,579 [Worker-81: ビルド] INFO  o.a.m.s.f.DefaultMavenResourcesFiltering - Copying 8 resources from src\main\resources to target\classes
2026-02-27 17:06:38,583 [Worker-81: ビルド] INFO  o.a.m.s.f.DefaultMavenResourcesFiltering - skip non existing resourceDirectory C:\springDemo\demo\src\test\resources
2026-02-27 17:07:14,090 [Worker-84: ビルド] INFO  o.a.m.s.f.DefaultMavenResourcesFiltering - Copying 1 resource from src\main\resources to target\classes
2026-02-27 17:07:14,097 [Worker-84: ビルド] INFO  o.a.m.s.f.DefaultMavenResourcesFiltering - Copying 8 resources from src\main\resources to target\classes
2026-02-27 17:07:14,104 [Worker-84: ビルド] INFO  o.a.m.s.f.DefaultMavenResourcesFiltering - skip non existing resourceDirectory C:\springDemo\demo\src\test\resources
2026-02-27 17:08:22,820 [Worker-87: ビルド] INFO  o.a.m.s.f.DefaultMavenResourcesFiltering - Copying 1 resource from src\main\resources to target\classes
2026-02-27 17:08:22,834 [Worker-87: ビルド] INFO  o.a.m.s.f.DefaultMavenResourcesFiltering - Copying 8 resources from src\main\resources to target\classes
2026-02-27 17:08:22,839 [Worker-87: ビルド] INFO  o.a.m.s.f.DefaultMavenResourcesFiltering - skip non existing resourceDirectory C:\springDemo\demo\src\test\resources
2026-02-27 17:08:48,494 [Worker-89: ビルド] INFO  o.a.m.s.f.DefaultMavenResourcesFiltering - Copying 1 resource from src\main\resources to target\classes
2026-02-27 17:08:48,501 [Worker-89: ビルド] INFO  o.a.m.s.f.DefaultMavenResourcesFiltering - Copying 8 resources from src\main\resources to target\classes
2026-02-27 17:08:48,505 [Worker-89: ビルド] INFO  o.a.m.s.f.DefaultMavenResourcesFiltering - skip non existing resourceDirectory C:\springDemo\demo\src\test\resources
2026-02-27 17:16:39,798 [Worker-83: ビルド] INFO  o.a.m.s.f.DefaultMavenResourcesFiltering - Copying 1 resource from src\main\resources to target\classes
2026-02-27 17:16:39,804 [Worker-83: ビルド] INFO  o.a.m.s.f.DefaultMavenResourcesFiltering - Copying 8 resources from src\main\resources to target\classes
2026-02-27 17:16:39,814 [Worker-83: ビルド] INFO  o.a.m.s.f.DefaultMavenResourcesFiltering - skip non existing resourceDirectory C:\springDemo\demo\src\test\resources
2026-02-27 17:16:49,410 [Worker-82: ビルド] INFO  o.a.m.s.f.DefaultMavenResourcesFiltering - Copying 1 resource from src\main\resources to target\classes
2026-02-27 17:16:49,417 [Worker-82: ビルド] INFO  o.a.m.s.f.DefaultMavenResourcesFiltering - Copying 8 resources from src\main\resources to target\classes
2026-02-27 17:16:49,426 [Worker-82: ビルド] INFO  o.a.m.s.f.DefaultMavenResourcesFiltering - skip non existing resourceDirectory C:\springDemo\demo\src\test\resources
2026-02-27 17:20:35,020 [Worker-82: ビルド] INFO  o.a.m.s.f.DefaultMavenResourcesFiltering - Copying 1 resource from src\main\resources to target\classes
2026-02-27 17:20:35,028 [Worker-82: ビルド] INFO  o.a.m.s.f.DefaultMavenResourcesFiltering - Copying 8 resources from src\main\resources to target\classes
2026-02-27 17:20:35,037 [Worker-82: ビルド] INFO  o.a.m.s.f.DefaultMavenResourcesFiltering - skip non existing resourceDirectory C:\springDemo\demo\src\test\resources
2026-02-27 17:20:49,856 [Worker-75: ビルド] INFO  o.a.m.s.f.DefaultMavenResourcesFiltering - Copying 1 resource from src\main\resources to target\classes
2026-02-27 17:20:49,862 [Worker-75: ビルド] INFO  o.a.m.s.f.DefaultMavenResourcesFiltering - Copying 8 resources from src\main\resources to target\classes
2026-02-27 17:20:49,871 [Worker-75: ビルド] INFO  o.a.m.s.f.DefaultMavenResourcesFiltering - skip non existing resourceDirectory C:\springDemo\demo\src\test\resources
2026-02-27 17:25:08,061 [Worker-75: ビルド] INFO  o.a.m.s.f.DefaultMavenResourcesFiltering - Copying 1 resource from src\main\resources to target\classes
2026-02-27 17:25:08,078 [Worker-75: ビルド] INFO  o.a.m.s.f.DefaultMavenResourcesFiltering - Copying 8 resources from src\main\resources to target\classes
2026-02-27 17:25:08,090 [Worker-75: ビルド] INFO  o.a.m.s.f.DefaultMavenResourcesFiltering - skip non existing resourceDirectory C:\springDemo\demo\src\test\resources
2026-02-27 17:27:19,456 [Worker-89: ビルド] INFO  o.a.m.s.f.DefaultMavenResourcesFiltering - Copying 1 resource from src\main\resources to target\classes
2026-02-27 17:27:19,465 [Worker-89: ビルド] INFO  o.a.m.s.f.DefaultMavenResourcesFiltering - Copying 8 resources from src\main\resources to target\classes
2026-02-27 17:27:19,473 [Worker-89: ビルド] INFO  o.a.m.s.f.DefaultMavenResourcesFiltering - skip non existing resourceDirectory C:\springDemo\demo\src\test\resources
2026-02-27 17:27:51,266 [Worker-82: ビルド] INFO  o.a.m.s.f.DefaultMavenResourcesFiltering - Copying 0 resource from src\main\resources to target\classes
2026-02-27 17:27:51,268 [Worker-82: ビルド] INFO  o.a.m.s.f.DefaultMavenResourcesFiltering - Copying 1 resource from src\main\resources to target\classes
2026-02-27 17:27:51,275 [Worker-82: ビルド] INFO  o.a.m.s.f.DefaultMavenResourcesFiltering - skip non existing resourceDirectory C:\springDemo\demo\src\test\resources
2026-02-27 17:28:44,435 [Worker-86: ビルド] INFO  o.a.m.s.f.DefaultMavenResourcesFiltering - Copying 0 resource from src\main\resources to target\classes
2026-02-27 17:28:44,441 [Worker-86: ビルド] INFO  o.a.m.s.f.DefaultMavenResourcesFiltering - Copying 1 resource from src\main\resources to target\classes
2026-02-27 17:28:44,453 [Worker-86: ビルド] INFO  o.a.m.s.f.DefaultMavenResourcesFiltering - skip non existing resourceDirectory C:\springDemo\demo\src\test\resources
2026-02-27 17:29:10,237 [Worker-75: ビルド] INFO  o.a.m.s.f.DefaultMavenResourcesFiltering - Copying 0 resource from src\main\resources to target\classes
2026-02-27 17:29:10,237 [Worker-75: ビルド] INFO  o.a.m.s.f.DefaultMavenResourcesFiltering - Copying 1 resource from src\main\resources to target\classes
2026-02-27 17:29:10,253 [Worker-75: ビルド] INFO  o.a.m.s.f.DefaultMavenResourcesFiltering - skip non existing resourceDirectory C:\springDemo\demo\src\test\resources
2026-02-27 17:32:28,304 [Worker-82: ビルド] INFO  o.a.m.s.f.DefaultMavenResourcesFiltering - Copying 0 resource from src\main\resources to target\classes
2026-02-27 17:32:28,310 [Worker-82: ビルド] INFO  o.a.m.s.f.DefaultMavenResourcesFiltering - Copying 1 resource from src\main\resources to target\classes
2026-02-27 17:32:28,317 [Worker-82: ビルド] INFO  o.a.m.s.f.DefaultMavenResourcesFiltering - skip non existing resourceDirectory C:\springDemo\demo\src\test\resources
2026-02-27 17:37:26,517 [Worker-75: ビルド] INFO  o.a.m.s.f.DefaultMavenResourcesFiltering - Copying 0 resource from src\main\resources to target\classes
2026-02-27 17:37:26,517 [Worker-75: ビルド] INFO  o.a.m.s.f.DefaultMavenResourcesFiltering - Copying 1 resource from src\main\resources to target\classes
2026-02-27 17:37:26,537 [Worker-75: ビルド] INFO  o.a.m.s.f.DefaultMavenResourcesFiltering - skip non existing resourceDirectory C:\springDemo\demo\src\test\resources
2026-02-27 17:40:36,460 [Worker-64: ビルド] INFO  o.a.m.s.f.DefaultMavenResourcesFiltering - Copying 0 resource from src\main\resources to target\classes
2026-02-27 17:40:36,460 [Worker-64: ビルド] INFO  o.a.m.s.f.DefaultMavenResourcesFiltering - Copying 1 resource from src\main\resources to target\classes
2026-02-27 17:40:36,481 [Worker-64: ビルド] INFO  o.a.m.s.f.DefaultMavenResourcesFiltering - skip non existing resourceDirectory C:\springDemo\demo\src\test\resources
2026-02-27 17:40:45,591 [Worker-84: ビルド] INFO  o.a.m.s.f.DefaultMavenResourcesFiltering - Copying 0 resource from src\main\resources to target\classes
2026-02-27 17:40:45,601 [Worker-84: ビルド] INFO  o.a.m.s.f.DefaultMavenResourcesFiltering - Copying 1 resource from src\main\resources to target\classes
2026-02-27 17:40:45,613 [Worker-84: ビルド] INFO  o.a.m.s.f.DefaultMavenResourcesFiltering - skip non existing resourceDirectory C:\springDemo\demo\src\test\resources
2026-02-27 17:42:55,204 [Worker-79: ビルド] INFO  o.a.m.s.f.DefaultMavenResourcesFiltering - Copying 0 resource from src\main\resources to target\classes
2026-02-27 17:42:55,210 [Worker-79: ビルド] INFO  o.a.m.s.f.DefaultMavenResourcesFiltering - Copying 1 resource from src\main\resources to target\classes
2026-02-27 17:42:55,214 [Worker-79: ビルド] INFO  o.a.m.s.f.DefaultMavenResourcesFiltering - skip non existing resourceDirectory C:\springDemo\demo\src\test\resources
2026-02-27 17:48:21,711 [Worker-87: ビルド] INFO  o.a.m.s.f.DefaultMavenResourcesFiltering - Copying 0 resource from src\main\resources to target\classes
2026-02-27 17:48:21,714 [Worker-87: ビルド] INFO  o.a.m.s.f.DefaultMavenResourcesFiltering - Copying 1 resource from src\main\resources to target\classes
2026-02-27 17:48:21,724 [Worker-87: ビルド] INFO  o.a.m.s.f.DefaultMavenResourcesFiltering - skip non existing resourceDirectory C:\springDemo\demo\src\test\resources
2026-02-27 17:51:11,717 [Worker-89: ビルド] INFO  o.a.m.s.f.DefaultMavenResourcesFiltering - Copying 0 resource from src\main\resources to target\classes
2026-02-27 17:51:11,728 [Worker-89: ビルド] INFO  o.a.m.s.f.DefaultMavenResourcesFiltering - Copying 1 resource from src\main\resources to target\classes
2026-02-27 17:51:11,740 [Worker-89: ビルド] INFO  o.a.m.s.f.DefaultMavenResourcesFiltering - skip non existing resourceDirectory C:\springDemo\demo\src\test\resources
2026-02-27 17:52:00,838 [Worker-90: ビルド] INFO  o.a.m.s.f.DefaultMavenResourcesFiltering - Copying 1 resource from src\main\resources to target\classes
2026-02-27 17:52:00,845 [Worker-90: ビルド] INFO  o.a.m.s.f.DefaultMavenResourcesFiltering - Copying 9 resources from src\main\resources to target\classes
2026-02-27 17:52:00,854 [Worker-90: ビルド] INFO  o.a.m.s.f.DefaultMavenResourcesFiltering - skip non existing resourceDirectory C:\springDemo\demo\src\test\resources
2026-02-27 17:52:07,212 [Worker-83: ビルド] INFO  o.a.m.s.f.DefaultMavenResourcesFiltering - Copying 1 resource from src\main\resources to target\classes
2026-02-27 17:52:07,216 [Worker-83: ビルド] INFO  o.a.m.s.f.DefaultMavenResourcesFiltering - Copying 9 resources from src\main\resources to target\classes
2026-02-27 17:52:07,223 [Worker-83: ビルド] INFO  o.a.m.s.f.DefaultMavenResourcesFiltering - skip non existing resourceDirectory C:\springDemo\demo\src\test\resources
2026-02-27 17:54:20,505 [Worker-87: ビルド] INFO  o.a.m.s.f.DefaultMavenResourcesFiltering - Copying 1 resource from src\main\resources to target\classes
2026-02-27 17:54:20,526 [Worker-87: ビルド] INFO  o.a.m.s.f.DefaultMavenResourcesFiltering - Copying 9 resources from src\main\resources to target\classes
2026-02-27 17:54:20,533 [Worker-87: ビルド] INFO  o.a.m.s.f.DefaultMavenResourcesFiltering - skip non existing resourceDirectory C:\springDemo\demo\src\test\resources
2026-02-27 17:54:50,297 [Worker-89: ビルド] INFO  o.a.m.s.f.DefaultMavenResourcesFiltering - Copying 1 resource from src\main\resources to target\classes
2026-02-27 17:54:50,302 [Worker-89: ビルド] INFO  o.a.m.s.f.DefaultMavenResourcesFiltering - Copying 9 resources from src\main\resources to target\classes
2026-02-27 17:54:50,309 [Worker-89: ビルド] INFO  o.a.m.s.f.DefaultMavenResourcesFiltering - skip non existing resourceDirectory C:\springDemo\demo\src\test\resources
2026-02-27 17:55:17,169 [Worker-85: ビルド] INFO  o.a.m.s.f.DefaultMavenResourcesFiltering - Copying 1 resource from src\main\resources to target\classes
2026-02-27 17:55:17,178 [Worker-85: ビルド] INFO  o.a.m.s.f.DefaultMavenResourcesFiltering - Copying 9 resources from src\main\resources to target\classes
2026-02-27 17:55:17,184 [Worker-85: ビルド] INFO  o.a.m.s.f.DefaultMavenResourcesFiltering - skip non existing resourceDirectory C:\springDemo\demo\src\test\resources
2026-02-27 17:56:09,613 [Worker-86: ビルド] INFO  o.a.m.s.f.DefaultMavenResourcesFiltering - Copying 1 resource from src\main\resources to target\classes
2026-02-27 17:56:09,622 [Worker-86: ビルド] INFO  o.a.m.s.f.DefaultMavenResourcesFiltering - Copying 9 resources from src\main\resources to target\classes
2026-02-27 17:56:09,628 [Worker-86: ビルド] INFO  o.a.m.s.f.DefaultMavenResourcesFiltering - skip non existing resourceDirectory C:\springDemo\demo\src\test\resources
2026-02-27 17:57:34,879 [Worker-85: ビルド] INFO  o.a.m.s.f.DefaultMavenResourcesFiltering - Copying 1 resource from src\main\resources to target\classes
2026-02-27 17:57:34,883 [Worker-85: ビルド] INFO  o.a.m.s.f.DefaultMavenResourcesFiltering - Copying 9 resources from src\main\resources to target\classes
2026-02-27 17:57:34,889 [Worker-85: ビルド] INFO  o.a.m.s.f.DefaultMavenResourcesFiltering - skip non existing resourceDirectory C:\springDemo\demo\src\test\resources
2026-02-27 18:06:01,393 [Worker-90: ビルド] INFO  o.a.m.s.f.DefaultMavenResourcesFiltering - Copying 0 resource from src\main\resources to target\classes
2026-02-27 18:06:01,395 [Worker-90: ビルド] INFO  o.a.m.s.f.DefaultMavenResourcesFiltering - Copying 1 resource from src\main\resources to target\classes
2026-02-27 18:06:01,406 [Worker-90: ビルド] INFO  o.a.m.s.f.DefaultMavenResourcesFiltering - skip non existing resourceDirectory C:\springDemo\demo\src\test\resources
2026-02-27 18:06:54,406 [Worker-89: ビルド] INFO  o.a.m.s.f.DefaultMavenResourcesFiltering - Copying 0 resource from src\main\resources to target\classes
2026-02-27 18:06:54,409 [Worker-89: ビルド] INFO  o.a.m.s.f.DefaultMavenResourcesFiltering - Copying 1 resource from src\main\resources to target\classes
2026-02-27 18:06:54,414 [Worker-89: ビルド] INFO  o.a.m.s.f.DefaultMavenResourcesFiltering - skip non existing resourceDirectory C:\springDemo\demo\src\test\resources
2026-02-27 18:07:20,450 [Worker-90: Maven プロジェクトの更新中] INFO  o.e.m.c.i.p.ProjectConfigurationManager - Update started
2026-02-27 18:07:21,440 [Worker-90: Maven プロジェクトの更新中] INFO  o.e.m.c.i.l.LifecycleMappingFactory - Using org.maven.ide.eclipse.wtp.WarLifecycleMapping lifecycle mapping for MavenProject: com.example:demo:0.0.1-SNAPSHOT @ C:\springDemo\demo\pom.xml.
2026-02-27 18:07:22,714 [Worker-90: Maven プロジェクトの更新中] INFO  o.e.m.j.i.AbstractJavaProjectConfigurator - Adding source folder /demo/src/main/java
2026-02-27 18:07:22,715 [Worker-90: Maven プロジェクトの更新中] INFO  o.e.m.j.i.AbstractJavaProjectConfigurator - Adding resource folder /demo/src/main/resources
2026-02-27 18:07:22,716 [Worker-90: Maven プロジェクトの更新中] INFO  o.e.m.j.i.AbstractJavaProjectConfigurator - Adding resource folder /demo/src/main/resources
2026-02-27 18:07:22,717 [Worker-90: Maven プロジェクトの更新中] INFO  o.e.m.j.i.AbstractJavaProjectConfigurator - Adding source folder /demo/src/test/java
2026-02-27 18:07:22,718 [Worker-90: Maven プロジェクトの更新中] INFO  o.e.m.j.i.AbstractJavaProjectConfigurator - Adding resource folder /demo/src/test/resources
2026-02-27 18:07:23,663 [Worker-90: Maven プロジェクトの更新中] INFO  o.e.m.w.i.f.ResourceFilteringBuildParticipant - Cleaning filtered folder for demo
2026-02-27 18:07:23,676 [Worker-90: Maven プロジェクトの更新中] INFO  o.e.m.c.i.p.ProjectConfigurationManager - Update completed for 1 poms: local refresh takes 0.00 sec, refresh facades takes 2.00 sec, update config takes 0.00 sec 
2026-02-27 18:07:24,828 [Worker-87: ビルド] INFO  o.a.m.s.f.DefaultMavenResourcesFiltering - Copying 1 resource from src\main\resources to target\classes
2026-02-27 18:07:24,870 [Worker-87: ビルド] INFO  o.a.m.s.f.DefaultMavenResourcesFiltering - Copying 9 resources from src\main\resources to target\classes
2026-02-27 18:07:24,912 [Worker-87: ビルド] INFO  o.a.m.s.f.DefaultMavenResourcesFiltering - skip non existing resourceDirectory C:\springDemo\demo\src\test\resources
2026-02-27 18:07:24,912 [Worker-87: ビルド] INFO  o.e.m.w.i.f.ResourceFilteringBuildParticipant - Changed resources require a complete clean of filtered resources of demo
2026-02-27 18:07:24,912 [Worker-87: ビルド] INFO  o.e.m.w.i.f.ResourceFilteringBuildParticipant - Executing resource filtering for demo
2026-02-27 18:18:57,135 [Worker-89: ビルド] INFO  o.a.m.s.f.DefaultMavenResourcesFiltering - Copying 1 resource from src\main\resources to target\classes
2026-02-27 18:18:57,171 [Worker-89: ビルド] INFO  o.a.m.s.f.DefaultMavenResourcesFiltering - Copying 9 resources from src\main\resources to target\classes
2026-02-27 18:18:57,183 [Worker-89: ビルド] INFO  o.a.m.s.f.DefaultMavenResourcesFiltering - skip non existing resourceDirectory C:\springDemo\demo\src\test\resources
2026-02-27 18:26:55,655 [Worker-75: ビルド] INFO  o.a.m.s.f.DefaultMavenResourcesFiltering - Copying 1 resource from src\main\resources to target\classes
2026-02-27 18:26:55,664 [Worker-75: ビルド] INFO  o.a.m.s.f.DefaultMavenResourcesFiltering - Copying 9 resources from src\main\resources to target\classes
2026-02-27 18:26:55,671 [Worker-75: ビルド] INFO  o.a.m.s.f.DefaultMavenResourcesFiltering - skip non existing resourceDirectory C:\springDemo\demo\src\test\resources
2026-02-27 18:27:46,973 [Worker-64: ビルド] INFO  o.a.m.s.f.DefaultMavenResourcesFiltering - Copying 1 resource from src\main\resources to target\classes
2026-02-27 18:27:46,977 [Worker-64: ビルド] INFO  o.a.m.s.f.DefaultMavenResourcesFiltering - Copying 9 resources from src\main\resources to target\classes
2026-02-27 18:27:46,983 [Worker-64: ビルド] INFO  o.a.m.s.f.DefaultMavenResourcesFiltering - skip non existing resourceDirectory C:\springDemo\demo\src\test\resources
2026-02-27 18:36:05,686 [Worker-87: ビルド] INFO  o.a.m.s.f.DefaultMavenResourcesFiltering - Copying 1 resource from src\main\resources to target\classes
2026-02-27 18:36:05,700 [Worker-87: ビルド] INFO  o.a.m.s.f.DefaultMavenResourcesFiltering - Copying 9 resources from src\main\resources to target\classes
2026-02-27 18:36:05,714 [Worker-87: ビルド] INFO  o.a.m.s.f.DefaultMavenResourcesFiltering - skip non existing resourceDirectory C:\springDemo\demo\src\test\resources
2026-02-27 18:36:48,753 [Worker-79: ビルド] INFO  o.a.m.s.f.DefaultMavenResourcesFiltering - Copying 1 resource from src\main\resources to target\classes
2026-02-27 18:36:48,760 [Worker-79: ビルド] INFO  o.a.m.s.f.DefaultMavenResourcesFiltering - Copying 9 resources from src\main\resources to target\classes
2026-02-27 18:36:48,769 [Worker-79: ビルド] INFO  o.a.m.s.f.DefaultMavenResourcesFiltering - skip non existing resourceDirectory C:\springDemo\demo\src\test\resources
2026-02-27 18:38:46,925 [Worker-89: ビルド] INFO  o.a.m.s.f.DefaultMavenResourcesFiltering - Copying 1 resource from src\main\resources to target\classes
2026-02-27 18:38:46,929 [Worker-89: ビルド] INFO  o.a.m.s.f.DefaultMavenResourcesFiltering - Copying 9 resources from src\main\resources to target\classes
2026-02-27 18:38:46,934 [Worker-89: ビルド] INFO  o.a.m.s.f.DefaultMavenResourcesFiltering - skip non existing resourceDirectory C:\springDemo\demo\src\test\resources
2026-02-27 18:41:24,458 [Worker-81: ビルド] INFO  o.a.m.s.f.DefaultMavenResourcesFiltering - Copying 1 resource from src\main\resources to target\classes
2026-02-27 18:41:24,462 [Worker-81: ビルド] INFO  o.a.m.s.f.DefaultMavenResourcesFiltering - Copying 9 resources from src\main\resources to target\classes
2026-02-27 18:41:24,467 [Worker-81: ビルド] INFO  o.a.m.s.f.DefaultMavenResourcesFiltering - skip non existing resourceDirectory C:\springDemo\demo\src\test\resources
2026-02-27 18:44:39,700 [Worker-81: ビルド] INFO  o.a.m.s.f.DefaultMavenResourcesFiltering - Copying 1 resource from src\main\resources to target\classes
2026-02-27 18:44:39,703 [Worker-81: ビルド] INFO  o.a.m.s.f.DefaultMavenResourcesFiltering - Copying 9 resources from src\main\resources to target\classes
2026-02-27 18:44:39,708 [Worker-81: ビルド] INFO  o.a.m.s.f.DefaultMavenResourcesFiltering - skip non existing resourceDirectory C:\springDemo\demo\src\test\resources
2026-02-27 18:45:51,293 [Worker-89: ビルド] INFO  o.a.m.s.f.DefaultMavenResourcesFiltering - Copying 1 resource from src\main\resources to target\classes
2026-02-27 18:45:51,298 [Worker-89: ビルド] INFO  o.a.m.s.f.DefaultMavenResourcesFiltering - Copying 9 resources from src\main\resources to target\classes
2026-02-27 18:45:51,303 [Worker-89: ビルド] INFO  o.a.m.s.f.DefaultMavenResourcesFiltering - skip non existing resourceDirectory C:\springDemo\demo\src\test\resources
2026-02-27 18:47:31,720 [Worker-83: ビルド] INFO  o.a.m.s.f.DefaultMavenResourcesFiltering - Copying 1 resource from src\main\resources to target\classes
2026-02-27 18:47:31,726 [Worker-83: ビルド] INFO  o.a.m.s.f.DefaultMavenResourcesFiltering - Copying 9 resources from src\main\resources to target\classes
2026-02-27 18:47:31,735 [Worker-83: ビルド] INFO  o.a.m.s.f.DefaultMavenResourcesFiltering - skip non existing resourceDirectory C:\springDemo\demo\src\test\resources
2026-02-27 18:48:14,744 [Worker-89: ビルド] INFO  o.a.m.s.f.DefaultMavenResourcesFiltering - Copying 1 resource from src\main\resources to target\classes
2026-02-27 18:48:14,758 [Worker-89: ビルド] INFO  o.a.m.s.f.DefaultMavenResourcesFiltering - Copying 9 resources from src\main\resources to target\classes
2026-02-27 18:48:14,766 [Worker-89: ビルド] INFO  o.a.m.s.f.DefaultMavenResourcesFiltering - skip non existing resourceDirectory C:\springDemo\demo\src\test\resources
2026-02-27 18:52:34,867 [Worker-85: ビルド] INFO  o.a.m.s.f.DefaultMavenResourcesFiltering - Copying 1 resource from src\main\resources to target\classes
2026-02-27 18:52:34,875 [Worker-85: ビルド] INFO  o.a.m.s.f.DefaultMavenResourcesFiltering - Copying 9 resources from src\main\resources to target\classes
2026-02-27 18:52:34,880 [Worker-85: ビルド] INFO  o.a.m.s.f.DefaultMavenResourcesFiltering - skip non existing resourceDirectory C:\springDemo\demo\src\test\resources
2026-02-27 18:53:23,832 [Worker-83: ビルド] INFO  o.a.m.s.f.DefaultMavenResourcesFiltering - Copying 1 resource from src\main\resources to target\classes
2026-02-27 18:53:23,836 [Worker-83: ビルド] INFO  o.a.m.s.f.DefaultMavenResourcesFiltering - Copying 9 resources from src\main\resources to target\classes
2026-02-27 18:53:23,842 [Worker-83: ビルド] INFO  o.a.m.s.f.DefaultMavenResourcesFiltering - skip non existing resourceDirectory C:\springDemo\demo\src\test\resources
2026-02-27 18:54:21,633 [Worker-79: ビルド] INFO  o.a.m.s.f.DefaultMavenResourcesFiltering - Copying 1 resource from src\main\resources to target\classes
2026-02-27 18:54:21,642 [Worker-79: ビルド] INFO  o.a.m.s.f.DefaultMavenResourcesFiltering - Copying 9 resources from src\main\resources to target\classes
2026-02-27 18:54:21,650 [Worker-79: ビルド] INFO  o.a.m.s.f.DefaultMavenResourcesFiltering - skip non existing resourceDirectory C:\springDemo\demo\src\test\resources
2026-02-27 18:57:14,284 [Worker-75: ビルド] INFO  o.a.m.s.f.DefaultMavenResourcesFiltering - Copying 1 resource from src\main\resources to target\classes
2026-02-27 18:57:14,296 [Worker-75: ビルド] INFO  o.a.m.s.f.DefaultMavenResourcesFiltering - Copying 9 resources from src\main\resources to target\classes
2026-02-27 18:57:14,303 [Worker-75: ビルド] INFO  o.a.m.s.f.DefaultMavenResourcesFiltering - skip non existing resourceDirectory C:\springDemo\demo\src\test\resources
2026-02-27 18:57:25,193 [Worker-90: ビルド] INFO  o.a.m.s.f.DefaultMavenResourcesFiltering - Copying 1 resource from src\main\resources to target\classes
2026-02-27 18:57:25,204 [Worker-90: ビルド] INFO  o.a.m.s.f.DefaultMavenResourcesFiltering - Copying 9 resources from src\main\resources to target\classes
2026-02-27 18:57:25,213 [Worker-90: ビルド] INFO  o.a.m.s.f.DefaultMavenResourcesFiltering - skip non existing resourceDirectory C:\springDemo\demo\src\test\resources
2026-02-27 18:57:41,995 [Worker-82: ビルド] INFO  o.a.m.s.f.DefaultMavenResourcesFiltering - Copying 1 resource from src\main\resources to target\classes
2026-02-27 18:57:42,001 [Worker-82: ビルド] INFO  o.a.m.s.f.DefaultMavenResourcesFiltering - Copying 9 resources from src\main\resources to target\classes
2026-02-27 18:57:42,010 [Worker-82: ビルド] INFO  o.a.m.s.f.DefaultMavenResourcesFiltering - skip non existing resourceDirectory C:\springDemo\demo\src\test\resources
2026-02-27 19:00:00,301 [Worker-88: ビルド] INFO  o.a.m.s.f.DefaultMavenResourcesFiltering - Copying 1 resource from src\main\resources to target\classes
2026-02-27 19:00:00,308 [Worker-88: ビルド] INFO  o.a.m.s.f.DefaultMavenResourcesFiltering - Copying 9 resources from src\main\resources to target\classes
2026-02-27 19:00:00,314 [Worker-88: ビルド] INFO  o.a.m.s.f.DefaultMavenResourcesFiltering - skip non existing resourceDirectory C:\springDemo\demo\src\test\resources
2026-02-27 19:00:02,380 [Worker-85: ビルド] INFO  o.a.m.s.f.DefaultMavenResourcesFiltering - Copying 1 resource from src\main\resources to target\classes
2026-02-27 19:00:02,387 [Worker-85: ビルド] INFO  o.a.m.s.f.DefaultMavenResourcesFiltering - Copying 9 resources from src\main\resources to target\classes
2026-02-27 19:00:02,392 [Worker-85: ビルド] INFO  o.a.m.s.f.DefaultMavenResourcesFiltering - skip non existing resourceDirectory C:\springDemo\demo\src\test\resources
2026-02-27 19:00:25,355 [Worker-84: ビルド] INFO  o.a.m.s.f.DefaultMavenResourcesFiltering - Copying 1 resource from src\main\resources to target\classes
2026-02-27 19:00:25,369 [Worker-84: ビルド] INFO  o.a.m.s.f.DefaultMavenResourcesFiltering - Copying 9 resources from src\main\resources to target\classes
2026-02-27 19:00:25,379 [Worker-84: ビルド] INFO  o.a.m.s.f.DefaultMavenResourcesFiltering - skip non existing resourceDirectory C:\springDemo\demo\src\test\resources
2026-02-27 19:00:34,257 [Worker-64: ビルド] INFO  o.a.m.s.f.DefaultMavenResourcesFiltering - Copying 1 resource from src\main\resources to target\classes
2026-02-27 19:00:34,265 [Worker-64: ビルド] INFO  o.a.m.s.f.DefaultMavenResourcesFiltering - Copying 9 resources from src\main\resources to target\classes
2026-02-27 19:00:34,271 [Worker-64: ビルド] INFO  o.a.m.s.f.DefaultMavenResourcesFiltering - skip non existing resourceDirectory C:\springDemo\demo\src\test\resources
2026-02-27 19:02:21,747 [Worker-85: ビルド] INFO  o.a.m.s.f.DefaultMavenResourcesFiltering - Copying 1 resource from src\main\resources to target\classes
2026-02-27 19:02:21,751 [Worker-85: ビルド] INFO  o.a.m.s.f.DefaultMavenResourcesFiltering - Copying 9 resources from src\main\resources to target\classes
2026-02-27 19:02:21,756 [Worker-85: ビルド] INFO  o.a.m.s.f.DefaultMavenResourcesFiltering - skip non existing resourceDirectory C:\springDemo\demo\src\test\resources
2026-03-02 09:22:54,467 [Worker-6: Loading available Gradle versions] INFO  o.e.b.c.i.u.g.PublishedGradleVersions - Gradle version information cache is out-of-date. Trying to update.
2026-03-02 09:52:09,187 [Worker-9: ビルド] INFO  o.a.m.s.f.DefaultMavenResourcesFiltering - Copying 1 resource from src\main\resources to target\classes
2026-03-02 09:52:09,206 [Worker-9: ビルド] INFO  o.a.m.s.f.DefaultMavenResourcesFiltering - Copying 9 resources from src\main\resources to target\classes
2026-03-02 09:52:09,222 [Worker-9: ビルド] INFO  o.a.m.s.f.DefaultMavenResourcesFiltering - skip non existing resourceDirectory C:\springDemo\demo\src\test\resources
2026-03-02 09:52:41,372 [Worker-9: ビルド] INFO  o.a.m.s.f.DefaultMavenResourcesFiltering - Copying 1 resource from src\main\resources to target\classes
2026-03-02 09:52:41,376 [Worker-9: ビルド] INFO  o.a.m.s.f.DefaultMavenResourcesFiltering - Copying 9 resources from src\main\resources to target\classes
2026-03-02 09:52:41,382 [Worker-9: ビルド] INFO  o.a.m.s.f.DefaultMavenResourcesFiltering - skip non existing resourceDirectory C:\springDemo\demo\src\test\resources
2026-03-02 09:52:55,451 [Worker-25: ビルド] INFO  o.a.m.s.f.DefaultMavenResourcesFiltering - Copying 1 resource from src\main\resources to target\classes
2026-03-02 09:52:55,454 [Worker-25: ビルド] INFO  o.a.m.s.f.DefaultMavenResourcesFiltering - Copying 9 resources from src\main\resources to target\classes
2026-03-02 09:52:55,461 [Worker-25: ビルド] INFO  o.a.m.s.f.DefaultMavenResourcesFiltering - skip non existing resourceDirectory C:\springDemo\demo\src\test\resources
2026-03-02 10:09:01,625 [Worker-30: ビルド] INFO  o.a.m.s.f.DefaultMavenResourcesFiltering - Copying 1 resource from src\main\resources to target\classes
2026-03-02 10:09:01,631 [Worker-30: ビルド] INFO  o.a.m.s.f.DefaultMavenResourcesFiltering - Copying 9 resources from src\main\resources to target\classes
2026-03-02 10:09:01,640 [Worker-30: ビルド] INFO  o.a.m.s.f.DefaultMavenResourcesFiltering - skip non existing resourceDirectory C:\springDemo\demo\src\test\resources
2026-03-02 10:27:09,435 [Worker-30: ビルド] INFO  o.a.m.s.f.DefaultMavenResourcesFiltering - Copying 1 resource from src\main\resources to target\classes
2026-03-02 10:27:09,445 [Worker-30: ビルド] INFO  o.a.m.s.f.DefaultMavenResourcesFiltering - Copying 9 resources from src\main\resources to target\classes
2026-03-02 10:27:09,459 [Worker-30: ビルド] INFO  o.a.m.s.f.DefaultMavenResourcesFiltering - skip non existing resourceDirectory C:\springDemo\demo\src\test\resources
2026-03-02 10:29:37,315 [Worker-30: ビルド] INFO  o.a.m.s.f.DefaultMavenResourcesFiltering - Copying 1 resource from src\main\resources to target\classes
2026-03-02 10:29:37,323 [Worker-30: ビルド] INFO  o.a.m.s.f.DefaultMavenResourcesFiltering - Copying 9 resources from src\main\resources to target\classes
2026-03-02 10:29:37,330 [Worker-30: ビルド] INFO  o.a.m.s.f.DefaultMavenResourcesFiltering - skip non existing resourceDirectory C:\springDemo\demo\src\test\resources
2026-03-02 10:30:00,240 [Worker-30: ビルド] INFO  o.a.m.s.f.DefaultMavenResourcesFiltering - Copying 1 resource from src\main\resources to target\classes
2026-03-02 10:30:00,245 [Worker-30: ビルド] INFO  o.a.m.s.f.DefaultMavenResourcesFiltering - Copying 9 resources from src\main\resources to target\classes
2026-03-02 10:30:00,252 [Worker-30: ビルド] INFO  o.a.m.s.f.DefaultMavenResourcesFiltering - skip non existing resourceDirectory C:\springDemo\demo\src\test\resources
2026-03-02 10:31:55,402 [Worker-25: ビルド] INFO  o.a.m.s.f.DefaultMavenResourcesFiltering - Copying 1 resource from src\main\resources to target\classes
2026-03-02 10:31:55,408 [Worker-25: ビルド] INFO  o.a.m.s.f.DefaultMavenResourcesFiltering - Copying 9 resources from src\main\resources to target\classes
2026-03-02 10:31:55,414 [Worker-25: ビルド] INFO  o.a.m.s.f.DefaultMavenResourcesFiltering - skip non existing resourceDirectory C:\springDemo\demo\src\test\resources
2026-03-02 10:45:39,686 [Worker-29: ビルド] INFO  o.a.m.s.f.DefaultMavenResourcesFiltering - Copying 1 resource from src\main\resources to target\classes
2026-03-02 10:45:39,691 [Worker-29: ビルド] INFO  o.a.m.s.f.DefaultMavenResourcesFiltering - Copying 9 resources from src\main\resources to target\classes
2026-03-02 10:45:39,697 [Worker-29: ビルド] INFO  o.a.m.s.f.DefaultMavenResourcesFiltering - skip non existing resourceDirectory C:\springDemo\demo\src\test\resources
2026-03-02 10:46:04,251 [Worker-36: ビルド] INFO  o.a.m.s.f.DefaultMavenResourcesFiltering - Copying 1 resource from src\main\resources to target\classes
2026-03-02 10:46:04,257 [Worker-36: ビルド] INFO  o.a.m.s.f.DefaultMavenResourcesFiltering - Copying 9 resources from src\main\resources to target\classes
2026-03-02 10:46:04,262 [Worker-36: ビルド] INFO  o.a.m.s.f.DefaultMavenResourcesFiltering - skip non existing resourceDirectory C:\springDemo\demo\src\test\resources
2026-03-02 10:46:12,272 [Worker-34: ビルド] INFO  o.a.m.s.f.DefaultMavenResourcesFiltering - Copying 1 resource from src\main\resources to target\classes
2026-03-02 10:46:12,285 [Worker-34: ビルド] INFO  o.a.m.s.f.DefaultMavenResourcesFiltering - Copying 9 resources from src\main\resources to target\classes
2026-03-02 10:46:12,293 [Worker-34: ビルド] INFO  o.a.m.s.f.DefaultMavenResourcesFiltering - skip non existing resourceDirectory C:\springDemo\demo\src\test\resources
2026-03-02 10:46:37,026 [Worker-29: ビルド] INFO  o.a.m.s.f.DefaultMavenResourcesFiltering - Copying 1 resource from src\main\resources to target\classes
2026-03-02 10:46:37,030 [Worker-29: ビルド] INFO  o.a.m.s.f.DefaultMavenResourcesFiltering - Copying 9 resources from src\main\resources to target\classes
2026-03-02 10:46:37,036 [Worker-29: ビルド] INFO  o.a.m.s.f.DefaultMavenResourcesFiltering - skip non existing resourceDirectory C:\springDemo\demo\src\test\resources
2026-03-02 10:49:26,440 [Worker-34: ビルド] INFO  o.a.m.s.f.DefaultMavenResourcesFiltering - Copying 1 resource from src\main\resources to target\classes
2026-03-02 10:49:26,445 [Worker-34: ビルド] INFO  o.a.m.s.f.DefaultMavenResourcesFiltering - Copying 9 resources from src\main\resources to target\classes
2026-03-02 10:49:26,451 [Worker-34: ビルド] INFO  o.a.m.s.f.DefaultMavenResourcesFiltering - skip non existing resourceDirectory C:\springDemo\demo\src\test\resources
2026-03-02 11:03:32,146 [Worker-35: ビルド] INFO  o.a.m.s.f.DefaultMavenResourcesFiltering - Copying 1 resource from src\main\resources to target\classes
2026-03-02 11:03:32,153 [Worker-35: ビルド] INFO  o.a.m.s.f.DefaultMavenResourcesFiltering - Copying 9 resources from src\main\resources to target\classes
2026-03-02 11:03:32,162 [Worker-35: ビルド] INFO  o.a.m.s.f.DefaultMavenResourcesFiltering - skip non existing resourceDirectory C:\springDemo\demo\src\test\resources
2026-03-02 11:07:41,452 [Worker-37: ビルド] INFO  o.a.m.s.f.DefaultMavenResourcesFiltering - Copying 1 resource from src\main\resources to target\classes
2026-03-02 11:07:41,456 [Worker-37: ビルド] INFO  o.a.m.s.f.DefaultMavenResourcesFiltering - Copying 9 resources from src\main\resources to target\classes
2026-03-02 11:07:41,462 [Worker-37: ビルド] INFO  o.a.m.s.f.DefaultMavenResourcesFiltering - skip non existing resourceDirectory C:\springDemo\demo\src\test\resources
2026-03-02 11:08:27,845 [Worker-43: ビルド] INFO  o.a.m.s.f.DefaultMavenResourcesFiltering - Copying 1 resource from src\main\resources to target\classes
2026-03-02 11:08:27,849 [Worker-43: ビルド] INFO  o.a.m.s.f.DefaultMavenResourcesFiltering - Copying 9 resources from src\main\resources to target\classes
2026-03-02 11:08:27,855 [Worker-43: ビルド] INFO  o.a.m.s.f.DefaultMavenResourcesFiltering - skip non existing resourceDirectory C:\springDemo\demo\src\test\resources
2026-03-02 11:08:54,648 [Worker-42: ビルド] INFO  o.a.m.s.f.DefaultMavenResourcesFiltering - Copying 1 resource from src\main\resources to target\classes
2026-03-02 11:08:54,652 [Worker-42: ビルド] INFO  o.a.m.s.f.DefaultMavenResourcesFiltering - Copying 9 resources from src\main\resources to target\classes
2026-03-02 11:08:54,656 [Worker-42: ビルド] INFO  o.a.m.s.f.DefaultMavenResourcesFiltering - skip non existing resourceDirectory C:\springDemo\demo\src\test\resources
2026-03-02 11:09:06,270 [Worker-43: ビルド] INFO  o.a.m.s.f.DefaultMavenResourcesFiltering - Copying 1 resource from src\main\resources to target\classes
2026-03-02 11:09:06,274 [Worker-43: ビルド] INFO  o.a.m.s.f.DefaultMavenResourcesFiltering - Copying 9 resources from src\main\resources to target\classes
2026-03-02 11:09:06,280 [Worker-43: ビルド] INFO  o.a.m.s.f.DefaultMavenResourcesFiltering - skip non existing resourceDirectory C:\springDemo\demo\src\test\resources
2026-03-02 11:09:29,472 [Worker-43: ビルド] INFO  o.a.m.s.f.DefaultMavenResourcesFiltering - Copying 1 resource from src\main\resources to target\classes
2026-03-02 11:09:29,476 [Worker-43: ビルド] INFO  o.a.m.s.f.DefaultMavenResourcesFiltering - Copying 9 resources from src\main\resources to target\classes
2026-03-02 11:09:29,481 [Worker-43: ビルド] INFO  o.a.m.s.f.DefaultMavenResourcesFiltering - skip non existing resourceDirectory C:\springDemo\demo\src\test\resources
2026-03-02 11:09:52,917 [Worker-43: ビルド] INFO  o.a.m.s.f.DefaultMavenResourcesFiltering - Copying 1 resource from src\main\resources to target\classes
2026-03-02 11:09:52,921 [Worker-43: ビルド] INFO  o.a.m.s.f.DefaultMavenResourcesFiltering - Copying 9 resources from src\main\resources to target\classes
2026-03-02 11:09:52,925 [Worker-43: ビルド] INFO  o.a.m.s.f.DefaultMavenResourcesFiltering - skip non existing resourceDirectory C:\springDemo\demo\src\test\resources
2026-03-02 11:10:13,693 [Worker-37: ビルド] INFO  o.a.m.s.f.DefaultMavenResourcesFiltering - Copying 1 resource from src\main\resources to target\classes
2026-03-02 11:10:13,707 [Worker-37: ビルド] INFO  o.a.m.s.f.DefaultMavenResourcesFiltering - Copying 9 resources from src\main\resources to target\classes
2026-03-02 11:10:13,713 [Worker-37: ビルド] INFO  o.a.m.s.f.DefaultMavenResourcesFiltering - skip non existing resourceDirectory C:\springDemo\demo\src\test\resources
2026-03-02 11:10:29,156 [Worker-43: ビルド] INFO  o.a.m.s.f.DefaultMavenResourcesFiltering - Copying 1 resource from src\main\resources to target\classes
2026-03-02 11:10:29,159 [Worker-43: ビルド] INFO  o.a.m.s.f.DefaultMavenResourcesFiltering - Copying 9 resources from src\main\resources to target\classes
2026-03-02 11:10:29,164 [Worker-43: ビルド] INFO  o.a.m.s.f.DefaultMavenResourcesFiltering - skip non existing resourceDirectory C:\springDemo\demo\src\test\resources
2026-03-02 11:11:09,710 [Worker-42: ビルド] INFO  o.a.m.s.f.DefaultMavenResourcesFiltering - Copying 1 resource from src\main\resources to target\classes
2026-03-02 11:11:09,713 [Worker-42: ビルド] INFO  o.a.m.s.f.DefaultMavenResourcesFiltering - Copying 9 resources from src\main\resources to target\classes
2026-03-02 11:11:09,718 [Worker-42: ビルド] INFO  o.a.m.s.f.DefaultMavenResourcesFiltering - skip non existing resourceDirectory C:\springDemo\demo\src\test\resources
2026-03-02 11:17:17,531 [Worker-40: ビルド] INFO  o.a.m.s.f.DefaultMavenResourcesFiltering - Copying 1 resource from src\main\resources to target\classes
2026-03-02 11:17:17,539 [Worker-40: ビルド] INFO  o.a.m.s.f.DefaultMavenResourcesFiltering - Copying 9 resources from src\main\resources to target\classes
2026-03-02 11:17:17,547 [Worker-40: ビルド] INFO  o.a.m.s.f.DefaultMavenResourcesFiltering - skip non existing resourceDirectory C:\springDemo\demo\src\test\resources
2026-03-02 11:21:46,556 [Worker-40: ビルド] INFO  o.a.m.s.f.DefaultMavenResourcesFiltering - Copying 1 resource from src\main\resources to target\classes
2026-03-02 11:21:46,562 [Worker-40: ビルド] INFO  o.a.m.s.f.DefaultMavenResourcesFiltering - Copying 9 resources from src\main\resources to target\classes
2026-03-02 11:21:46,567 [Worker-40: ビルド] INFO  o.a.m.s.f.DefaultMavenResourcesFiltering - skip non existing resourceDirectory C:\springDemo\demo\src\test\resources
2026-03-02 11:22:47,239 [Worker-40: ビルド] INFO  o.a.m.s.f.DefaultMavenResourcesFiltering - Copying 1 resource from src\main\resources to target\classes
2026-03-02 11:22:47,243 [Worker-40: ビルド] INFO  o.a.m.s.f.DefaultMavenResourcesFiltering - Copying 9 resources from src\main\resources to target\classes
2026-03-02 11:22:47,248 [Worker-40: ビルド] INFO  o.a.m.s.f.DefaultMavenResourcesFiltering - skip non existing resourceDirectory C:\springDemo\demo\src\test\resources
2026-03-02 11:25:41,947 [Worker-46: ビルド] INFO  o.a.m.s.f.DefaultMavenResourcesFiltering - Copying 1 resource from src\main\resources to target\classes
2026-03-02 11:25:41,953 [Worker-46: ビルド] INFO  o.a.m.s.f.DefaultMavenResourcesFiltering - Copying 9 resources from src\main\resources to target\classes
2026-03-02 11:25:41,959 [Worker-46: ビルド] INFO  o.a.m.s.f.DefaultMavenResourcesFiltering - skip non existing resourceDirectory C:\springDemo\demo\src\test\resources
2026-03-02 11:28:43,281 [Worker-40: ビルド] INFO  o.a.m.s.f.DefaultMavenResourcesFiltering - Copying 1 resource from src\main\resources to target\classes
2026-03-02 11:28:43,286 [Worker-40: ビルド] INFO  o.a.m.s.f.DefaultMavenResourcesFiltering - Copying 9 resources from src\main\resources to target\classes
2026-03-02 11:28:43,290 [Worker-40: ビルド] INFO  o.a.m.s.f.DefaultMavenResourcesFiltering - skip non existing resourceDirectory C:\springDemo\demo\src\test\resources
2026-03-02 11:46:48,223 [Worker-46: ビルド] INFO  o.a.m.s.f.DefaultMavenResourcesFiltering - Copying 1 resource from src\main\resources to target\classes
2026-03-02 11:46:48,229 [Worker-46: ビルド] INFO  o.a.m.s.f.DefaultMavenResourcesFiltering - Copying 9 resources from src\main\resources to target\classes
2026-03-02 11:46:48,236 [Worker-46: ビルド] INFO  o.a.m.s.f.DefaultMavenResourcesFiltering - skip non existing resourceDirectory C:\springDemo\demo\src\test\resources
2026-03-02 11:46:54,464 [Worker-35: ビルド] INFO  o.a.m.s.f.DefaultMavenResourcesFiltering - Copying 1 resource from src\main\resources to target\classes
2026-03-02 11:46:54,468 [Worker-35: ビルド] INFO  o.a.m.s.f.DefaultMavenResourcesFiltering - Copying 9 resources from src\main\resources to target\classes
2026-03-02 11:46:54,474 [Worker-35: ビルド] INFO  o.a.m.s.f.DefaultMavenResourcesFiltering - skip non existing resourceDirectory C:\springDemo\demo\src\test\resources
2026-03-02 11:59:57,566 [Worker-35: ビルド] INFO  o.a.m.s.f.DefaultMavenResourcesFiltering - Copying 1 resource from src\main\resources to target\classes
2026-03-02 11:59:57,570 [Worker-35: ビルド] INFO  o.a.m.s.f.DefaultMavenResourcesFiltering - Copying 9 resources from src\main\resources to target\classes
2026-03-02 11:59:57,577 [Worker-35: ビルド] INFO  o.a.m.s.f.DefaultMavenResourcesFiltering - skip non existing resourceDirectory C:\springDemo\demo\src\test\resources
2026-03-02 13:17:26,548 [Worker-34: ビルド] INFO  o.a.m.s.f.DefaultMavenResourcesFiltering - Copying 1 resource from src\main\resources to target\classes
2026-03-02 13:17:26,587 [Worker-34: ビルド] INFO  o.a.m.s.f.DefaultMavenResourcesFiltering - Copying 9 resources from src\main\resources to target\classes
2026-03-02 13:17:26,596 [Worker-34: ビルド] INFO  o.a.m.s.f.DefaultMavenResourcesFiltering - skip non existing resourceDirectory C:\springDemo\demo\src\test\resources
2026-03-02 13:19:48,666 [Worker-48: ビルド] INFO  o.a.m.s.f.DefaultMavenResourcesFiltering - Copying 1 resource from src\main\resources to target\classes
2026-03-02 13:19:48,703 [Worker-48: ビルド] INFO  o.a.m.s.f.DefaultMavenResourcesFiltering - Copying 9 resources from src\main\resources to target\classes
2026-03-02 13:19:48,711 [Worker-48: ビルド] INFO  o.a.m.s.f.DefaultMavenResourcesFiltering - skip non existing resourceDirectory C:\springDemo\demo\src\test\resources
2026-03-02 13:28:30,948 [Worker-35: ビルド] INFO  o.a.m.s.f.DefaultMavenResourcesFiltering - Copying 0 resource from src\main\resources to target\classes
2026-03-02 13:28:30,953 [Worker-35: ビルド] INFO  o.a.m.s.f.DefaultMavenResourcesFiltering - Copying 1 resource from src\main\resources to target\classes
2026-03-02 13:28:30,964 [Worker-35: ビルド] INFO  o.a.m.s.f.DefaultMavenResourcesFiltering - skip non existing resourceDirectory C:\springDemo\demo\src\test\resources
2026-03-02 13:29:14,484 [Worker-49: ビルド] INFO  o.a.m.s.f.DefaultMavenResourcesFiltering - Copying 0 resource from src\main\resources to target\classes
2026-03-02 13:29:14,487 [Worker-49: ビルド] INFO  o.a.m.s.f.DefaultMavenResourcesFiltering - Copying 1 resource from src\main\resources to target\classes
2026-03-02 13:29:14,496 [Worker-49: ビルド] INFO  o.a.m.s.f.DefaultMavenResourcesFiltering - skip non existing resourceDirectory C:\springDemo\demo\src\test\resources
2026-03-02 13:30:49,539 [Worker-50: ビルド] INFO  o.a.m.s.f.DefaultMavenResourcesFiltering - Copying 0 resource from src\main\resources to target\classes
2026-03-02 13:30:49,541 [Worker-50: ビルド] INFO  o.a.m.s.f.DefaultMavenResourcesFiltering - Copying 1 resource from src\main\resources to target\classes
2026-03-02 13:30:49,546 [Worker-50: ビルド] INFO  o.a.m.s.f.DefaultMavenResourcesFiltering - skip non existing resourceDirectory C:\springDemo\demo\src\test\resources
2026-03-02 13:31:41,025 [Worker-34: ビルド] INFO  o.a.m.s.f.DefaultMavenResourcesFiltering - Copying 0 resource from src\main\resources to target\classes
2026-03-02 13:31:41,027 [Worker-34: ビルド] INFO  o.a.m.s.f.DefaultMavenResourcesFiltering - Copying 1 resource from src\main\resources to target\classes
2026-03-02 13:31:41,033 [Worker-34: ビルド] INFO  o.a.m.s.f.DefaultMavenResourcesFiltering - skip non existing resourceDirectory C:\springDemo\demo\src\test\resources
2026-03-02 13:34:54,688 [Worker-50: ビルド] INFO  o.a.m.s.f.DefaultMavenResourcesFiltering - Copying 1 resource from src\main\resources to target\classes
2026-03-02 13:34:54,695 [Worker-50: ビルド] INFO  o.a.m.s.f.DefaultMavenResourcesFiltering - Copying 9 resources from src\main\resources to target\classes
2026-03-02 13:34:54,703 [Worker-50: ビルド] INFO  o.a.m.s.f.DefaultMavenResourcesFiltering - skip non existing resourceDirectory C:\springDemo\demo\src\test\resources
2026-03-02 13:37:01,285 [Worker-49: ビルド] INFO  o.a.m.s.f.DefaultMavenResourcesFiltering - Copying 1 resource from src\main\resources to target\classes
2026-03-02 13:37:01,289 [Worker-49: ビルド] INFO  o.a.m.s.f.DefaultMavenResourcesFiltering - Copying 9 resources from src\main\resources to target\classes
2026-03-02 13:37:01,295 [Worker-49: ビルド] INFO  o.a.m.s.f.DefaultMavenResourcesFiltering - skip non existing resourceDirectory C:\springDemo\demo\src\test\resources
2026-03-02 13:37:18,168 [Worker-34: ビルド] INFO  o.a.m.s.f.DefaultMavenResourcesFiltering - Copying 1 resource from src\main\resources to target\classes
2026-03-02 13:37:18,173 [Worker-34: ビルド] INFO  o.a.m.s.f.DefaultMavenResourcesFiltering - Copying 9 resources from src\main\resources to target\classes
2026-03-02 13:37:18,177 [Worker-34: ビルド] INFO  o.a.m.s.f.DefaultMavenResourcesFiltering - skip non existing resourceDirectory C:\springDemo\demo\src\test\resources
2026-03-02 13:39:30,440 [Worker-34: ビルド] INFO  o.a.m.s.f.DefaultMavenResourcesFiltering - Copying 1 resource from src\main\resources to target\classes
2026-03-02 13:39:30,446 [Worker-34: ビルド] INFO  o.a.m.s.f.DefaultMavenResourcesFiltering - Copying 9 resources from src\main\resources to target\classes
2026-03-02 13:39:30,451 [Worker-34: ビルド] INFO  o.a.m.s.f.DefaultMavenResourcesFiltering - skip non existing resourceDirectory C:\springDemo\demo\src\test\resources
2026-03-02 13:40:12,464 [Worker-45: ビルド] INFO  o.a.m.s.f.DefaultMavenResourcesFiltering - Copying 1 resource from src\main\resources to target\classes
2026-03-02 13:40:12,470 [Worker-45: ビルド] INFO  o.a.m.s.f.DefaultMavenResourcesFiltering - Copying 9 resources from src\main\resources to target\classes
2026-03-02 13:40:12,479 [Worker-45: ビルド] INFO  o.a.m.s.f.DefaultMavenResourcesFiltering - skip non existing resourceDirectory C:\springDemo\demo\src\test\resources
2026-03-02 13:44:45,793 [Worker-50: ビルド] INFO  o.a.m.s.f.DefaultMavenResourcesFiltering - Copying 0 resource from src\main\resources to target\classes
2026-03-02 13:44:45,799 [Worker-50: ビルド] INFO  o.a.m.s.f.DefaultMavenResourcesFiltering - Copying 1 resource from src\main\resources to target\classes
2026-03-02 13:44:45,807 [Worker-50: ビルド] INFO  o.a.m.s.f.DefaultMavenResourcesFiltering - skip non existing resourceDirectory C:\springDemo\demo\src\test\resources
2026-03-02 13:44:53,457 [Worker-50: ビルド] INFO  o.a.m.s.f.DefaultMavenResourcesFiltering - Copying 0 resource from src\main\resources to target\classes
2026-03-02 13:44:53,460 [Worker-50: ビルド] INFO  o.a.m.s.f.DefaultMavenResourcesFiltering - Copying 1 resource from src\main\resources to target\classes
2026-03-02 13:44:53,466 [Worker-50: ビルド] INFO  o.a.m.s.f.DefaultMavenResourcesFiltering - skip non existing resourceDirectory C:\springDemo\demo\src\test\resources
2026-03-02 13:45:08,443 [Worker-48: ビルド] INFO  o.a.m.s.f.DefaultMavenResourcesFiltering - Copying 0 resource from src\main\resources to target\classes
2026-03-02 13:45:08,445 [Worker-48: ビルド] INFO  o.a.m.s.f.DefaultMavenResourcesFiltering - Copying 1 resource from src\main\resources to target\classes
2026-03-02 13:45:08,452 [Worker-48: ビルド] INFO  o.a.m.s.f.DefaultMavenResourcesFiltering - skip non existing resourceDirectory C:\springDemo\demo\src\test\resources
2026-03-02 13:45:17,213 [Worker-45: ビルド] INFO  o.a.m.s.f.DefaultMavenResourcesFiltering - Copying 0 resource from src\main\resources to target\classes
2026-03-02 13:45:17,215 [Worker-45: ビルド] INFO  o.a.m.s.f.DefaultMavenResourcesFiltering - Copying 1 resource from src\main\resources to target\classes
2026-03-02 13:45:17,221 [Worker-45: ビルド] INFO  o.a.m.s.f.DefaultMavenResourcesFiltering - skip non existing resourceDirectory C:\springDemo\demo\src\test\resources
2026-03-02 13:45:26,717 [Worker-35: ビルド] INFO  o.a.m.s.f.DefaultMavenResourcesFiltering - Copying 0 resource from src\main\resources to target\classes
2026-03-02 13:45:26,720 [Worker-35: ビルド] INFO  o.a.m.s.f.DefaultMavenResourcesFiltering - Copying 1 resource from src\main\resources to target\classes
2026-03-02 13:45:26,731 [Worker-35: ビルド] INFO  o.a.m.s.f.DefaultMavenResourcesFiltering - skip non existing resourceDirectory C:\springDemo\demo\src\test\resources
2026-03-02 13:46:52,037 [Worker-45: ビルド] INFO  o.a.m.s.f.DefaultMavenResourcesFiltering - Copying 0 resource from src\main\resources to target\classes
2026-03-02 13:46:52,039 [Worker-45: ビルド] INFO  o.a.m.s.f.DefaultMavenResourcesFiltering - Copying 1 resource from src\main\resources to target\classes
2026-03-02 13:46:52,043 [Worker-45: ビルド] INFO  o.a.m.s.f.DefaultMavenResourcesFiltering - skip non existing resourceDirectory C:\springDemo\demo\src\test\resources
2026-03-02 13:49:22,034 [Worker-46: ビルド] INFO  o.a.m.s.f.DefaultMavenResourcesFiltering - Copying 1 resource from src\main\resources to target\classes
2026-03-02 13:49:22,042 [Worker-46: ビルド] INFO  o.a.m.s.f.DefaultMavenResourcesFiltering - Copying 9 resources from src\main\resources to target\classes
2026-03-02 13:49:22,049 [Worker-46: ビルド] INFO  o.a.m.s.f.DefaultMavenResourcesFiltering - skip non existing resourceDirectory C:\springDemo\demo\src\test\resources
2026-03-02 14:01:00,624 [Worker-49: ビルド] INFO  o.a.m.s.f.DefaultMavenResourcesFiltering - Copying 1 resource from src\main\resources to target\classes
2026-03-02 14:01:00,668 [Worker-49: ビルド] INFO  o.a.m.s.f.DefaultMavenResourcesFiltering - Copying 9 resources from src\main\resources to target\classes
2026-03-02 14:01:00,677 [Worker-49: ビルド] INFO  o.a.m.s.f.DefaultMavenResourcesFiltering - skip non existing resourceDirectory C:\springDemo\demo\src\test\resources
2026-03-02 14:05:14,732 [Worker-45: ビルド] INFO  o.a.m.s.f.DefaultMavenResourcesFiltering - Copying 1 resource from src\main\resources to target\classes
2026-03-02 14:05:14,738 [Worker-45: ビルド] INFO  o.a.m.s.f.DefaultMavenResourcesFiltering - Copying 9 resources from src\main\resources to target\classes
2026-03-02 14:05:14,743 [Worker-45: ビルド] INFO  o.a.m.s.f.DefaultMavenResourcesFiltering - skip non existing resourceDirectory C:\springDemo\demo\src\test\resources
2026-03-02 14:06:47,659 [Worker-48: ビルド] INFO  o.a.m.s.f.DefaultMavenResourcesFiltering - Copying 1 resource from src\main\resources to target\classes
2026-03-02 14:06:47,664 [Worker-48: ビルド] INFO  o.a.m.s.f.DefaultMavenResourcesFiltering - Copying 9 resources from src\main\resources to target\classes
2026-03-02 14:06:47,669 [Worker-48: ビルド] INFO  o.a.m.s.f.DefaultMavenResourcesFiltering - skip non existing resourceDirectory C:\springDemo\demo\src\test\resources
2026-03-02 14:25:57,133 [Worker-51: ビルド] INFO  o.a.m.s.f.DefaultMavenResourcesFiltering - Copying 1 resource from src\main\resources to target\classes
2026-03-02 14:25:57,137 [Worker-51: ビルド] INFO  o.a.m.s.f.DefaultMavenResourcesFiltering - Copying 9 resources from src\main\resources to target\classes
2026-03-02 14:25:57,142 [Worker-51: ビルド] INFO  o.a.m.s.f.DefaultMavenResourcesFiltering - skip non existing resourceDirectory C:\springDemo\demo\src\test\resources
2026-03-02 16:08:41,469 [Worker-54: ビルド] INFO  o.a.m.s.f.DefaultMavenResourcesFiltering - Copying 1 resource from src\main\resources to target\classes
2026-03-02 16:08:41,500 [Worker-54: ビルド] INFO  o.a.m.s.f.DefaultMavenResourcesFiltering - Copying 9 resources from src\main\resources to target\classes
2026-03-02 16:08:41,512 [Worker-54: ビルド] INFO  o.a.m.s.f.DefaultMavenResourcesFiltering - skip non existing resourceDirectory C:\springDemo\demo\src\test\resources
2026-03-02 16:09:11,138 [Worker-50: ビルド] INFO  o.a.m.s.f.DefaultMavenResourcesFiltering - Copying 1 resource from src\main\resources to target\classes
2026-03-02 16:09:11,143 [Worker-50: ビルド] INFO  o.a.m.s.f.DefaultMavenResourcesFiltering - Copying 9 resources from src\main\resources to target\classes
2026-03-02 16:09:11,148 [Worker-50: ビルド] INFO  o.a.m.s.f.DefaultMavenResourcesFiltering - skip non existing resourceDirectory C:\springDemo\demo\src\test\resources
2026-03-02 16:09:52,776 [Worker-55: ビルド] INFO  o.a.m.s.f.DefaultMavenResourcesFiltering - Copying 1 resource from src\main\resources to target\classes
2026-03-02 16:09:52,779 [Worker-55: ビルド] INFO  o.a.m.s.f.DefaultMavenResourcesFiltering - Copying 9 resources from src\main\resources to target\classes
2026-03-02 16:09:52,788 [Worker-55: ビルド] INFO  o.a.m.s.f.DefaultMavenResourcesFiltering - skip non existing resourceDirectory C:\springDemo\demo\src\test\resources
2026-03-02 16:10:01,332 [Worker-51: ビルド] INFO  o.a.m.s.f.DefaultMavenResourcesFiltering - Copying 1 resource from src\main\resources to target\classes
2026-03-02 16:10:01,337 [Worker-51: ビルド] INFO  o.a.m.s.f.DefaultMavenResourcesFiltering - Copying 9 resources from src\main\resources to target\classes
2026-03-02 16:10:01,341 [Worker-51: ビルド] INFO  o.a.m.s.f.DefaultMavenResourcesFiltering - skip non existing resourceDirectory C:\springDemo\demo\src\test\resources
2026-03-02 16:10:41,925 [Worker-50: ビルド] INFO  o.a.m.s.f.DefaultMavenResourcesFiltering - Copying 1 resource from src\main\resources to target\classes
2026-03-02 16:10:41,928 [Worker-50: ビルド] INFO  o.a.m.s.f.DefaultMavenResourcesFiltering - Copying 9 resources from src\main\resources to target\classes
2026-03-02 16:10:41,934 [Worker-50: ビルド] INFO  o.a.m.s.f.DefaultMavenResourcesFiltering - skip non existing resourceDirectory C:\springDemo\demo\src\test\resources
2026-03-02 16:11:26,828 [Worker-50: ビルド] INFO  o.a.m.s.f.DefaultMavenResourcesFiltering - Copying 1 resource from src\main\resources to target\classes
2026-03-02 16:11:26,844 [Worker-50: ビルド] INFO  o.a.m.s.f.DefaultMavenResourcesFiltering - Copying 9 resources from src\main\resources to target\classes
2026-03-02 16:11:26,850 [Worker-50: ビルド] INFO  o.a.m.s.f.DefaultMavenResourcesFiltering - skip non existing resourceDirectory C:\springDemo\demo\src\test\resources
2026-03-02 16:11:37,794 [Worker-56: ビルド] INFO  o.a.m.s.f.DefaultMavenResourcesFiltering - Copying 1 resource from src\main\resources to target\classes
2026-03-02 16:11:37,921 [Worker-56: ビルド] INFO  o.a.m.s.f.DefaultMavenResourcesFiltering - Copying 9 resources from src\main\resources to target\classes
2026-03-02 16:11:37,930 [Worker-56: ビルド] INFO  o.a.m.s.f.DefaultMavenResourcesFiltering - skip non existing resourceDirectory C:\springDemo\demo\src\test\resources
2026-03-02 16:13:26,062 [Worker-56: ビルド] INFO  o.a.m.s.f.DefaultMavenResourcesFiltering - Copying 1 resource from src\main\resources to target\classes
2026-03-02 16:13:26,067 [Worker-56: ビルド] INFO  o.a.m.s.f.DefaultMavenResourcesFiltering - Copying 9 resources from src\main\resources to target\classes
2026-03-02 16:13:26,072 [Worker-56: ビルド] INFO  o.a.m.s.f.DefaultMavenResourcesFiltering - skip non existing resourceDirectory C:\springDemo\demo\src\test\resources
2026-03-02 16:43:46,943 [Worker-56: ビルド] INFO  o.a.m.s.f.DefaultMavenResourcesFiltering - Copying 1 resource from src\main\resources to target\classes
2026-03-02 16:43:46,950 [Worker-56: ビルド] INFO  o.a.m.s.f.DefaultMavenResourcesFiltering - Copying 9 resources from src\main\resources to target\classes
2026-03-02 16:43:46,956 [Worker-56: ビルド] INFO  o.a.m.s.f.DefaultMavenResourcesFiltering - skip non existing resourceDirectory C:\springDemo\demo\src\test\resources
2026-03-02 16:44:13,238 [Worker-49: ビルド] INFO  o.a.m.s.f.DefaultMavenResourcesFiltering - Copying 1 resource from src\main\resources to target\classes
2026-03-02 16:44:13,293 [Worker-49: ビルド] INFO  o.a.m.s.f.DefaultMavenResourcesFiltering - Copying 9 resources from src\main\resources to target\classes
2026-03-02 16:44:13,300 [Worker-49: ビルド] INFO  o.a.m.s.f.DefaultMavenResourcesFiltering - skip non existing resourceDirectory C:\springDemo\demo\src\test\resources
2026-03-02 16:46:11,209 [Worker-49: ビルド] INFO  o.a.m.s.f.DefaultMavenResourcesFiltering - Copying 1 resource from src\main\resources to target\classes
2026-03-02 16:46:11,214 [Worker-49: ビルド] INFO  o.a.m.s.f.DefaultMavenResourcesFiltering - Copying 9 resources from src\main\resources to target\classes
2026-03-02 16:46:11,222 [Worker-49: ビルド] INFO  o.a.m.s.f.DefaultMavenResourcesFiltering - skip non existing resourceDirectory C:\springDemo\demo\src\test\resources
2026-03-02 16:46:16,398 [Worker-51: ビルド] INFO  o.a.m.s.f.DefaultMavenResourcesFiltering - Copying 1 resource from src\main\resources to target\classes
2026-03-02 16:46:16,404 [Worker-51: ビルド] INFO  o.a.m.s.f.DefaultMavenResourcesFiltering - Copying 9 resources from src\main\resources to target\classes
2026-03-02 16:46:16,409 [Worker-51: ビルド] INFO  o.a.m.s.f.DefaultMavenResourcesFiltering - skip non existing resourceDirectory C:\springDemo\demo\src\test\resources
2026-03-02 16:48:22,345 [Worker-56: ビルド] INFO  o.a.m.s.f.DefaultMavenResourcesFiltering - Copying 1 resource from src\main\resources to target\classes
2026-03-02 16:48:22,349 [Worker-56: ビルド] INFO  o.a.m.s.f.DefaultMavenResourcesFiltering - Copying 9 resources from src\main\resources to target\classes
2026-03-02 16:48:22,354 [Worker-56: ビルド] INFO  o.a.m.s.f.DefaultMavenResourcesFiltering - skip non existing resourceDirectory C:\springDemo\demo\src\test\resources
2026-03-02 16:50:03,219 [Worker-54: ビルド] INFO  o.a.m.s.f.DefaultMavenResourcesFiltering - Copying 1 resource from src\main\resources to target\classes
2026-03-02 16:50:03,223 [Worker-54: ビルド] INFO  o.a.m.s.f.DefaultMavenResourcesFiltering - Copying 9 resources from src\main\resources to target\classes
2026-03-02 16:50:03,227 [Worker-54: ビルド] INFO  o.a.m.s.f.DefaultMavenResourcesFiltering - skip non existing resourceDirectory C:\springDemo\demo\src\test\resources
2026-03-02 16:51:18,491 [Worker-55: ビルド] INFO  o.a.m.s.f.DefaultMavenResourcesFiltering - Copying 1 resource from src\main\resources to target\classes
2026-03-02 16:51:18,497 [Worker-55: ビルド] INFO  o.a.m.s.f.DefaultMavenResourcesFiltering - Copying 9 resources from src\main\resources to target\classes
2026-03-02 16:51:18,503 [Worker-55: ビルド] INFO  o.a.m.s.f.DefaultMavenResourcesFiltering - skip non existing resourceDirectory C:\springDemo\demo\src\test\resources
2026-03-02 16:52:34,565 [Worker-54: ビルド] INFO  o.a.m.s.f.DefaultMavenResourcesFiltering - Copying 1 resource from src\main\resources to target\classes
2026-03-02 16:52:34,570 [Worker-54: ビルド] INFO  o.a.m.s.f.DefaultMavenResourcesFiltering - Copying 9 resources from src\main\resources to target\classes
2026-03-02 16:52:34,575 [Worker-54: ビルド] INFO  o.a.m.s.f.DefaultMavenResourcesFiltering - skip non existing resourceDirectory C:\springDemo\demo\src\test\resources
2026-03-02 16:53:56,877 [Worker-56: ビルド] INFO  o.a.m.s.f.DefaultMavenResourcesFiltering - Copying 1 resource from src\main\resources to target\classes
2026-03-02 16:53:56,889 [Worker-56: ビルド] INFO  o.a.m.s.f.DefaultMavenResourcesFiltering - Copying 9 resources from src\main\resources to target\classes
2026-03-02 16:53:56,896 [Worker-56: ビルド] INFO  o.a.m.s.f.DefaultMavenResourcesFiltering - skip non existing resourceDirectory C:\springDemo\demo\src\test\resources
2026-03-02 16:54:07,968 [Worker-49: ビルド] INFO  o.a.m.s.f.DefaultMavenResourcesFiltering - Copying 1 resource from src\main\resources to target\classes
2026-03-02 16:54:07,972 [Worker-49: ビルド] INFO  o.a.m.s.f.DefaultMavenResourcesFiltering - Copying 9 resources from src\main\resources to target\classes
2026-03-02 16:54:07,977 [Worker-49: ビルド] INFO  o.a.m.s.f.DefaultMavenResourcesFiltering - skip non existing resourceDirectory C:\springDemo\demo\src\test\resources
2026-03-02 16:55:44,330 [Worker-50: ビルド] INFO  o.a.m.s.f.DefaultMavenResourcesFiltering - Copying 1 resource from src\main\resources to target\classes
2026-03-02 16:55:44,334 [Worker-50: ビルド] INFO  o.a.m.s.f.DefaultMavenResourcesFiltering - Copying 9 resources from src\main\resources to target\classes
2026-03-02 16:55:44,339 [Worker-50: ビルド] INFO  o.a.m.s.f.DefaultMavenResourcesFiltering - skip non existing resourceDirectory C:\springDemo\demo\src\test\resources
2026-03-02 16:56:22,084 [Worker-55: ビルド] INFO  o.a.m.s.f.DefaultMavenResourcesFiltering - Copying 1 resource from src\main\resources to target\classes
2026-03-02 16:56:22,088 [Worker-55: ビルド] INFO  o.a.m.s.f.DefaultMavenResourcesFiltering - Copying 9 resources from src\main\resources to target\classes
2026-03-02 16:56:22,093 [Worker-55: ビルド] INFO  o.a.m.s.f.DefaultMavenResourcesFiltering - skip non existing resourceDirectory C:\springDemo\demo\src\test\resources
2026-03-02 16:56:27,564 [Worker-57: ビルド] INFO  o.a.m.s.f.DefaultMavenResourcesFiltering - Copying 1 resource from src\main\resources to target\classes
2026-03-02 16:56:27,569 [Worker-57: ビルド] INFO  o.a.m.s.f.DefaultMavenResourcesFiltering - Copying 9 resources from src\main\resources to target\classes
2026-03-02 16:56:27,574 [Worker-57: ビルド] INFO  o.a.m.s.f.DefaultMavenResourcesFiltering - skip non existing resourceDirectory C:\springDemo\demo\src\test\resources
2026-03-02 16:57:38,691 [Worker-54: ビルド] INFO  o.a.m.s.f.DefaultMavenResourcesFiltering - Copying 1 resource from src\main\resources to target\classes
2026-03-02 16:57:38,695 [Worker-54: ビルド] INFO  o.a.m.s.f.DefaultMavenResourcesFiltering - Copying 9 resources from src\main\resources to target\classes
2026-03-02 16:57:38,699 [Worker-54: ビルド] INFO  o.a.m.s.f.DefaultMavenResourcesFiltering - skip non existing resourceDirectory C:\springDemo\demo\src\test\resources
2026-03-02 16:58:08,761 [Worker-54: ビルド] INFO  o.a.m.s.f.DefaultMavenResourcesFiltering - Copying 1 resource from src\main\resources to target\classes
2026-03-02 16:58:08,765 [Worker-54: ビルド] INFO  o.a.m.s.f.DefaultMavenResourcesFiltering - Copying 9 resources from src\main\resources to target\classes
2026-03-02 16:58:08,770 [Worker-54: ビルド] INFO  o.a.m.s.f.DefaultMavenResourcesFiltering - skip non existing resourceDirectory C:\springDemo\demo\src\test\resources
2026-03-02 16:58:51,018 [Worker-50: ビルド] INFO  o.a.m.s.f.DefaultMavenResourcesFiltering - Copying 1 resource from src\main\resources to target\classes
2026-03-02 16:58:51,031 [Worker-50: ビルド] INFO  o.a.m.s.f.DefaultMavenResourcesFiltering - Copying 9 resources from src\main\resources to target\classes
2026-03-02 16:58:51,036 [Worker-50: ビルド] INFO  o.a.m.s.f.DefaultMavenResourcesFiltering - skip non existing resourceDirectory C:\springDemo\demo\src\test\resources
2026-03-02 16:59:00,290 [Worker-57: ビルド] INFO  o.a.m.s.f.DefaultMavenResourcesFiltering - Copying 1 resource from src\main\resources to target\classes
2026-03-02 16:59:00,298 [Worker-57: ビルド] INFO  o.a.m.s.f.DefaultMavenResourcesFiltering - Copying 9 resources from src\main\resources to target\classes
2026-03-02 16:59:00,303 [Worker-57: ビルド] INFO  o.a.m.s.f.DefaultMavenResourcesFiltering - skip non existing resourceDirectory C:\springDemo\demo\src\test\resources
2026-03-02 17:00:34,618 [Worker-57: ビルド] INFO  o.a.m.s.f.DefaultMavenResourcesFiltering - Copying 1 resource from src\main\resources to target\classes
2026-03-02 17:00:34,622 [Worker-57: ビルド] INFO  o.a.m.s.f.DefaultMavenResourcesFiltering - Copying 9 resources from src\main\resources to target\classes
2026-03-02 17:00:34,626 [Worker-57: ビルド] INFO  o.a.m.s.f.DefaultMavenResourcesFiltering - skip non existing resourceDirectory C:\springDemo\demo\src\test\resources
2026-03-02 17:01:47,053 [Worker-54: ビルド] INFO  o.a.m.s.f.DefaultMavenResourcesFiltering - Copying 1 resource from src\main\resources to target\classes
2026-03-02 17:01:47,063 [Worker-54: ビルド] INFO  o.a.m.s.f.DefaultMavenResourcesFiltering - Copying 9 resources from src\main\resources to target\classes
2026-03-02 17:01:47,068 [Worker-54: ビルド] INFO  o.a.m.s.f.DefaultMavenResourcesFiltering - skip non existing resourceDirectory C:\springDemo\demo\src\test\resources
2026-03-02 17:01:57,828 [Worker-59: ビルド] INFO  o.a.m.s.f.DefaultMavenResourcesFiltering - Copying 1 resource from src\main\resources to target\classes
2026-03-02 17:01:57,832 [Worker-59: ビルド] INFO  o.a.m.s.f.DefaultMavenResourcesFiltering - Copying 9 resources from src\main\resources to target\classes
2026-03-02 17:01:57,838 [Worker-59: ビルド] INFO  o.a.m.s.f.DefaultMavenResourcesFiltering - skip non existing resourceDirectory C:\springDemo\demo\src\test\resources
2026-03-02 17:02:04,542 [Worker-58: ビルド] INFO  o.a.m.s.f.DefaultMavenResourcesFiltering - Copying 1 resource from src\main\resources to target\classes
2026-03-02 17:02:04,546 [Worker-58: ビルド] INFO  o.a.m.s.f.DefaultMavenResourcesFiltering - Copying 9 resources from src\main\resources to target\classes
2026-03-02 17:02:04,550 [Worker-58: ビルド] INFO  o.a.m.s.f.DefaultMavenResourcesFiltering - skip non existing resourceDirectory C:\springDemo\demo\src\test\resources
2026-03-02 17:05:56,593 [Worker-57: ビルド] INFO  o.a.m.s.f.DefaultMavenResourcesFiltering - Copying 1 resource from src\main\resources to target\classes
2026-03-02 17:05:56,599 [Worker-57: ビルド] INFO  o.a.m.s.f.DefaultMavenResourcesFiltering - Copying 9 resources from src\main\resources to target\classes
2026-03-02 17:05:56,605 [Worker-57: ビルド] INFO  o.a.m.s.f.DefaultMavenResourcesFiltering - skip non existing resourceDirectory C:\springDemo\demo\src\test\resources
2026-03-02 17:09:11,966 [Worker-56: ビルド] INFO  o.a.m.s.f.DefaultMavenResourcesFiltering - Copying 1 resource from src\main\resources to target\classes
2026-03-02 17:09:11,972 [Worker-56: ビルド] INFO  o.a.m.s.f.DefaultMavenResourcesFiltering - Copying 9 resources from src\main\resources to target\classes
2026-03-02 17:09:11,979 [Worker-56: ビルド] INFO  o.a.m.s.f.DefaultMavenResourcesFiltering - skip non existing resourceDirectory C:\springDemo\demo\src\test\resources
2026-03-02 17:09:38,262 [Worker-59: ビルド] INFO  o.a.m.s.f.DefaultMavenResourcesFiltering - Copying 1 resource from src\main\resources to target\classes
2026-03-02 17:09:38,267 [Worker-59: ビルド] INFO  o.a.m.s.f.DefaultMavenResourcesFiltering - Copying 9 resources from src\main\resources to target\classes
2026-03-02 17:09:38,275 [Worker-59: ビルド] INFO  o.a.m.s.f.DefaultMavenResourcesFiltering - skip non existing resourceDirectory C:\springDemo\demo\src\test\resources
2026-03-02 17:10:30,354 [Worker-57: ビルド] INFO  o.a.m.s.f.DefaultMavenResourcesFiltering - Copying 1 resource from src\main\resources to target\classes
2026-03-02 17:10:30,362 [Worker-57: ビルド] INFO  o.a.m.s.f.DefaultMavenResourcesFiltering - Copying 9 resources from src\main\resources to target\classes
2026-03-02 17:10:30,367 [Worker-57: ビルド] INFO  o.a.m.s.f.DefaultMavenResourcesFiltering - skip non existing resourceDirectory C:\springDemo\demo\src\test\resources
2026-03-02 17:14:15,564 [Worker-54: ビルド] INFO  o.a.m.s.f.DefaultMavenResourcesFiltering - Copying 1 resource from src\main\resources to target\classes
2026-03-02 17:14:15,573 [Worker-54: ビルド] INFO  o.a.m.s.f.DefaultMavenResourcesFiltering - Copying 9 resources from src\main\resources to target\classes
2026-03-02 17:14:15,577 [Worker-54: ビルド] INFO  o.a.m.s.f.DefaultMavenResourcesFiltering - skip non existing resourceDirectory C:\springDemo\demo\src\test\resources
2026-03-02 17:14:28,471 [Worker-51: ビルド] INFO  o.a.m.s.f.DefaultMavenResourcesFiltering - Copying 1 resource from src\main\resources to target\classes
2026-03-02 17:14:28,477 [Worker-51: ビルド] INFO  o.a.m.s.f.DefaultMavenResourcesFiltering - Copying 9 resources from src\main\resources to target\classes
2026-03-02 17:14:28,482 [Worker-51: ビルド] INFO  o.a.m.s.f.DefaultMavenResourcesFiltering - skip non existing resourceDirectory C:\springDemo\demo\src\test\resources
2026-03-02 17:16:45,016 [Worker-56: ビルド] INFO  o.a.m.s.f.DefaultMavenResourcesFiltering - Copying 1 resource from src\main\resources to target\classes
2026-03-02 17:16:45,020 [Worker-56: ビルド] INFO  o.a.m.s.f.DefaultMavenResourcesFiltering - Copying 9 resources from src\main\resources to target\classes
2026-03-02 17:16:45,025 [Worker-56: ビルド] INFO  o.a.m.s.f.DefaultMavenResourcesFiltering - skip non existing resourceDirectory C:\springDemo\demo\src\test\resources
2026-03-02 17:17:16,208 [Worker-59: ビルド] INFO  o.a.m.s.f.DefaultMavenResourcesFiltering - Copying 1 resource from src\main\resources to target\classes
2026-03-02 17:17:16,211 [Worker-59: ビルド] INFO  o.a.m.s.f.DefaultMavenResourcesFiltering - Copying 9 resources from src\main\resources to target\classes
2026-03-02 17:17:16,216 [Worker-59: ビルド] INFO  o.a.m.s.f.DefaultMavenResourcesFiltering - skip non existing resourceDirectory C:\springDemo\demo\src\test\resources
2026-03-02 17:19:50,424 [Worker-49: ビルド] INFO  o.a.m.s.f.DefaultMavenResourcesFiltering - Copying 1 resource from src\main\resources to target\classes
2026-03-02 17:19:50,428 [Worker-49: ビルド] INFO  o.a.m.s.f.DefaultMavenResourcesFiltering - Copying 9 resources from src\main\resources to target\classes
2026-03-02 17:19:50,435 [Worker-49: ビルド] INFO  o.a.m.s.f.DefaultMavenResourcesFiltering - skip non existing resourceDirectory C:\springDemo\demo\src\test\resources
2026-03-02 17:19:59,977 [Worker-59: ビルド] INFO  o.a.m.s.f.DefaultMavenResourcesFiltering - Copying 1 resource from src\main\resources to target\classes
2026-03-02 17:19:59,981 [Worker-59: ビルド] INFO  o.a.m.s.f.DefaultMavenResourcesFiltering - Copying 9 resources from src\main\resources to target\classes
2026-03-02 17:19:59,985 [Worker-59: ビルド] INFO  o.a.m.s.f.DefaultMavenResourcesFiltering - skip non existing resourceDirectory C:\springDemo\demo\src\test\resources
2026-03-02 17:35:13,066 [Worker-56: ビルド] INFO  o.a.m.s.f.DefaultMavenResourcesFiltering - Copying 1 resource from src\main\resources to target\classes
2026-03-02 17:35:13,083 [Worker-56: ビルド] INFO  o.a.m.s.f.DefaultMavenResourcesFiltering - Copying 9 resources from src\main\resources to target\classes
2026-03-02 17:35:13,090 [Worker-56: ビルド] INFO  o.a.m.s.f.DefaultMavenResourcesFiltering - skip non existing resourceDirectory C:\springDemo\demo\src\test\resources
2026-03-02 17:35:18,650 [Worker-54: ビルド] INFO  o.a.m.s.f.DefaultMavenResourcesFiltering - Copying 1 resource from src\main\resources to target\classes
2026-03-02 17:35:18,660 [Worker-54: ビルド] INFO  o.a.m.s.f.DefaultMavenResourcesFiltering - Copying 9 resources from src\main\resources to target\classes
2026-03-02 17:35:18,666 [Worker-54: ビルド] INFO  o.a.m.s.f.DefaultMavenResourcesFiltering - skip non existing resourceDirectory C:\springDemo\demo\src\test\resources
2026-03-02 17:36:06,917 [Worker-51: ビルド] INFO  o.a.m.s.f.DefaultMavenResourcesFiltering - Copying 1 resource from src\main\resources to target\classes
2026-03-02 17:36:06,922 [Worker-51: ビルド] INFO  o.a.m.s.f.DefaultMavenResourcesFiltering - Copying 9 resources from src\main\resources to target\classes
2026-03-02 17:36:06,926 [Worker-51: ビルド] INFO  o.a.m.s.f.DefaultMavenResourcesFiltering - skip non existing resourceDirectory C:\springDemo\demo\src\test\resources
2026-03-02 17:36:20,523 [Worker-55: ビルド] INFO  o.a.m.s.f.DefaultMavenResourcesFiltering - Copying 1 resource from src\main\resources to target\classes
2026-03-02 17:36:20,527 [Worker-55: ビルド] INFO  o.a.m.s.f.DefaultMavenResourcesFiltering - Copying 9 resources from src\main\resources to target\classes
2026-03-02 17:36:20,533 [Worker-55: ビルド] INFO  o.a.m.s.f.DefaultMavenResourcesFiltering - skip non existing resourceDirectory C:\springDemo\demo\src\test\resources
2026-03-02 17:36:48,857 [Worker-58: ビルド] INFO  o.a.m.s.f.DefaultMavenResourcesFiltering - Copying 1 resource from src\main\resources to target\classes
2026-03-02 17:36:48,865 [Worker-58: ビルド] INFO  o.a.m.s.f.DefaultMavenResourcesFiltering - Copying 9 resources from src\main\resources to target\classes
2026-03-02 17:36:48,871 [Worker-58: ビルド] INFO  o.a.m.s.f.DefaultMavenResourcesFiltering - skip non existing resourceDirectory C:\springDemo\demo\src\test\resources
2026-03-02 17:36:53,591 [Worker-51: ビルド] INFO  o.a.m.s.f.DefaultMavenResourcesFiltering - Copying 1 resource from src\main\resources to target\classes
2026-03-02 17:36:53,599 [Worker-51: ビルド] INFO  o.a.m.s.f.DefaultMavenResourcesFiltering - Copying 9 resources from src\main\resources to target\classes
2026-03-02 17:36:53,604 [Worker-51: ビルド] INFO  o.a.m.s.f.DefaultMavenResourcesFiltering - skip non existing resourceDirectory C:\springDemo\demo\src\test\resources
2026-03-02 17:39:42,200 [Worker-57: ビルド] INFO  o.a.m.s.f.DefaultMavenResourcesFiltering - Copying 1 resource from src\main\resources to target\classes
2026-03-02 17:39:42,208 [Worker-57: ビルド] INFO  o.a.m.s.f.DefaultMavenResourcesFiltering - Copying 9 resources from src\main\resources to target\classes
2026-03-02 17:39:42,213 [Worker-57: ビルド] INFO  o.a.m.s.f.DefaultMavenResourcesFiltering - skip non existing resourceDirectory C:\springDemo\demo\src\test\resources
2026-03-02 17:41:09,876 [Worker-57: ビルド] INFO  o.a.m.s.f.DefaultMavenResourcesFiltering - Copying 1 resource from src\main\resources to target\classes
2026-03-02 17:41:09,887 [Worker-57: ビルド] INFO  o.a.m.s.f.DefaultMavenResourcesFiltering - Copying 9 resources from src\main\resources to target\classes
2026-03-02 17:41:09,892 [Worker-57: ビルド] INFO  o.a.m.s.f.DefaultMavenResourcesFiltering - skip non existing resourceDirectory C:\springDemo\demo\src\test\resources
2026-03-02 17:41:58,921 [Worker-56: ビルド] INFO  o.a.m.s.f.DefaultMavenResourcesFiltering - Copying 1 resource from src\main\resources to target\classes
2026-03-02 17:41:58,925 [Worker-56: ビルド] INFO  o.a.m.s.f.DefaultMavenResourcesFiltering - Copying 9 resources from src\main\resources to target\classes
2026-03-02 17:41:58,929 [Worker-56: ビルド] INFO  o.a.m.s.f.DefaultMavenResourcesFiltering - skip non existing resourceDirectory C:\springDemo\demo\src\test\resources
2026-03-02 17:42:15,358 [Worker-56: ビルド] INFO  o.a.m.s.f.DefaultMavenResourcesFiltering - Copying 1 resource from src\main\resources to target\classes
2026-03-02 17:42:15,366 [Worker-56: ビルド] INFO  o.a.m.s.f.DefaultMavenResourcesFiltering - Copying 9 resources from src\main\resources to target\classes
2026-03-02 17:42:15,372 [Worker-56: ビルド] INFO  o.a.m.s.f.DefaultMavenResourcesFiltering - skip non existing resourceDirectory C:\springDemo\demo\src\test\resources
2026-03-02 17:45:06,955 [Worker-58: ビルド] INFO  o.a.m.s.f.DefaultMavenResourcesFiltering - Copying 1 resource from src\main\resources to target\classes
2026-03-02 17:45:06,960 [Worker-58: ビルド] INFO  o.a.m.s.f.DefaultMavenResourcesFiltering - Copying 9 resources from src\main\resources to target\classes
2026-03-02 17:45:06,965 [Worker-58: ビルド] INFO  o.a.m.s.f.DefaultMavenResourcesFiltering - skip non existing resourceDirectory C:\springDemo\demo\src\test\resources
2026-03-02 17:46:05,345 [Worker-57: ビルド] INFO  o.a.m.s.f.DefaultMavenResourcesFiltering - Copying 1 resource from src\main\resources to target\classes
2026-03-02 17:46:05,352 [Worker-57: ビルド] INFO  o.a.m.s.f.DefaultMavenResourcesFiltering - Copying 9 resources from src\main\resources to target\classes
2026-03-02 17:46:05,357 [Worker-57: ビルド] INFO  o.a.m.s.f.DefaultMavenResourcesFiltering - skip non existing resourceDirectory C:\springDemo\demo\src\test\resources
2026-03-02 17:46:31,748 [Worker-51: ビルド] INFO  o.a.m.s.f.DefaultMavenResourcesFiltering - Copying 1 resource from src\main\resources to target\classes
2026-03-02 17:46:31,762 [Worker-51: ビルド] INFO  o.a.m.s.f.DefaultMavenResourcesFiltering - Copying 9 resources from src\main\resources to target\classes
2026-03-02 17:46:31,767 [Worker-51: ビルド] INFO  o.a.m.s.f.DefaultMavenResourcesFiltering - skip non existing resourceDirectory C:\springDemo\demo\src\test\resources
2026-03-02 17:47:14,567 [Worker-58: ビルド] INFO  o.a.m.s.f.DefaultMavenResourcesFiltering - Copying 1 resource from src\main\resources to target\classes
2026-03-02 17:47:14,571 [Worker-58: ビルド] INFO  o.a.m.s.f.DefaultMavenResourcesFiltering - Copying 9 resources from src\main\resources to target\classes
2026-03-02 17:47:14,576 [Worker-58: ビルド] INFO  o.a.m.s.f.DefaultMavenResourcesFiltering - skip non existing resourceDirectory C:\springDemo\demo\src\test\resources
2026-03-02 17:57:23,552 [Worker-49: ビルド] INFO  o.a.m.s.f.DefaultMavenResourcesFiltering - Copying 1 resource from src\main\resources to target\classes
2026-03-02 17:57:23,556 [Worker-49: ビルド] INFO  o.a.m.s.f.DefaultMavenResourcesFiltering - Copying 9 resources from src\main\resources to target\classes
2026-03-02 17:57:23,561 [Worker-49: ビルド] INFO  o.a.m.s.f.DefaultMavenResourcesFiltering - skip non existing resourceDirectory C:\springDemo\demo\src\test\resources
2026-03-02 17:58:49,019 [Worker-57: ビルド] INFO  o.a.m.s.f.DefaultMavenResourcesFiltering - Copying 1 resource from src\main\resources to target\classes
2026-03-02 17:58:49,031 [Worker-57: ビルド] INFO  o.a.m.s.f.DefaultMavenResourcesFiltering - Copying 9 resources from src\main\resources to target\classes
2026-03-02 17:58:49,036 [Worker-57: ビルド] INFO  o.a.m.s.f.DefaultMavenResourcesFiltering - skip non existing resourceDirectory C:\springDemo\demo\src\test\resources
2026-03-02 17:59:19,560 [Worker-59: ビルド] INFO  o.a.m.s.f.DefaultMavenResourcesFiltering - Copying 1 resource from src\main\resources to target\classes
2026-03-02 17:59:19,564 [Worker-59: ビルド] INFO  o.a.m.s.f.DefaultMavenResourcesFiltering - Copying 9 resources from src\main\resources to target\classes
2026-03-02 17:59:19,570 [Worker-59: ビルド] INFO  o.a.m.s.f.DefaultMavenResourcesFiltering - skip non existing resourceDirectory C:\springDemo\demo\src\test\resources
2026-03-02 18:06:52,647 [Worker-56: ビルド] INFO  o.a.m.s.f.DefaultMavenResourcesFiltering - Copying 1 resource from src\main\resources to target\classes
2026-03-02 18:06:52,653 [Worker-56: ビルド] INFO  o.a.m.s.f.DefaultMavenResourcesFiltering - Copying 9 resources from src\main\resources to target\classes
2026-03-02 18:06:52,660 [Worker-56: ビルド] INFO  o.a.m.s.f.DefaultMavenResourcesFiltering - skip non existing resourceDirectory C:\springDemo\demo\src\test\resources
2026-03-02 18:07:42,344 [Worker-51: ビルド] INFO  o.a.m.s.f.DefaultMavenResourcesFiltering - Copying 1 resource from src\main\resources to target\classes
2026-03-02 18:07:42,347 [Worker-51: ビルド] INFO  o.a.m.s.f.DefaultMavenResourcesFiltering - Copying 9 resources from src\main\resources to target\classes
2026-03-02 18:07:42,352 [Worker-51: ビルド] INFO  o.a.m.s.f.DefaultMavenResourcesFiltering - skip non existing resourceDirectory C:\springDemo\demo\src\test\resources
2026-03-02 18:11:04,414 [Worker-55: ビルド] INFO  o.a.m.s.f.DefaultMavenResourcesFiltering - Copying 1 resource from src\main\resources to target\classes
2026-03-02 18:11:04,419 [Worker-55: ビルド] INFO  o.a.m.s.f.DefaultMavenResourcesFiltering - Copying 9 resources from src\main\resources to target\classes
2026-03-02 18:11:04,423 [Worker-55: ビルド] INFO  o.a.m.s.f.DefaultMavenResourcesFiltering - skip non existing resourceDirectory C:\springDemo\demo\src\test\resources
2026-03-02 18:14:06,792 [Worker-51: ビルド] INFO  o.a.m.s.f.DefaultMavenResourcesFiltering - Copying 1 resource from src\main\resources to target\classes
2026-03-02 18:14:06,797 [Worker-51: ビルド] INFO  o.a.m.s.f.DefaultMavenResourcesFiltering - Copying 9 resources from src\main\resources to target\classes
2026-03-02 18:14:06,804 [Worker-51: ビルド] INFO  o.a.m.s.f.DefaultMavenResourcesFiltering - skip non existing resourceDirectory C:\springDemo\demo\src\test\resources
2026-03-02 18:17:46,944 [Worker-57: ビルド] INFO  o.a.m.s.f.DefaultMavenResourcesFiltering - Copying 1 resource from src\main\resources to target\classes
2026-03-02 18:17:46,957 [Worker-57: ビルド] INFO  o.a.m.s.f.DefaultMavenResourcesFiltering - Copying 9 resources from src\main\resources to target\classes
2026-03-02 18:17:46,961 [Worker-57: ビルド] INFO  o.a.m.s.f.DefaultMavenResourcesFiltering - skip non existing resourceDirectory C:\springDemo\demo\src\test\resources
2026-03-02 18:18:04,459 [Worker-60: ビルド] INFO  o.a.m.s.f.DefaultMavenResourcesFiltering - Copying 1 resource from src\main\resources to target\classes
2026-03-02 18:18:04,463 [Worker-60: ビルド] INFO  o.a.m.s.f.DefaultMavenResourcesFiltering - Copying 9 resources from src\main\resources to target\classes
2026-03-02 18:18:04,468 [Worker-60: ビルド] INFO  o.a.m.s.f.DefaultMavenResourcesFiltering - skip non existing resourceDirectory C:\springDemo\demo\src\test\resources
2026-03-02 18:18:16,294 [Worker-60: ビルド] INFO  o.a.m.s.f.DefaultMavenResourcesFiltering - Copying 1 resource from src\main\resources to target\classes
2026-03-02 18:18:16,303 [Worker-60: ビルド] INFO  o.a.m.s.f.DefaultMavenResourcesFiltering - Copying 9 resources from src\main\resources to target\classes
2026-03-02 18:18:16,308 [Worker-60: ビルド] INFO  o.a.m.s.f.DefaultMavenResourcesFiltering - skip non existing resourceDirectory C:\springDemo\demo\src\test\resources
2026-03-02 18:18:44,151 [Worker-58: ビルド] INFO  o.a.m.s.f.DefaultMavenResourcesFiltering - Copying 1 resource from src\main\resources to target\classes
2026-03-02 18:18:44,155 [Worker-58: ビルド] INFO  o.a.m.s.f.DefaultMavenResourcesFiltering - Copying 9 resources from src\main\resources to target\classes
2026-03-02 18:18:44,160 [Worker-58: ビルド] INFO  o.a.m.s.f.DefaultMavenResourcesFiltering - skip non existing resourceDirectory C:\springDemo\demo\src\test\resources
2026-03-02 18:19:20,834 [Worker-57: ビルド] INFO  o.a.m.s.f.DefaultMavenResourcesFiltering - Copying 1 resource from src\main\resources to target\classes
2026-03-02 18:19:20,839 [Worker-57: ビルド] INFO  o.a.m.s.f.DefaultMavenResourcesFiltering - Copying 9 resources from src\main\resources to target\classes
2026-03-02 18:19:20,845 [Worker-57: ビルド] INFO  o.a.m.s.f.DefaultMavenResourcesFiltering - skip non existing resourceDirectory C:\springDemo\demo\src\test\resources
2026-03-02 18:23:03,339 [Worker-59: ビルド] INFO  o.a.m.s.f.DefaultMavenResourcesFiltering - Copying 1 resource from src\main\resources to target\classes
2026-03-02 18:23:03,348 [Worker-59: ビルド] INFO  o.a.m.s.f.DefaultMavenResourcesFiltering - Copying 9 resources from src\main\resources to target\classes
2026-03-02 18:23:03,352 [Worker-59: ビルド] INFO  o.a.m.s.f.DefaultMavenResourcesFiltering - skip non existing resourceDirectory C:\springDemo\demo\src\test\resources
2026-03-02 18:24:32,867 [Worker-60: ビルド] INFO  o.a.m.s.f.DefaultMavenResourcesFiltering - Copying 1 resource from src\main\resources to target\classes
2026-03-02 18:24:32,882 [Worker-60: ビルド] INFO  o.a.m.s.f.DefaultMavenResourcesFiltering - Copying 9 resources from src\main\resources to target\classes
2026-03-02 18:24:32,887 [Worker-60: ビルド] INFO  o.a.m.s.f.DefaultMavenResourcesFiltering - skip non existing resourceDirectory C:\springDemo\demo\src\test\resources
2026-03-02 18:26:12,213 [Worker-50: ビルド] INFO  o.a.m.s.f.DefaultMavenResourcesFiltering - Copying 1 resource from src\main\resources to target\classes
2026-03-02 18:26:12,217 [Worker-50: ビルド] INFO  o.a.m.s.f.DefaultMavenResourcesFiltering - Copying 9 resources from src\main\resources to target\classes
2026-03-02 18:26:12,222 [Worker-50: ビルド] INFO  o.a.m.s.f.DefaultMavenResourcesFiltering - skip non existing resourceDirectory C:\springDemo\demo\src\test\resources
2026-03-02 18:26:20,490 [Worker-56: ビルド] INFO  o.a.m.s.f.DefaultMavenResourcesFiltering - Copying 1 resource from src\main\resources to target\classes
2026-03-02 18:26:20,493 [Worker-56: ビルド] INFO  o.a.m.s.f.DefaultMavenResourcesFiltering - Copying 9 resources from src\main\resources to target\classes
2026-03-02 18:26:20,497 [Worker-56: ビルド] INFO  o.a.m.s.f.DefaultMavenResourcesFiltering - skip non existing resourceDirectory C:\springDemo\demo\src\test\resources
2026-03-02 18:27:34,420 [Worker-61: ビルド] INFO  o.a.m.s.f.DefaultMavenResourcesFiltering - Copying 1 resource from src\main\resources to target\classes
2026-03-02 18:27:34,423 [Worker-61: ビルド] INFO  o.a.m.s.f.DefaultMavenResourcesFiltering - Copying 9 resources from src\main\resources to target\classes
2026-03-02 18:27:34,427 [Worker-61: ビルド] INFO  o.a.m.s.f.DefaultMavenResourcesFiltering - skip non existing resourceDirectory C:\springDemo\demo\src\test\resources
2026-03-02 18:28:11,647 [Worker-50: ビルド] INFO  o.a.m.s.f.DefaultMavenResourcesFiltering - Copying 1 resource from src\main\resources to target\classes
2026-03-02 18:28:11,650 [Worker-50: ビルド] INFO  o.a.m.s.f.DefaultMavenResourcesFiltering - Copying 9 resources from src\main\resources to target\classes
2026-03-02 18:28:11,655 [Worker-50: ビルド] INFO  o.a.m.s.f.DefaultMavenResourcesFiltering - skip non existing resourceDirectory C:\springDemo\demo\src\test\resources
2026-03-02 18:29:06,863 [Worker-60: ビルド] INFO  o.a.m.s.f.DefaultMavenResourcesFiltering - Copying 1 resource from src\main\resources to target\classes
2026-03-02 18:29:06,871 [Worker-60: ビルド] INFO  o.a.m.s.f.DefaultMavenResourcesFiltering - Copying 9 resources from src\main\resources to target\classes
2026-03-02 18:29:06,878 [Worker-60: ビルド] INFO  o.a.m.s.f.DefaultMavenResourcesFiltering - skip non existing resourceDirectory C:\springDemo\demo\src\test\resources
2026-03-02 18:29:21,644 [Worker-57: ビルド] INFO  o.a.m.s.f.DefaultMavenResourcesFiltering - Copying 1 resource from src\main\resources to target\classes
2026-03-02 18:29:21,648 [Worker-57: ビルド] INFO  o.a.m.s.f.DefaultMavenResourcesFiltering - Copying 9 resources from src\main\resources to target\classes
2026-03-02 18:29:21,652 [Worker-57: ビルド] INFO  o.a.m.s.f.DefaultMavenResourcesFiltering - skip non existing resourceDirectory C:\springDemo\demo\src\test\resources
2026-03-02 18:29:52,102 [Worker-59: ビルド] INFO  o.a.m.s.f.DefaultMavenResourcesFiltering - Copying 1 resource from src\main\resources to target\classes
2026-03-02 18:29:52,105 [Worker-59: ビルド] INFO  o.a.m.s.f.DefaultMavenResourcesFiltering - Copying 9 resources from src\main\resources to target\classes
2026-03-02 18:29:52,109 [Worker-59: ビルド] INFO  o.a.m.s.f.DefaultMavenResourcesFiltering - skip non existing resourceDirectory C:\springDemo\demo\src\test\resources
2026-03-02 18:42:20,086 [Worker-65: ビルド] INFO  o.a.m.s.f.DefaultMavenResourcesFiltering - Copying 1 resource from src\main\resources to target\classes
2026-03-02 18:42:20,093 [Worker-65: ビルド] INFO  o.a.m.s.f.DefaultMavenResourcesFiltering - Copying 9 resources from src\main\resources to target\classes
2026-03-02 18:42:20,101 [Worker-65: ビルド] INFO  o.a.m.s.f.DefaultMavenResourcesFiltering - skip non existing resourceDirectory C:\springDemo\demo\src\test\resources
2026-03-03 10:15:43,007 [Worker-6: Loading available Gradle versions] INFO  o.e.b.c.i.u.g.PublishedGradleVersions - Gradle version information cache is out-of-date. Trying to update.
2026-03-03 10:17:34,926 [Worker-0: ビルド] INFO  o.a.m.s.f.DefaultMavenResourcesFiltering - Copying 1 resource from src\main\resources to target\classes
2026-03-03 10:17:34,944 [Worker-0: ビルド] INFO  o.a.m.s.f.DefaultMavenResourcesFiltering - Copying 10 resources from src\main\resources to target\classes
2026-03-03 10:17:34,962 [Worker-0: ビルド] INFO  o.a.m.s.f.DefaultMavenResourcesFiltering - skip non existing resourceDirectory C:\springDemo\demo\src\test\resources
2026-03-03 10:17:38,849 [Worker-12: ビルド] INFO  o.a.m.s.f.DefaultMavenResourcesFiltering - Copying 1 resource from src\main\resources to target\classes
2026-03-03 10:17:38,859 [Worker-12: ビルド] INFO  o.a.m.s.f.DefaultMavenResourcesFiltering - Copying 10 resources from src\main\resources to target\classes
2026-03-03 10:17:38,870 [Worker-12: ビルド] INFO  o.a.m.s.f.DefaultMavenResourcesFiltering - skip non existing resourceDirectory C:\springDemo\demo\src\test\resources
2026-03-03 10:18:03,076 [Worker-6: ビルド] INFO  o.a.m.s.f.DefaultMavenResourcesFiltering - Copying 0 resource from src\main\resources to target\classes
2026-03-03 10:18:03,079 [Worker-6: ビルド] INFO  o.a.m.s.f.DefaultMavenResourcesFiltering - Copying 1 resource from src\main\resources to target\classes
2026-03-03 10:18:03,084 [Worker-6: ビルド] INFO  o.a.m.s.f.DefaultMavenResourcesFiltering - skip non existing resourceDirectory C:\springDemo\demo\src\test\resources
2026-03-03 10:20:02,290 [Worker-11: ビルド] INFO  o.a.m.s.f.DefaultMavenResourcesFiltering - Copying 0 resource from src\main\resources to target\classes
2026-03-03 10:20:02,293 [Worker-11: ビルド] INFO  o.a.m.s.f.DefaultMavenResourcesFiltering - Copying 1 resource from src\main\resources to target\classes
2026-03-03 10:20:02,297 [Worker-11: ビルド] INFO  o.a.m.s.f.DefaultMavenResourcesFiltering - skip non existing resourceDirectory C:\springDemo\demo\src\test\resources
2026-03-03 10:20:04,375 [Worker-12: ビルド] INFO  o.a.m.s.f.DefaultMavenResourcesFiltering - Copying 1 resource from src\main\resources to target\classes
2026-03-03 10:20:04,381 [Worker-12: ビルド] INFO  o.a.m.s.f.DefaultMavenResourcesFiltering - Copying 10 resources from src\main\resources to target\classes
2026-03-03 10:20:04,391 [Worker-12: ビルド] INFO  o.a.m.s.f.DefaultMavenResourcesFiltering - skip non existing resourceDirectory C:\springDemo\demo\src\test\resources
2026-03-03 10:20:48,513 [Worker-11: ビルド] INFO  o.a.m.s.f.DefaultMavenResourcesFiltering - Copying 0 resource from src\main\resources to target\classes
2026-03-03 10:20:48,517 [Worker-11: ビルド] INFO  o.a.m.s.f.DefaultMavenResourcesFiltering - Copying 1 resource from src\main\resources to target\classes
2026-03-03 10:20:48,523 [Worker-11: ビルド] INFO  o.a.m.s.f.DefaultMavenResourcesFiltering - skip non existing resourceDirectory C:\springDemo\demo\src\test\resources
2026-03-03 10:24:01,765 [Worker-24: ビルド] INFO  o.a.m.s.f.DefaultMavenResourcesFiltering - Copying 0 resource from src\main\resources to target\classes
2026-03-03 10:24:01,767 [Worker-24: ビルド] INFO  o.a.m.s.f.DefaultMavenResourcesFiltering - Copying 1 resource from src\main\resources to target\classes
2026-03-03 10:24:01,774 [Worker-24: ビルド] INFO  o.a.m.s.f.DefaultMavenResourcesFiltering - skip non existing resourceDirectory C:\springDemo\demo\src\test\resources
2026-03-03 10:28:47,379 [Worker-24: ビルド] INFO  o.a.m.s.f.DefaultMavenResourcesFiltering - Copying 0 resource from src\main\resources to target\classes
2026-03-03 10:28:47,382 [Worker-24: ビルド] INFO  o.a.m.s.f.DefaultMavenResourcesFiltering - Copying 1 resource from src\main\resources to target\classes
2026-03-03 10:28:47,387 [Worker-24: ビルド] INFO  o.a.m.s.f.DefaultMavenResourcesFiltering - skip non existing resourceDirectory C:\springDemo\demo\src\test\resources
2026-03-03 10:29:03,052 [Worker-4: ビルド] INFO  o.a.m.s.f.DefaultMavenResourcesFiltering - Copying 0 resource from src\main\resources to target\classes
2026-03-03 10:29:03,057 [Worker-4: ビルド] INFO  o.a.m.s.f.DefaultMavenResourcesFiltering - Copying 1 resource from src\main\resources to target\classes
2026-03-03 10:29:03,065 [Worker-4: ビルド] INFO  o.a.m.s.f.DefaultMavenResourcesFiltering - skip non existing resourceDirectory C:\springDemo\demo\src\test\resources
2026-03-03 10:31:37,722 [Worker-12: ビルド] INFO  o.a.m.s.f.DefaultMavenResourcesFiltering - Copying 0 resource from src\main\resources to target\classes
2026-03-03 10:31:37,725 [Worker-12: ビルド] INFO  o.a.m.s.f.DefaultMavenResourcesFiltering - Copying 1 resource from src\main\resources to target\classes
2026-03-03 10:31:37,731 [Worker-12: ビルド] INFO  o.a.m.s.f.DefaultMavenResourcesFiltering - skip non existing resourceDirectory C:\springDemo\demo\src\test\resources
2026-03-03 10:34:56,862 [Worker-23: ビルド] INFO  o.a.m.s.f.DefaultMavenResourcesFiltering - Copying 0 resource from src\main\resources to target\classes
2026-03-03 10:34:56,865 [Worker-23: ビルド] INFO  o.a.m.s.f.DefaultMavenResourcesFiltering - Copying 1 resource from src\main\resources to target\classes
2026-03-03 10:34:56,870 [Worker-23: ビルド] INFO  o.a.m.s.f.DefaultMavenResourcesFiltering - skip non existing resourceDirectory C:\springDemo\demo\src\test\resources
2026-03-03 10:35:01,618 [Worker-12: ビルド] INFO  o.a.m.s.f.DefaultMavenResourcesFiltering - Copying 0 resource from src\main\resources to target\classes
2026-03-03 10:35:01,621 [Worker-12: ビルド] INFO  o.a.m.s.f.DefaultMavenResourcesFiltering - Copying 1 resource from src\main\resources to target\classes
2026-03-03 10:35:01,627 [Worker-12: ビルド] INFO  o.a.m.s.f.DefaultMavenResourcesFiltering - skip non existing resourceDirectory C:\springDemo\demo\src\test\resources
2026-03-03 10:45:45,232 [Worker-26: ビルド] INFO  o.a.m.s.f.DefaultMavenResourcesFiltering - Copying 0 resource from src\main\resources to target\classes
2026-03-03 10:45:45,235 [Worker-26: ビルド] INFO  o.a.m.s.f.DefaultMavenResourcesFiltering - Copying 1 resource from src\main\resources to target\classes
2026-03-03 10:45:45,240 [Worker-26: ビルド] INFO  o.a.m.s.f.DefaultMavenResourcesFiltering - skip non existing resourceDirectory C:\springDemo\demo\src\test\resources
2026-03-03 10:48:56,690 [Worker-23: ビルド] INFO  o.a.m.s.f.DefaultMavenResourcesFiltering - Copying 1 resource from src\main\resources to target\classes
2026-03-03 10:48:56,697 [Worker-23: ビルド] INFO  o.a.m.s.f.DefaultMavenResourcesFiltering - Copying 10 resources from src\main\resources to target\classes
2026-03-03 10:48:56,703 [Worker-23: ビルド] INFO  o.a.m.s.f.DefaultMavenResourcesFiltering - skip non existing resourceDirectory C:\springDemo\demo\src\test\resources
2026-03-03 11:41:27,121 [Worker-28: ビルド] INFO  o.a.m.s.f.DefaultMavenResourcesFiltering - Copying 0 resource from src\main\resources to target\classes
2026-03-03 11:41:27,126 [Worker-28: ビルド] INFO  o.a.m.s.f.DefaultMavenResourcesFiltering - Copying 1 resource from src\main\resources to target\classes
2026-03-03 11:41:27,133 [Worker-28: ビルド] INFO  o.a.m.s.f.DefaultMavenResourcesFiltering - skip non existing resourceDirectory C:\springDemo\demo\src\test\resources
2026-03-03 11:43:07,463 [Worker-30: ビルド] INFO  o.a.m.s.f.DefaultMavenResourcesFiltering - Copying 1 resource from src\main\resources to target\classes
2026-03-03 11:43:07,475 [Worker-30: ビルド] INFO  o.a.m.s.f.DefaultMavenResourcesFiltering - Copying 10 resources from src\main\resources to target\classes
2026-03-03 11:43:07,482 [Worker-30: ビルド] INFO  o.a.m.s.f.DefaultMavenResourcesFiltering - skip non existing resourceDirectory C:\springDemo\demo\src\test\resources
2026-03-03 11:43:29,032 [Worker-32: ビルド] INFO  o.a.m.s.f.DefaultMavenResourcesFiltering - Copying 1 resource from src\main\resources to target\classes
2026-03-03 11:43:29,044 [Worker-32: ビルド] INFO  o.a.m.s.f.DefaultMavenResourcesFiltering - Copying 10 resources from src\main\resources to target\classes
2026-03-03 11:43:29,051 [Worker-32: ビルド] INFO  o.a.m.s.f.DefaultMavenResourcesFiltering - skip non existing resourceDirectory C:\springDemo\demo\src\test\resources
2026-03-03 11:47:53,381 [Worker-30: ビルド] INFO  o.a.m.s.f.DefaultMavenResourcesFiltering - Copying 1 resource from src\main\resources to target\classes
2026-03-03 11:47:53,386 [Worker-30: ビルド] INFO  o.a.m.s.f.DefaultMavenResourcesFiltering - Copying 10 resources from src\main\resources to target\classes
2026-03-03 11:47:53,392 [Worker-30: ビルド] INFO  o.a.m.s.f.DefaultMavenResourcesFiltering - skip non existing resourceDirectory C:\springDemo\demo\src\test\resources
2026-03-03 11:48:02,065 [Worker-32: ビルド] INFO  o.a.m.s.f.DefaultMavenResourcesFiltering - Copying 1 resource from src\main\resources to target\classes
2026-03-03 11:48:02,070 [Worker-32: ビルド] INFO  o.a.m.s.f.DefaultMavenResourcesFiltering - Copying 10 resources from src\main\resources to target\classes
2026-03-03 11:48:02,075 [Worker-32: ビルド] INFO  o.a.m.s.f.DefaultMavenResourcesFiltering - skip non existing resourceDirectory C:\springDemo\demo\src\test\resources
2026-03-03 11:50:26,982 [Worker-32: ビルド] INFO  o.a.m.s.f.DefaultMavenResourcesFiltering - Copying 1 resource from src\main\resources to target\classes
2026-03-03 11:50:26,988 [Worker-32: ビルド] INFO  o.a.m.s.f.DefaultMavenResourcesFiltering - Copying 10 resources from src\main\resources to target\classes
2026-03-03 11:50:26,993 [Worker-32: ビルド] INFO  o.a.m.s.f.DefaultMavenResourcesFiltering - skip non existing resourceDirectory C:\springDemo\demo\src\test\resources
2026-03-03 11:52:32,348 [Worker-30: ビルド] INFO  o.a.m.s.f.DefaultMavenResourcesFiltering - Copying 1 resource from src\main\resources to target\classes
2026-03-03 11:52:32,354 [Worker-30: ビルド] INFO  o.a.m.s.f.DefaultMavenResourcesFiltering - Copying 10 resources from src\main\resources to target\classes
2026-03-03 11:52:32,360 [Worker-30: ビルド] INFO  o.a.m.s.f.DefaultMavenResourcesFiltering - skip non existing resourceDirectory C:\springDemo\demo\src\test\resources
2026-03-03 11:53:14,128 [Worker-32: ビルド] INFO  o.a.m.s.f.DefaultMavenResourcesFiltering - Copying 1 resource from src\main\resources to target\classes
2026-03-03 11:53:14,133 [Worker-32: ビルド] INFO  o.a.m.s.f.DefaultMavenResourcesFiltering - Copying 10 resources from src\main\resources to target\classes
2026-03-03 11:53:14,139 [Worker-32: ビルド] INFO  o.a.m.s.f.DefaultMavenResourcesFiltering - skip non existing resourceDirectory C:\springDemo\demo\src\test\resources
2026-03-03 11:53:33,262 [Worker-28: ビルド] INFO  o.a.m.s.f.DefaultMavenResourcesFiltering - Copying 1 resource from src\main\resources to target\classes
2026-03-03 11:53:33,269 [Worker-28: ビルド] INFO  o.a.m.s.f.DefaultMavenResourcesFiltering - Copying 10 resources from src\main\resources to target\classes
2026-03-03 11:53:33,274 [Worker-28: ビルド] INFO  o.a.m.s.f.DefaultMavenResourcesFiltering - skip non existing resourceDirectory C:\springDemo\demo\src\test\resources
2026-03-03 11:55:14,378 [Worker-31: ビルド] INFO  o.a.m.s.f.DefaultMavenResourcesFiltering - Copying 1 resource from src\main\resources to target\classes
2026-03-03 11:55:14,381 [Worker-31: ビルド] INFO  o.a.m.s.f.DefaultMavenResourcesFiltering - Copying 10 resources from src\main\resources to target\classes
2026-03-03 11:55:14,386 [Worker-31: ビルド] INFO  o.a.m.s.f.DefaultMavenResourcesFiltering - skip non existing resourceDirectory C:\springDemo\demo\src\test\resources
2026-03-03 11:55:34,308 [Worker-23: ビルド] INFO  o.a.m.s.f.DefaultMavenResourcesFiltering - Copying 1 resource from src\main\resources to target\classes
2026-03-03 11:55:34,313 [Worker-23: ビルド] INFO  o.a.m.s.f.DefaultMavenResourcesFiltering - Copying 10 resources from src\main\resources to target\classes
2026-03-03 11:55:34,319 [Worker-23: ビルド] INFO  o.a.m.s.f.DefaultMavenResourcesFiltering - skip non existing resourceDirectory C:\springDemo\demo\src\test\resources
2026-03-03 11:56:50,878 [Worker-33: ビルド] INFO  o.a.m.s.f.DefaultMavenResourcesFiltering - Copying 1 resource from src\main\resources to target\classes
2026-03-03 11:56:50,882 [Worker-33: ビルド] INFO  o.a.m.s.f.DefaultMavenResourcesFiltering - Copying 10 resources from src\main\resources to target\classes
2026-03-03 11:56:50,887 [Worker-33: ビルド] INFO  o.a.m.s.f.DefaultMavenResourcesFiltering - skip non existing resourceDirectory C:\springDemo\demo\src\test\resources
2026-03-03 11:57:48,787 [Worker-32: ビルド] INFO  o.a.m.s.f.DefaultMavenResourcesFiltering - Copying 1 resource from src\main\resources to target\classes
2026-03-03 11:57:48,792 [Worker-32: ビルド] INFO  o.a.m.s.f.DefaultMavenResourcesFiltering - Copying 10 resources from src\main\resources to target\classes
2026-03-03 11:57:48,798 [Worker-32: ビルド] INFO  o.a.m.s.f.DefaultMavenResourcesFiltering - skip non existing resourceDirectory C:\springDemo\demo\src\test\resources
2026-03-03 12:00:49,624 [Worker-31: ビルド] INFO  o.a.m.s.f.DefaultMavenResourcesFiltering - Copying 1 resource from src\main\resources to target\classes
2026-03-03 12:00:49,632 [Worker-31: ビルド] INFO  o.a.m.s.f.DefaultMavenResourcesFiltering - Copying 10 resources from src\main\resources to target\classes
2026-03-03 12:00:49,638 [Worker-31: ビルド] INFO  o.a.m.s.f.DefaultMavenResourcesFiltering - skip non existing resourceDirectory C:\springDemo\demo\src\test\resources
2026-03-03 12:01:00,144 [Worker-34: ビルド] INFO  o.a.m.s.f.DefaultMavenResourcesFiltering - Copying 1 resource from src\main\resources to target\classes
2026-03-03 12:01:00,162 [Worker-34: ビルド] INFO  o.a.m.s.f.DefaultMavenResourcesFiltering - Copying 10 resources from src\main\resources to target\classes
2026-03-03 12:01:00,171 [Worker-34: ビルド] INFO  o.a.m.s.f.DefaultMavenResourcesFiltering - skip non existing resourceDirectory C:\springDemo\demo\src\test\resources
2026-03-03 12:02:40,443 [Worker-30: ビルド] INFO  o.a.m.s.f.DefaultMavenResourcesFiltering - Copying 1 resource from src\main\resources to target\classes
2026-03-03 12:02:40,450 [Worker-30: ビルド] INFO  o.a.m.s.f.DefaultMavenResourcesFiltering - Copying 10 resources from src\main\resources to target\classes
2026-03-03 12:02:40,459 [Worker-30: ビルド] INFO  o.a.m.s.f.DefaultMavenResourcesFiltering - skip non existing resourceDirectory C:\springDemo\demo\src\test\resources
2026-03-03 13:20:20,423 [Worker-31: ビルド] INFO  o.a.m.s.f.DefaultMavenResourcesFiltering - Copying 1 resource from src\main\resources to target\classes
2026-03-03 13:20:20,433 [Worker-31: ビルド] INFO  o.a.m.s.f.DefaultMavenResourcesFiltering - Copying 10 resources from src\main\resources to target\classes
2026-03-03 13:20:20,448 [Worker-31: ビルド] INFO  o.a.m.s.f.DefaultMavenResourcesFiltering - skip non existing resourceDirectory C:\springDemo\demo\src\test\resources
2026-03-03 13:21:27,522 [Worker-31: ビルド] INFO  o.a.m.s.f.DefaultMavenResourcesFiltering - Copying 1 resource from src\main\resources to target\classes
2026-03-03 13:21:27,528 [Worker-31: ビルド] INFO  o.a.m.s.f.DefaultMavenResourcesFiltering - Copying 10 resources from src\main\resources to target\classes
2026-03-03 13:21:27,536 [Worker-31: ビルド] INFO  o.a.m.s.f.DefaultMavenResourcesFiltering - skip non existing resourceDirectory C:\springDemo\demo\src\test\resources
2026-03-03 13:23:05,078 [Worker-40: ビルド] INFO  o.a.m.s.f.DefaultMavenResourcesFiltering - Copying 1 resource from src\main\resources to target\classes
2026-03-03 13:23:05,083 [Worker-40: ビルド] INFO  o.a.m.s.f.DefaultMavenResourcesFiltering - Copying 10 resources from src\main\resources to target\classes
2026-03-03 13:23:05,090 [Worker-40: ビルド] INFO  o.a.m.s.f.DefaultMavenResourcesFiltering - skip non existing resourceDirectory C:\springDemo\demo\src\test\resources
2026-03-03 13:23:11,101 [Worker-31: ビルド] INFO  o.a.m.s.f.DefaultMavenResourcesFiltering - Copying 1 resource from src\main\resources to target\classes
2026-03-03 13:23:11,106 [Worker-31: ビルド] INFO  o.a.m.s.f.DefaultMavenResourcesFiltering - Copying 10 resources from src\main\resources to target\classes
2026-03-03 13:23:11,117 [Worker-31: ビルド] INFO  o.a.m.s.f.DefaultMavenResourcesFiltering - skip non existing resourceDirectory C:\springDemo\demo\src\test\resources
2026-03-03 13:23:28,214 [Worker-39: ビルド] INFO  o.a.m.s.f.DefaultMavenResourcesFiltering - Copying 1 resource from src\main\resources to target\classes
2026-03-03 13:23:28,218 [Worker-39: ビルド] INFO  o.a.m.s.f.DefaultMavenResourcesFiltering - Copying 10 resources from src\main\resources to target\classes
2026-03-03 13:23:28,224 [Worker-39: ビルド] INFO  o.a.m.s.f.DefaultMavenResourcesFiltering - skip non existing resourceDirectory C:\springDemo\demo\src\test\resources
2026-03-03 13:25:03,602 [Worker-40: ビルド] INFO  o.a.m.s.f.DefaultMavenResourcesFiltering - Copying 1 resource from src\main\resources to target\classes
2026-03-03 13:25:03,618 [Worker-40: ビルド] INFO  o.a.m.s.f.DefaultMavenResourcesFiltering - Copying 10 resources from src\main\resources to target\classes
2026-03-03 13:25:03,627 [Worker-40: ビルド] INFO  o.a.m.s.f.DefaultMavenResourcesFiltering - skip non existing resourceDirectory C:\springDemo\demo\src\test\resources
2026-03-03 13:33:34,251 [Worker-46: ビルド] INFO  o.a.m.s.f.DefaultMavenResourcesFiltering - Copying 1 resource from src\main\resources to target\classes
2026-03-03 13:33:34,264 [Worker-46: ビルド] INFO  o.a.m.s.f.DefaultMavenResourcesFiltering - Copying 10 resources from src\main\resources to target\classes
2026-03-03 13:33:34,270 [Worker-46: ビルド] INFO  o.a.m.s.f.DefaultMavenResourcesFiltering - skip non existing resourceDirectory C:\springDemo\demo\src\test\resources
2026-03-03 13:33:42,653 [Worker-31: ビルド] INFO  o.a.m.s.f.DefaultMavenResourcesFiltering - Copying 1 resource from src\main\resources to target\classes
2026-03-03 13:33:42,664 [Worker-31: ビルド] INFO  o.a.m.s.f.DefaultMavenResourcesFiltering - Copying 10 resources from src\main\resources to target\classes
2026-03-03 13:33:42,669 [Worker-31: ビルド] INFO  o.a.m.s.f.DefaultMavenResourcesFiltering - skip non existing resourceDirectory C:\springDemo\demo\src\test\resources
2026-03-03 13:43:46,524 [Worker-52: ビルド] INFO  o.a.m.s.f.DefaultMavenResourcesFiltering - Copying 1 resource from src\main\resources to target\classes
2026-03-03 13:43:46,529 [Worker-52: ビルド] INFO  o.a.m.s.f.DefaultMavenResourcesFiltering - Copying 10 resources from src\main\resources to target\classes
2026-03-03 13:43:46,535 [Worker-52: ビルド] INFO  o.a.m.s.f.DefaultMavenResourcesFiltering - skip non existing resourceDirectory C:\springDemo\demo\src\test\resources
2026-03-03 13:44:50,912 [Worker-50: ビルド] INFO  o.a.m.s.f.DefaultMavenResourcesFiltering - Copying 1 resource from src\main\resources to target\classes
2026-03-03 13:44:50,918 [Worker-50: ビルド] INFO  o.a.m.s.f.DefaultMavenResourcesFiltering - Copying 10 resources from src\main\resources to target\classes
2026-03-03 13:44:50,923 [Worker-50: ビルド] INFO  o.a.m.s.f.DefaultMavenResourcesFiltering - skip non existing resourceDirectory C:\springDemo\demo\src\test\resources
2026-03-03 13:45:02,954 [Worker-52: ビルド] INFO  o.a.m.s.f.DefaultMavenResourcesFiltering - Copying 1 resource from src\main\resources to target\classes
2026-03-03 13:45:02,961 [Worker-52: ビルド] INFO  o.a.m.s.f.DefaultMavenResourcesFiltering - Copying 10 resources from src\main\resources to target\classes
2026-03-03 13:45:02,969 [Worker-52: ビルド] INFO  o.a.m.s.f.DefaultMavenResourcesFiltering - skip non existing resourceDirectory C:\springDemo\demo\src\test\resources
2026-03-03 13:48:08,317 [Worker-53: ビルド] INFO  o.a.m.s.f.DefaultMavenResourcesFiltering - Copying 1 resource from src\main\resources to target\classes
2026-03-03 13:48:08,322 [Worker-53: ビルド] INFO  o.a.m.s.f.DefaultMavenResourcesFiltering - Copying 10 resources from src\main\resources to target\classes
2026-03-03 13:48:08,328 [Worker-53: ビルド] INFO  o.a.m.s.f.DefaultMavenResourcesFiltering - skip non existing resourceDirectory C:\springDemo\demo\src\test\resources
2026-03-03 13:48:17,928 [Worker-53: ビルド] INFO  o.a.m.s.f.DefaultMavenResourcesFiltering - Copying 1 resource from src\main\resources to target\classes
2026-03-03 13:48:17,933 [Worker-53: ビルド] INFO  o.a.m.s.f.DefaultMavenResourcesFiltering - Copying 10 resources from src\main\resources to target\classes
2026-03-03 13:48:17,939 [Worker-53: ビルド] INFO  o.a.m.s.f.DefaultMavenResourcesFiltering - skip non existing resourceDirectory C:\springDemo\demo\src\test\resources
2026-03-03 13:48:26,347 [Worker-55: ビルド] INFO  o.a.m.s.f.DefaultMavenResourcesFiltering - Copying 1 resource from src\main\resources to target\classes
2026-03-03 13:48:26,351 [Worker-55: ビルド] INFO  o.a.m.s.f.DefaultMavenResourcesFiltering - Copying 10 resources from src\main\resources to target\classes
2026-03-03 13:48:26,356 [Worker-55: ビルド] INFO  o.a.m.s.f.DefaultMavenResourcesFiltering - skip non existing resourceDirectory C:\springDemo\demo\src\test\resources
2026-03-03 14:15:29,161 [Worker-61: ビルド] INFO  o.a.m.s.f.DefaultMavenResourcesFiltering - Copying 1 resource from src\main\resources to target\classes
2026-03-03 14:15:29,167 [Worker-61: ビルド] INFO  o.a.m.s.f.DefaultMavenResourcesFiltering - Copying 10 resources from src\main\resources to target\classes
2026-03-03 14:15:29,172 [Worker-61: ビルド] INFO  o.a.m.s.f.DefaultMavenResourcesFiltering - skip non existing resourceDirectory C:\springDemo\demo\src\test\resources
2026-03-03 14:15:33,274 [Worker-54: ビルド] INFO  o.a.m.s.f.DefaultMavenResourcesFiltering - Copying 1 resource from src\main\resources to target\classes
2026-03-03 14:15:33,285 [Worker-54: ビルド] INFO  o.a.m.s.f.DefaultMavenResourcesFiltering - Copying 10 resources from src\main\resources to target\classes
2026-03-03 14:15:33,291 [Worker-54: ビルド] INFO  o.a.m.s.f.DefaultMavenResourcesFiltering - skip non existing resourceDirectory C:\springDemo\demo\src\test\resources
2026-03-03 14:16:39,289 [Worker-54: ビルド] INFO  o.a.m.s.f.DefaultMavenResourcesFiltering - Copying 1 resource from src\main\resources to target\classes
2026-03-03 14:16:39,294 [Worker-54: ビルド] INFO  o.a.m.s.f.DefaultMavenResourcesFiltering - Copying 10 resources from src\main\resources to target\classes
2026-03-03 14:16:39,299 [Worker-54: ビルド] INFO  o.a.m.s.f.DefaultMavenResourcesFiltering - skip non existing resourceDirectory C:\springDemo\demo\src\test\resources
2026-03-03 14:17:33,453 [Worker-62: ビルド] INFO  o.a.m.s.f.DefaultMavenResourcesFiltering - Copying 1 resource from src\main\resources to target\classes
2026-03-03 14:17:33,457 [Worker-62: ビルド] INFO  o.a.m.s.f.DefaultMavenResourcesFiltering - Copying 10 resources from src\main\resources to target\classes
2026-03-03 14:17:33,467 [Worker-62: ビルド] INFO  o.a.m.s.f.DefaultMavenResourcesFiltering - skip non existing resourceDirectory C:\springDemo\demo\src\test\resources
2026-03-03 14:18:14,189 [Worker-61: ビルド] INFO  o.a.m.s.f.DefaultMavenResourcesFiltering - Copying 1 resource from src\main\resources to target\classes
2026-03-03 14:18:14,202 [Worker-61: ビルド] INFO  o.a.m.s.f.DefaultMavenResourcesFiltering - Copying 10 resources from src\main\resources to target\classes
2026-03-03 14:18:14,207 [Worker-61: ビルド] INFO  o.a.m.s.f.DefaultMavenResourcesFiltering - skip non existing resourceDirectory C:\springDemo\demo\src\test\resources
2026-03-03 14:18:48,154 [Worker-54: ビルド] INFO  o.a.m.s.f.DefaultMavenResourcesFiltering - Copying 1 resource from src\main\resources to target\classes
2026-03-03 14:18:48,164 [Worker-54: ビルド] INFO  o.a.m.s.f.DefaultMavenResourcesFiltering - Copying 10 resources from src\main\resources to target\classes
2026-03-03 14:18:48,174 [Worker-54: ビルド] INFO  o.a.m.s.f.DefaultMavenResourcesFiltering - skip non existing resourceDirectory C:\springDemo\demo\src\test\resources
2026-03-03 14:32:34,591 [Worker-59: ビルド] INFO  o.a.m.s.f.DefaultMavenResourcesFiltering - Copying 1 resource from src\main\resources to target\classes
2026-03-03 14:32:34,597 [Worker-59: ビルド] INFO  o.a.m.s.f.DefaultMavenResourcesFiltering - Copying 10 resources from src\main\resources to target\classes
2026-03-03 14:32:34,602 [Worker-59: ビルド] INFO  o.a.m.s.f.DefaultMavenResourcesFiltering - skip non existing resourceDirectory C:\springDemo\demo\src\test\resources
2026-03-03 14:36:26,395 [Worker-60: ビルド] INFO  o.a.m.s.f.DefaultMavenResourcesFiltering - Copying 1 resource from src\main\resources to target\classes
2026-03-03 14:36:26,399 [Worker-60: ビルド] INFO  o.a.m.s.f.DefaultMavenResourcesFiltering - Copying 10 resources from src\main\resources to target\classes
2026-03-03 14:36:26,405 [Worker-60: ビルド] INFO  o.a.m.s.f.DefaultMavenResourcesFiltering - skip non existing resourceDirectory C:\springDemo\demo\src\test\resources
2026-03-03 14:37:06,037 [Worker-59: ビルド] INFO  o.a.m.s.f.DefaultMavenResourcesFiltering - Copying 1 resource from src\main\resources to target\classes
2026-03-03 14:37:06,042 [Worker-59: ビルド] INFO  o.a.m.s.f.DefaultMavenResourcesFiltering - Copying 10 resources from src\main\resources to target\classes
2026-03-03 14:37:06,047 [Worker-59: ビルド] INFO  o.a.m.s.f.DefaultMavenResourcesFiltering - skip non existing resourceDirectory C:\springDemo\demo\src\test\resources
2026-03-03 14:38:11,168 [Worker-59: ビルド] INFO  o.a.m.s.f.DefaultMavenResourcesFiltering - Copying 1 resource from src\main\resources to target\classes
2026-03-03 14:38:11,175 [Worker-59: ビルド] INFO  o.a.m.s.f.DefaultMavenResourcesFiltering - Copying 10 resources from src\main\resources to target\classes
2026-03-03 14:38:11,181 [Worker-59: ビルド] INFO  o.a.m.s.f.DefaultMavenResourcesFiltering - skip non existing resourceDirectory C:\springDemo\demo\src\test\resources
2026-03-03 14:38:48,307 [Worker-61: ビルド] INFO  o.a.m.s.f.DefaultMavenResourcesFiltering - Copying 1 resource from src\main\resources to target\classes
2026-03-03 14:38:48,315 [Worker-61: ビルド] INFO  o.a.m.s.f.DefaultMavenResourcesFiltering - Copying 10 resources from src\main\resources to target\classes
2026-03-03 14:38:48,321 [Worker-61: ビルド] INFO  o.a.m.s.f.DefaultMavenResourcesFiltering - skip non existing resourceDirectory C:\springDemo\demo\src\test\resources
2026-03-03 14:39:02,644 [Worker-64: ビルド] INFO  o.a.m.s.f.DefaultMavenResourcesFiltering - Copying 1 resource from src\main\resources to target\classes
2026-03-03 14:39:02,653 [Worker-64: ビルド] INFO  o.a.m.s.f.DefaultMavenResourcesFiltering - Copying 10 resources from src\main\resources to target\classes
2026-03-03 14:39:02,658 [Worker-64: ビルド] INFO  o.a.m.s.f.DefaultMavenResourcesFiltering - skip non existing resourceDirectory C:\springDemo\demo\src\test\resources
2026-03-03 14:39:30,404 [Worker-59: ビルド] INFO  o.a.m.s.f.DefaultMavenResourcesFiltering - Copying 1 resource from src\main\resources to target\classes
2026-03-03 14:39:30,413 [Worker-59: ビルド] INFO  o.a.m.s.f.DefaultMavenResourcesFiltering - Copying 10 resources from src\main\resources to target\classes
2026-03-03 14:39:30,420 [Worker-59: ビルド] INFO  o.a.m.s.f.DefaultMavenResourcesFiltering - skip non existing resourceDirectory C:\springDemo\demo\src\test\resources
2026-03-03 14:39:37,807 [Worker-59: ビルド] INFO  o.a.m.s.f.DefaultMavenResourcesFiltering - Copying 1 resource from src\main\resources to target\classes
2026-03-03 14:39:37,818 [Worker-59: ビルド] INFO  o.a.m.s.f.DefaultMavenResourcesFiltering - Copying 10 resources from src\main\resources to target\classes
2026-03-03 14:39:37,824 [Worker-59: ビルド] INFO  o.a.m.s.f.DefaultMavenResourcesFiltering - skip non existing resourceDirectory C:\springDemo\demo\src\test\resources
2026-03-03 14:54:14,073 [Worker-63: ビルド] INFO  o.a.m.s.f.DefaultMavenResourcesFiltering - Copying 0 resource from src\main\resources to target\classes
2026-03-03 14:54:14,079 [Worker-63: ビルド] INFO  o.a.m.s.f.DefaultMavenResourcesFiltering - Copying 2 resources from src\main\resources to target\classes
2026-03-03 14:54:14,088 [Worker-63: ビルド] INFO  o.a.m.s.f.DefaultMavenResourcesFiltering - skip non existing resourceDirectory C:\springDemo\demo\src\test\resources
2026-03-03 14:54:32,487 [Worker-63: ビルド] INFO  o.a.m.s.f.DefaultMavenResourcesFiltering - Copying 0 resource from src\main\resources to target\classes
2026-03-03 14:54:32,490 [Worker-63: ビルド] INFO  o.a.m.s.f.DefaultMavenResourcesFiltering - Copying 0 resource from src\main\resources to target\classes
2026-03-03 14:54:32,494 [Worker-63: ビルド] INFO  o.a.m.s.f.DefaultMavenResourcesFiltering - skip non existing resourceDirectory C:\springDemo\demo\src\test\resources
2026-03-03 14:54:36,654 [Worker-66: ビルド] INFO  o.a.m.s.f.DefaultMavenResourcesFiltering - Copying 1 resource from src\main\resources to target\classes
2026-03-03 14:54:36,674 [Worker-66: ビルド] INFO  o.a.m.s.f.DefaultMavenResourcesFiltering - Copying 10 resources from src\main\resources to target\classes
2026-03-03 14:54:36,686 [Worker-66: ビルド] INFO  o.a.m.s.f.DefaultMavenResourcesFiltering - skip non existing resourceDirectory C:\springDemo\demo\src\test\resources
2026-03-03 14:56:37,301 [Worker-65: ビルド] INFO  o.a.m.s.f.DefaultMavenResourcesFiltering - Copying 0 resource from src\main\resources to target\classes
2026-03-03 14:56:37,307 [Worker-65: ビルド] INFO  o.a.m.s.f.DefaultMavenResourcesFiltering - Copying 1 resource from src\main\resources to target\classes
2026-03-03 14:56:37,317 [Worker-65: ビルド] INFO  o.a.m.s.f.DefaultMavenResourcesFiltering - skip non existing resourceDirectory C:\springDemo\demo\src\test\resources
2026-03-03 14:58:54,875 [Worker-61: ビルド] INFO  o.a.m.s.f.DefaultMavenResourcesFiltering - Copying 0 resource from src\main\resources to target\classes
2026-03-03 14:58:54,879 [Worker-61: ビルド] INFO  o.a.m.s.f.DefaultMavenResourcesFiltering - Copying 1 resource from src\main\resources to target\classes
2026-03-03 14:58:54,884 [Worker-61: ビルド] INFO  o.a.m.s.f.DefaultMavenResourcesFiltering - skip non existing resourceDirectory C:\springDemo\demo\src\test\resources
2026-03-03 15:00:59,677 [Worker-59: ビルド] INFO  o.a.m.s.f.DefaultMavenResourcesFiltering - Copying 0 resource from src\main\resources to target\classes
2026-03-03 15:00:59,680 [Worker-59: ビルド] INFO  o.a.m.s.f.DefaultMavenResourcesFiltering - Copying 1 resource from src\main\resources to target\classes
2026-03-03 15:00:59,688 [Worker-59: ビルド] INFO  o.a.m.s.f.DefaultMavenResourcesFiltering - skip non existing resourceDirectory C:\springDemo\demo\src\test\resources
2026-03-03 15:01:02,784 [Worker-66: ビルド] INFO  o.a.m.s.f.DefaultMavenResourcesFiltering - Copying 0 resource from src\main\resources to target\classes
2026-03-03 15:01:02,786 [Worker-66: ビルド] INFO  o.a.m.s.f.DefaultMavenResourcesFiltering - Copying 1 resource from src\main\resources to target\classes
2026-03-03 15:01:02,795 [Worker-66: ビルド] INFO  o.a.m.s.f.DefaultMavenResourcesFiltering - skip non existing resourceDirectory C:\springDemo\demo\src\test\resources
2026-03-03 15:02:36,379 [Worker-61: ビルド] INFO  o.a.m.s.f.DefaultMavenResourcesFiltering - Copying 0 resource from src\main\resources to target\classes
2026-03-03 15:02:36,382 [Worker-61: ビルド] INFO  o.a.m.s.f.DefaultMavenResourcesFiltering - Copying 1 resource from src\main\resources to target\classes
2026-03-03 15:02:36,389 [Worker-61: ビルド] INFO  o.a.m.s.f.DefaultMavenResourcesFiltering - skip non existing resourceDirectory C:\springDemo\demo\src\test\resources
2026-03-03 15:02:59,568 [Worker-63: ビルド] INFO  o.a.m.s.f.DefaultMavenResourcesFiltering - Copying 0 resource from src\main\resources to target\classes
2026-03-03 15:02:59,573 [Worker-63: ビルド] INFO  o.a.m.s.f.DefaultMavenResourcesFiltering - Copying 1 resource from src\main\resources to target\classes
2026-03-03 15:02:59,583 [Worker-63: ビルド] INFO  o.a.m.s.f.DefaultMavenResourcesFiltering - skip non existing resourceDirectory C:\springDemo\demo\src\test\resources
2026-03-03 15:03:51,073 [Worker-61: ビルド] INFO  o.a.m.s.f.DefaultMavenResourcesFiltering - Copying 0 resource from src\main\resources to target\classes
2026-03-03 15:03:51,076 [Worker-61: ビルド] INFO  o.a.m.s.f.DefaultMavenResourcesFiltering - Copying 1 resource from src\main\resources to target\classes
2026-03-03 15:03:51,081 [Worker-61: ビルド] INFO  o.a.m.s.f.DefaultMavenResourcesFiltering - skip non existing resourceDirectory C:\springDemo\demo\src\test\resources
2026-03-03 15:13:35,866 [Worker-68: ビルド] INFO  o.a.m.s.f.DefaultMavenResourcesFiltering - Copying 0 resource from src\main\resources to target\classes
2026-03-03 15:13:35,870 [Worker-68: ビルド] INFO  o.a.m.s.f.DefaultMavenResourcesFiltering - Copying 1 resource from src\main\resources to target\classes
2026-03-03 15:13:35,881 [Worker-68: ビルド] INFO  o.a.m.s.f.DefaultMavenResourcesFiltering - skip non existing resourceDirectory C:\springDemo\demo\src\test\resources
2026-03-03 15:14:54,084 [Worker-63: ビルド] INFO  o.a.m.s.f.DefaultMavenResourcesFiltering - Copying 0 resource from src\main\resources to target\classes
2026-03-03 15:14:54,086 [Worker-63: ビルド] INFO  o.a.m.s.f.DefaultMavenResourcesFiltering - Copying 1 resource from src\main\resources to target\classes
2026-03-03 15:14:54,092 [Worker-63: ビルド] INFO  o.a.m.s.f.DefaultMavenResourcesFiltering - skip non existing resourceDirectory C:\springDemo\demo\src\test\resources
2026-03-03 15:14:56,163 [Worker-66: ビルド] INFO  o.a.m.s.f.DefaultMavenResourcesFiltering - Copying 1 resource from src\main\resources to target\classes
2026-03-03 15:14:56,168 [Worker-66: ビルド] INFO  o.a.m.s.f.DefaultMavenResourcesFiltering - Copying 10 resources from src\main\resources to target\classes
2026-03-03 15:14:56,177 [Worker-66: ビルド] INFO  o.a.m.s.f.DefaultMavenResourcesFiltering - skip non existing resourceDirectory C:\springDemo\demo\src\test\resources
2026-03-03 15:15:43,587 [Worker-61: ビルド] INFO  o.a.m.s.f.DefaultMavenResourcesFiltering - Copying 0 resource from src\main\resources to target\classes
2026-03-03 15:15:43,590 [Worker-61: ビルド] INFO  o.a.m.s.f.DefaultMavenResourcesFiltering - Copying 1 resource from src\main\resources to target\classes
2026-03-03 15:15:43,596 [Worker-61: ビルド] INFO  o.a.m.s.f.DefaultMavenResourcesFiltering - skip non existing resourceDirectory C:\springDemo\demo\src\test\resources
2026-03-03 15:19:54,674 [Worker-66: ビルド] INFO  o.a.m.s.f.DefaultMavenResourcesFiltering - Copying 1 resource from src\main\resources to target\classes
2026-03-03 15:19:54,680 [Worker-66: ビルド] INFO  o.a.m.s.f.DefaultMavenResourcesFiltering - Copying 10 resources from src\main\resources to target\classes
2026-03-03 15:19:54,688 [Worker-66: ビルド] INFO  o.a.m.s.f.DefaultMavenResourcesFiltering - skip non existing resourceDirectory C:\springDemo\demo\src\test\resources
2026-03-03 15:20:26,482 [Worker-65: ビルド] INFO  o.a.m.s.f.DefaultMavenResourcesFiltering - Copying 1 resource from src\main\resources to target\classes
2026-03-03 15:20:26,493 [Worker-65: ビルド] INFO  o.a.m.s.f.DefaultMavenResourcesFiltering - Copying 10 resources from src\main\resources to target\classes
2026-03-03 15:20:26,504 [Worker-65: ビルド] INFO  o.a.m.s.f.DefaultMavenResourcesFiltering - skip non existing resourceDirectory C:\springDemo\demo\src\test\resources
2026-03-03 15:20:45,801 [Worker-68: ビルド] INFO  o.a.m.s.f.DefaultMavenResourcesFiltering - Copying 1 resource from src\main\resources to target\classes
2026-03-03 15:20:45,808 [Worker-68: ビルド] INFO  o.a.m.s.f.DefaultMavenResourcesFiltering - Copying 10 resources from src\main\resources to target\classes
2026-03-03 15:20:45,814 [Worker-68: ビルド] INFO  o.a.m.s.f.DefaultMavenResourcesFiltering - skip non existing resourceDirectory C:\springDemo\demo\src\test\resources
2026-03-03 15:26:45,100 [Worker-61: ビルド] INFO  o.a.m.s.f.DefaultMavenResourcesFiltering - Copying 0 resource from src\main\resources to target\classes
2026-03-03 15:26:45,103 [Worker-61: ビルド] INFO  o.a.m.s.f.DefaultMavenResourcesFiltering - Copying 1 resource from src\main\resources to target\classes
2026-03-03 15:26:45,110 [Worker-61: ビルド] INFO  o.a.m.s.f.DefaultMavenResourcesFiltering - skip non existing resourceDirectory C:\springDemo\demo\src\test\resources
2026-03-03 15:27:03,963 [Worker-67: ビルド] INFO  o.a.m.s.f.DefaultMavenResourcesFiltering - Copying 0 resource from src\main\resources to target\classes
2026-03-03 15:27:03,966 [Worker-67: ビルド] INFO  o.a.m.s.f.DefaultMavenResourcesFiltering - Copying 1 resource from src\main\resources to target\classes
2026-03-03 15:27:03,971 [Worker-67: ビルド] INFO  o.a.m.s.f.DefaultMavenResourcesFiltering - skip non existing resourceDirectory C:\springDemo\demo\src\test\resources
2026-03-03 15:28:48,066 [Worker-68: ビルド] INFO  o.a.m.s.f.DefaultMavenResourcesFiltering - Copying 0 resource from src\main\resources to target\classes
2026-03-03 15:28:48,069 [Worker-68: ビルド] INFO  o.a.m.s.f.DefaultMavenResourcesFiltering - Copying 1 resource from src\main\resources to target\classes
2026-03-03 15:28:48,074 [Worker-68: ビルド] INFO  o.a.m.s.f.DefaultMavenResourcesFiltering - skip non existing resourceDirectory C:\springDemo\demo\src\test\resources
2026-03-03 15:29:32,804 [Worker-65: ビルド] INFO  o.a.m.s.f.DefaultMavenResourcesFiltering - Copying 0 resource from src\main\resources to target\classes
2026-03-03 15:29:32,807 [Worker-65: ビルド] INFO  o.a.m.s.f.DefaultMavenResourcesFiltering - Copying 1 resource from src\main\resources to target\classes
2026-03-03 15:29:32,813 [Worker-65: ビルド] INFO  o.a.m.s.f.DefaultMavenResourcesFiltering - skip non existing resourceDirectory C:\springDemo\demo\src\test\resources
2026-03-03 15:34:19,676 [Worker-61: ビルド] INFO  o.a.m.s.f.DefaultMavenResourcesFiltering - Copying 0 resource from src\main\resources to target\classes
2026-03-03 15:34:19,679 [Worker-61: ビルド] INFO  o.a.m.s.f.DefaultMavenResourcesFiltering - Copying 1 resource from src\main\resources to target\classes
2026-03-03 15:34:19,685 [Worker-61: ビルド] INFO  o.a.m.s.f.DefaultMavenResourcesFiltering - skip non existing resourceDirectory C:\springDemo\demo\src\test\resources
2026-03-03 15:36:40,796 [Worker-65: ビルド] INFO  o.a.m.s.f.DefaultMavenResourcesFiltering - Copying 0 resource from src\main\resources to target\classes
2026-03-03 15:36:40,799 [Worker-65: ビルド] INFO  o.a.m.s.f.DefaultMavenResourcesFiltering - Copying 1 resource from src\main\resources to target\classes
2026-03-03 15:36:40,979 [Worker-65: ビルド] INFO  o.a.m.s.f.DefaultMavenResourcesFiltering - skip non existing resourceDirectory C:\springDemo\demo\src\test\resources
2026-03-03 15:37:31,116 [Worker-65: ビルド] INFO  o.a.m.s.f.DefaultMavenResourcesFiltering - Copying 0 resource from src\main\resources to target\classes
2026-03-03 15:37:31,118 [Worker-65: ビルド] INFO  o.a.m.s.f.DefaultMavenResourcesFiltering - Copying 1 resource from src\main\resources to target\classes
2026-03-03 15:37:31,123 [Worker-65: ビルド] INFO  o.a.m.s.f.DefaultMavenResourcesFiltering - skip non existing resourceDirectory C:\springDemo\demo\src\test\resources
2026-03-03 15:37:48,924 [Worker-63: ビルド] INFO  o.a.m.s.f.DefaultMavenResourcesFiltering - Copying 0 resource from src\main\resources to target\classes
2026-03-03 15:37:48,927 [Worker-63: ビルド] INFO  o.a.m.s.f.DefaultMavenResourcesFiltering - Copying 1 resource from src\main\resources to target\classes
2026-03-03 15:37:48,933 [Worker-63: ビルド] INFO  o.a.m.s.f.DefaultMavenResourcesFiltering - skip non existing resourceDirectory C:\springDemo\demo\src\test\resources
2026-03-03 15:38:33,082 [Worker-59: ビルド] INFO  o.a.m.s.f.DefaultMavenResourcesFiltering - Copying 0 resource from src\main\resources to target\classes
2026-03-03 15:38:33,085 [Worker-59: ビルド] INFO  o.a.m.s.f.DefaultMavenResourcesFiltering - Copying 1 resource from src\main\resources to target\classes
2026-03-03 15:38:33,091 [Worker-59: ビルド] INFO  o.a.m.s.f.DefaultMavenResourcesFiltering - skip non existing resourceDirectory C:\springDemo\demo\src\test\resources
2026-03-03 15:38:59,986 [Worker-66: ビルド] INFO  o.a.m.s.f.DefaultMavenResourcesFiltering - Copying 0 resource from src\main\resources to target\classes
2026-03-03 15:38:59,989 [Worker-66: ビルド] INFO  o.a.m.s.f.DefaultMavenResourcesFiltering - Copying 1 resource from src\main\resources to target\classes
2026-03-03 15:38:59,994 [Worker-66: ビルド] INFO  o.a.m.s.f.DefaultMavenResourcesFiltering - skip non existing resourceDirectory C:\springDemo\demo\src\test\resources
2026-03-03 15:39:07,984 [Worker-67: ビルド] INFO  o.a.m.s.f.DefaultMavenResourcesFiltering - Copying 0 resource from src\main\resources to target\classes
2026-03-03 15:39:07,986 [Worker-67: ビルド] INFO  o.a.m.s.f.DefaultMavenResourcesFiltering - Copying 1 resource from src\main\resources to target\classes
2026-03-03 15:39:07,991 [Worker-67: ビルド] INFO  o.a.m.s.f.DefaultMavenResourcesFiltering - skip non existing resourceDirectory C:\springDemo\demo\src\test\resources
2026-03-03 16:35:15,834 [Worker-66: ビルド] INFO  o.a.m.s.f.DefaultMavenResourcesFiltering - Copying 1 resource from src\main\resources to target\classes
2026-03-03 16:35:15,846 [Worker-66: ビルド] INFO  o.a.m.s.f.DefaultMavenResourcesFiltering - Copying 11 resources from src\main\resources to target\classes
2026-03-03 16:35:15,864 [Worker-66: ビルド] INFO  o.a.m.s.f.DefaultMavenResourcesFiltering - skip non existing resourceDirectory C:\springDemo\demo\src\test\resources
2026-03-03 16:37:59,310 [Worker-60: ビルド] INFO  o.a.m.s.f.DefaultMavenResourcesFiltering - Copying 0 resource from src\main\resources to target\classes
2026-03-03 16:37:59,315 [Worker-60: ビルド] INFO  o.a.m.s.f.DefaultMavenResourcesFiltering - Copying 1 resource from src\main\resources to target\classes
2026-03-03 16:37:59,325 [Worker-60: ビルド] INFO  o.a.m.s.f.DefaultMavenResourcesFiltering - skip non existing resourceDirectory C:\springDemo\demo\src\test\resources
2026-03-03 16:39:18,267 [Worker-71: ビルド] INFO  o.a.m.s.f.DefaultMavenResourcesFiltering - Copying 1 resource from src\main\resources to target\classes
2026-03-03 16:39:18,281 [Worker-71: ビルド] INFO  o.a.m.s.f.DefaultMavenResourcesFiltering - Copying 11 resources from src\main\resources to target\classes
2026-03-03 16:39:18,292 [Worker-71: ビルド] INFO  o.a.m.s.f.DefaultMavenResourcesFiltering - skip non existing resourceDirectory C:\springDemo\demo\src\test\resources
2026-03-03 16:44:09,932 [Worker-71: ビルド] INFO  o.a.m.s.f.DefaultMavenResourcesFiltering - Copying 0 resource from src\main\resources to target\classes
2026-03-03 16:44:09,938 [Worker-71: ビルド] INFO  o.a.m.s.f.DefaultMavenResourcesFiltering - Copying 1 resource from src\main\resources to target\classes
2026-03-03 16:44:09,949 [Worker-71: ビルド] INFO  o.a.m.s.f.DefaultMavenResourcesFiltering - skip non existing resourceDirectory C:\springDemo\demo\src\test\resources
2026-03-03 16:45:02,298 [Worker-69: ビルド] INFO  o.a.m.s.f.DefaultMavenResourcesFiltering - Copying 0 resource from src\main\resources to target\classes
2026-03-03 16:45:02,304 [Worker-69: ビルド] INFO  o.a.m.s.f.DefaultMavenResourcesFiltering - Copying 1 resource from src\main\resources to target\classes
2026-03-03 16:45:02,312 [Worker-69: ビルド] INFO  o.a.m.s.f.DefaultMavenResourcesFiltering - skip non existing resourceDirectory C:\springDemo\demo\src\test\resources
2026-03-03 16:46:19,982 [Worker-71: ビルド] INFO  o.a.m.s.f.DefaultMavenResourcesFiltering - Copying 0 resource from src\main\resources to target\classes
2026-03-03 16:46:19,985 [Worker-71: ビルド] INFO  o.a.m.s.f.DefaultMavenResourcesFiltering - Copying 1 resource from src\main\resources to target\classes
2026-03-03 16:46:19,992 [Worker-71: ビルド] INFO  o.a.m.s.f.DefaultMavenResourcesFiltering - skip non existing resourceDirectory C:\springDemo\demo\src\test\resources
2026-03-03 17:22:18,915 [Worker-69: ビルド] INFO  o.a.m.s.f.DefaultMavenResourcesFiltering - Copying 1 resource from src\main\resources to target\classes
2026-03-03 17:22:18,926 [Worker-69: ビルド] INFO  o.a.m.s.f.DefaultMavenResourcesFiltering - Copying 11 resources from src\main\resources to target\classes
2026-03-03 17:22:18,940 [Worker-69: ビルド] INFO  o.a.m.s.f.DefaultMavenResourcesFiltering - skip non existing resourceDirectory C:\springDemo\demo\src\test\resources
2026-03-03 17:43:32,868 [Worker-66: ビルド] INFO  o.a.m.s.f.DefaultMavenResourcesFiltering - Copying 1 resource from src\main\resources to target\classes
2026-03-03 17:43:32,884 [Worker-66: ビルド] INFO  o.a.m.s.f.DefaultMavenResourcesFiltering - Copying 11 resources from src\main\resources to target\classes
2026-03-03 17:43:33,073 [Worker-66: ビルド] INFO  o.a.m.s.f.DefaultMavenResourcesFiltering - skip non existing resourceDirectory C:\springDemo\demo\src\test\resources
2026-03-03 17:49:10,258 [Worker-71: ビルド] INFO  o.a.m.s.f.DefaultMavenResourcesFiltering - Copying 1 resource from src\main\resources to target\classes
2026-03-03 17:49:10,269 [Worker-71: ビルド] INFO  o.a.m.s.f.DefaultMavenResourcesFiltering - Copying 11 resources from src\main\resources to target\classes
2026-03-03 17:49:10,280 [Worker-71: ビルド] INFO  o.a.m.s.f.DefaultMavenResourcesFiltering - skip non existing resourceDirectory C:\springDemo\demo\src\test\resources
2026-03-03 17:50:39,910 [Worker-66: ビルド] INFO  o.a.m.s.f.DefaultMavenResourcesFiltering - Copying 1 resource from src\main\resources to target\classes
2026-03-03 17:50:39,967 [Worker-66: ビルド] INFO  o.a.m.s.f.DefaultMavenResourcesFiltering - Copying 11 resources from src\main\resources to target\classes
2026-03-03 17:50:39,979 [Worker-66: ビルド] INFO  o.a.m.s.f.DefaultMavenResourcesFiltering - skip non existing resourceDirectory C:\springDemo\demo\src\test\resources
2026-03-03 17:53:04,347 [Worker-60: ビルド] INFO  o.a.m.s.f.DefaultMavenResourcesFiltering - Copying 1 resource from src\main\resources to target\classes
2026-03-03 17:53:04,352 [Worker-60: ビルド] INFO  o.a.m.s.f.DefaultMavenResourcesFiltering - Copying 11 resources from src\main\resources to target\classes
2026-03-03 17:53:04,361 [Worker-60: ビルド] INFO  o.a.m.s.f.DefaultMavenResourcesFiltering - skip non existing resourceDirectory C:\springDemo\demo\src\test\resources
2026-03-03 17:58:26,112 [Worker-71: ビルド] INFO  o.a.m.s.f.DefaultMavenResourcesFiltering - Copying 1 resource from src\main\resources to target\classes
2026-03-03 17:58:26,118 [Worker-71: ビルド] INFO  o.a.m.s.f.DefaultMavenResourcesFiltering - Copying 11 resources from src\main\resources to target\classes
2026-03-03 17:58:26,123 [Worker-71: ビルド] INFO  o.a.m.s.f.DefaultMavenResourcesFiltering - skip non existing resourceDirectory C:\springDemo\demo\src\test\resources
2026-03-03 17:59:35,663 [Worker-66: ビルド] INFO  o.a.m.s.f.DefaultMavenResourcesFiltering - Copying 1 resource from src\main\resources to target\classes
2026-03-03 17:59:35,671 [Worker-66: ビルド] INFO  o.a.m.s.f.DefaultMavenResourcesFiltering - Copying 11 resources from src\main\resources to target\classes
2026-03-03 17:59:35,681 [Worker-66: ビルド] INFO  o.a.m.s.f.DefaultMavenResourcesFiltering - skip non existing resourceDirectory C:\springDemo\demo\src\test\resources
2026-03-03 18:01:57,979 [Worker-69: ビルド] INFO  o.a.m.s.f.DefaultMavenResourcesFiltering - Copying 1 resource from src\main\resources to target\classes
2026-03-03 18:01:57,990 [Worker-69: ビルド] INFO  o.a.m.s.f.DefaultMavenResourcesFiltering - Copying 11 resources from src\main\resources to target\classes
2026-03-03 18:01:58,001 [Worker-69: ビルド] INFO  o.a.m.s.f.DefaultMavenResourcesFiltering - skip non existing resourceDirectory C:\springDemo\demo\src\test\resources
2026-03-03 18:03:24,281 [Worker-70: ビルド] INFO  o.a.m.s.f.DefaultMavenResourcesFiltering - Copying 1 resource from src\main\resources to target\classes
2026-03-03 18:03:24,295 [Worker-70: ビルド] INFO  o.a.m.s.f.DefaultMavenResourcesFiltering - Copying 11 resources from src\main\resources to target\classes
2026-03-03 18:03:24,303 [Worker-70: ビルド] INFO  o.a.m.s.f.DefaultMavenResourcesFiltering - skip non existing resourceDirectory C:\springDemo\demo\src\test\resources
2026-03-03 18:04:29,858 [Worker-60: ビルド] INFO  o.a.m.s.f.DefaultMavenResourcesFiltering - Copying 1 resource from src\main\resources to target\classes
2026-03-03 18:04:29,868 [Worker-60: ビルド] INFO  o.a.m.s.f.DefaultMavenResourcesFiltering - Copying 11 resources from src\main\resources to target\classes
2026-03-03 18:04:29,881 [Worker-60: ビルド] INFO  o.a.m.s.f.DefaultMavenResourcesFiltering - skip non existing resourceDirectory C:\springDemo\demo\src\test\resources
2026-03-03 18:06:21,068 [Worker-69: ビルド] INFO  o.a.m.s.f.DefaultMavenResourcesFiltering - Copying 1 resource from src\main\resources to target\classes
2026-03-03 18:06:21,081 [Worker-69: ビルド] INFO  o.a.m.s.f.DefaultMavenResourcesFiltering - Copying 11 resources from src\main\resources to target\classes
2026-03-03 18:06:21,091 [Worker-69: ビルド] INFO  o.a.m.s.f.DefaultMavenResourcesFiltering - skip non existing resourceDirectory C:\springDemo\demo\src\test\resources
2026-03-03 18:07:12,261 [Worker-71: ビルド] INFO  o.a.m.s.f.DefaultMavenResourcesFiltering - Copying 1 resource from src\main\resources to target\classes
2026-03-03 18:07:12,267 [Worker-71: ビルド] INFO  o.a.m.s.f.DefaultMavenResourcesFiltering - Copying 11 resources from src\main\resources to target\classes
2026-03-03 18:07:12,276 [Worker-71: ビルド] INFO  o.a.m.s.f.DefaultMavenResourcesFiltering - skip non existing resourceDirectory C:\springDemo\demo\src\test\resources
2026-03-03 18:08:21,034 [Worker-70: ビルド] INFO  o.a.m.s.f.DefaultMavenResourcesFiltering - Copying 1 resource from src\main\resources to target\classes
2026-03-03 18:08:21,052 [Worker-70: ビルド] INFO  o.a.m.s.f.DefaultMavenResourcesFiltering - Copying 11 resources from src\main\resources to target\classes
2026-03-03 18:08:21,059 [Worker-70: ビルド] INFO  o.a.m.s.f.DefaultMavenResourcesFiltering - skip non existing resourceDirectory C:\springDemo\demo\src\test\resources
2026-03-03 18:12:00,530 [Worker-60: ビルド] INFO  o.a.m.s.f.DefaultMavenResourcesFiltering - Copying 0 resource from src\main\resources to target\classes
2026-03-03 18:12:00,537 [Worker-60: ビルド] INFO  o.a.m.s.f.DefaultMavenResourcesFiltering - Copying 1 resource from src\main\resources to target\classes
2026-03-03 18:12:00,548 [Worker-60: ビルド] INFO  o.a.m.s.f.DefaultMavenResourcesFiltering - skip non existing resourceDirectory C:\springDemo\demo\src\test\resources
2026-03-03 18:13:40,735 [Worker-65: ビルド] INFO  o.a.m.s.f.DefaultMavenResourcesFiltering - Copying 0 resource from src\main\resources to target\classes
2026-03-03 18:13:40,738 [Worker-65: ビルド] INFO  o.a.m.s.f.DefaultMavenResourcesFiltering - Copying 1 resource from src\main\resources to target\classes
2026-03-03 18:13:40,744 [Worker-65: ビルド] INFO  o.a.m.s.f.DefaultMavenResourcesFiltering - skip non existing resourceDirectory C:\springDemo\demo\src\test\resources
2026-03-03 18:14:07,444 [Worker-70: ビルド] INFO  o.a.m.s.f.DefaultMavenResourcesFiltering - Copying 0 resource from src\main\resources to target\classes
2026-03-03 18:14:07,449 [Worker-70: ビルド] INFO  o.a.m.s.f.DefaultMavenResourcesFiltering - Copying 1 resource from src\main\resources to target\classes
2026-03-03 18:14:07,458 [Worker-70: ビルド] INFO  o.a.m.s.f.DefaultMavenResourcesFiltering - skip non existing resourceDirectory C:\springDemo\demo\src\test\resources
2026-03-03 18:14:09,503 [Worker-60: ビルド] INFO  o.a.m.s.f.DefaultMavenResourcesFiltering - Copying 0 resource from src\main\resources to target\classes
2026-03-03 18:14:09,506 [Worker-60: ビルド] INFO  o.a.m.s.f.DefaultMavenResourcesFiltering - Copying 1 resource from src\main\resources to target\classes
2026-03-03 18:14:09,512 [Worker-60: ビルド] INFO  o.a.m.s.f.DefaultMavenResourcesFiltering - skip non existing resourceDirectory C:\springDemo\demo\src\test\resources
2026-03-03 18:56:43,813 [Worker-71: ビルド] INFO  o.a.m.s.f.DefaultMavenResourcesFiltering - Copying 1 resource from src\main\resources to target\classes
2026-03-03 18:56:43,824 [Worker-71: ビルド] INFO  o.a.m.s.f.DefaultMavenResourcesFiltering - Copying 11 resources from src\main\resources to target\classes
2026-03-03 18:56:43,844 [Worker-71: ビルド] INFO  o.a.m.s.f.DefaultMavenResourcesFiltering - skip non existing resourceDirectory C:\springDemo\demo\src\test\resources
2026-03-03 18:59:01,979 [Worker-71: ビルド] INFO  o.a.m.s.f.DefaultMavenResourcesFiltering - Copying 0 resource from src\main\resources to target\classes
2026-03-03 18:59:01,985 [Worker-71: ビルド] INFO  o.a.m.s.f.DefaultMavenResourcesFiltering - Copying 1 resource from src\main\resources to target\classes
2026-03-03 18:59:01,999 [Worker-71: ビルド] INFO  o.a.m.s.f.DefaultMavenResourcesFiltering - skip non existing resourceDirectory C:\springDemo\demo\src\test\resources
2026-03-03 18:59:57,026 [Worker-73: ビルド] INFO  o.a.m.s.f.DefaultMavenResourcesFiltering - Copying 1 resource from src\main\resources to target\classes
2026-03-03 18:59:57,034 [Worker-73: ビルド] INFO  o.a.m.s.f.DefaultMavenResourcesFiltering - Copying 11 resources from src\main\resources to target\classes
2026-03-03 18:59:57,047 [Worker-73: ビルド] INFO  o.a.m.s.f.DefaultMavenResourcesFiltering - skip non existing resourceDirectory C:\springDemo\demo\src\test\resources
2026-03-03 19:00:00,374 [Worker-75: ビルド] INFO  o.a.m.s.f.DefaultMavenResourcesFiltering - Copying 1 resource from src\main\resources to target\classes
2026-03-03 19:00:00,384 [Worker-75: ビルド] INFO  o.a.m.s.f.DefaultMavenResourcesFiltering - Copying 11 resources from src\main\resources to target\classes
2026-03-03 19:00:00,403 [Worker-75: ビルド] INFO  o.a.m.s.f.DefaultMavenResourcesFiltering - skip non existing resourceDirectory C:\springDemo\demo\src\test\resources
2026-03-03 19:06:33,760 [Worker-77: ビルド] INFO  o.a.m.s.f.DefaultMavenResourcesFiltering - Copying 1 resource from src\main\resources to target\classes
2026-03-03 19:06:33,819 [Worker-77: ビルド] INFO  o.a.m.s.f.DefaultMavenResourcesFiltering - Copying 11 resources from src\main\resources to target\classes
2026-03-03 19:06:33,839 [Worker-77: ビルド] INFO  o.a.m.s.f.DefaultMavenResourcesFiltering - skip non existing resourceDirectory C:\springDemo\demo\src\test\resources
2026-03-03 19:07:04,832 [Worker-73: ビルド] INFO  o.a.m.s.f.DefaultMavenResourcesFiltering - Copying 1 resource from src\main\resources to target\classes
2026-03-03 19:07:04,847 [Worker-73: ビルド] INFO  o.a.m.s.f.DefaultMavenResourcesFiltering - Copying 11 resources from src\main\resources to target\classes
2026-03-03 19:07:04,859 [Worker-73: ビルド] INFO  o.a.m.s.f.DefaultMavenResourcesFiltering - skip non existing resourceDirectory C:\springDemo\demo\src\test\resources
2026-03-03 19:08:02,203 [Worker-71: ビルド] INFO  o.a.m.s.f.DefaultMavenResourcesFiltering - Copying 1 resource from src\main\resources to target\classes
2026-03-03 19:08:02,211 [Worker-71: ビルド] INFO  o.a.m.s.f.DefaultMavenResourcesFiltering - Copying 11 resources from src\main\resources to target\classes
2026-03-03 19:08:02,224 [Worker-71: ビルド] INFO  o.a.m.s.f.DefaultMavenResourcesFiltering - skip non existing resourceDirectory C:\springDemo\demo\src\test\resources
2026-03-03 19:08:29,406 [Worker-75: ビルド] INFO  o.a.m.s.f.DefaultMavenResourcesFiltering - Copying 1 resource from src\main\resources to target\classes
2026-03-03 19:08:29,425 [Worker-75: ビルド] INFO  o.a.m.s.f.DefaultMavenResourcesFiltering - Copying 11 resources from src\main\resources to target\classes
2026-03-03 19:08:29,441 [Worker-75: ビルド] INFO  o.a.m.s.f.DefaultMavenResourcesFiltering - skip non existing resourceDirectory C:\springDemo\demo\src\test\resources
2026-03-03 19:08:43,912 [Worker-76: ビルド] INFO  o.a.m.s.f.DefaultMavenResourcesFiltering - Copying 1 resource from src\main\resources to target\classes
2026-03-03 19:08:43,918 [Worker-76: ビルド] INFO  o.a.m.s.f.DefaultMavenResourcesFiltering - Copying 11 resources from src\main\resources to target\classes
2026-03-03 19:08:43,931 [Worker-76: ビルド] INFO  o.a.m.s.f.DefaultMavenResourcesFiltering - skip non existing resourceDirectory C:\springDemo\demo\src\test\resources
2026-03-03 19:10:18,020 [Worker-71: ビルド] INFO  o.a.m.s.f.DefaultMavenResourcesFiltering - Copying 1 resource from src\main\resources to target\classes
2026-03-03 19:10:18,026 [Worker-71: ビルド] INFO  o.a.m.s.f.DefaultMavenResourcesFiltering - Copying 11 resources from src\main\resources to target\classes
2026-03-03 19:10:18,264 [Worker-71: ビルド] INFO  o.a.m.s.f.DefaultMavenResourcesFiltering - skip non existing resourceDirectory C:\springDemo\demo\src\test\resources
2026-03-04 09:44:49,350 [Worker-4: Loading available Gradle versions] INFO  o.e.b.c.i.u.g.PublishedGradleVersions - Gradle version information cache is up-to-date. Trying to read.
2026-03-04 09:48:13,556 [Worker-21: ビルド] INFO  o.a.m.s.f.DefaultMavenResourcesFiltering - Copying 1 resource from src\main\resources to target\classes
2026-03-04 09:48:13,580 [Worker-21: ビルド] INFO  o.a.m.s.f.DefaultMavenResourcesFiltering - Copying 11 resources from src\main\resources to target\classes
2026-03-04 09:48:13,593 [Worker-21: ビルド] INFO  o.a.m.s.f.DefaultMavenResourcesFiltering - skip non existing resourceDirectory C:\springDemo\demo\src\test\resources
2026-03-04 09:48:17,277 [Worker-9: ビルド] INFO  o.a.m.s.f.DefaultMavenResourcesFiltering - Copying 1 resource from src\main\resources to target\classes
2026-03-04 09:48:17,284 [Worker-9: ビルド] INFO  o.a.m.s.f.DefaultMavenResourcesFiltering - Copying 11 resources from src\main\resources to target\classes
2026-03-04 09:48:17,291 [Worker-9: ビルド] INFO  o.a.m.s.f.DefaultMavenResourcesFiltering - skip non existing resourceDirectory C:\springDemo\demo\src\test\resources
2026-03-04 09:51:09,904 [Worker-0: ビルド] INFO  o.a.m.s.f.DefaultMavenResourcesFiltering - Copying 0 resource from src\main\resources to target\classes
2026-03-04 09:51:09,907 [Worker-0: ビルド] INFO  o.a.m.s.f.DefaultMavenResourcesFiltering - Copying 1 resource from src\main\resources to target\classes
2026-03-04 09:51:09,912 [Worker-0: ビルド] INFO  o.a.m.s.f.DefaultMavenResourcesFiltering - skip non existing resourceDirectory C:\springDemo\demo\src\test\resources
2026-03-04 09:51:44,135 [Worker-4: ビルド] INFO  o.a.m.s.f.DefaultMavenResourcesFiltering - Copying 0 resource from src\main\resources to target\classes
2026-03-04 09:51:44,138 [Worker-4: ビルド] INFO  o.a.m.s.f.DefaultMavenResourcesFiltering - Copying 1 resource from src\main\resources to target\classes
2026-03-04 09:51:44,143 [Worker-4: ビルド] INFO  o.a.m.s.f.DefaultMavenResourcesFiltering - skip non existing resourceDirectory C:\springDemo\demo\src\test\resources
2026-03-04 09:52:13,606 [Worker-16: ビルド] INFO  o.a.m.s.f.DefaultMavenResourcesFiltering - Copying 0 resource from src\main\resources to target\classes
2026-03-04 09:52:13,608 [Worker-16: ビルド] INFO  o.a.m.s.f.DefaultMavenResourcesFiltering - Copying 1 resource from src\main\resources to target\classes
2026-03-04 09:52:13,613 [Worker-16: ビルド] INFO  o.a.m.s.f.DefaultMavenResourcesFiltering - skip non existing resourceDirectory C:\springDemo\demo\src\test\resources
2026-03-04 09:52:30,584 [Worker-13: ビルド] INFO  o.a.m.s.f.DefaultMavenResourcesFiltering - Copying 0 resource from src\main\resources to target\classes
2026-03-04 09:52:30,586 [Worker-13: ビルド] INFO  o.a.m.s.f.DefaultMavenResourcesFiltering - Copying 1 resource from src\main\resources to target\classes
2026-03-04 09:52:30,592 [Worker-13: ビルド] INFO  o.a.m.s.f.DefaultMavenResourcesFiltering - skip non existing resourceDirectory C:\springDemo\demo\src\test\resources
2026-03-04 09:54:20,990 [Worker-1: ビルド] INFO  o.a.m.s.f.DefaultMavenResourcesFiltering - Copying 0 resource from src\main\resources to target\classes
2026-03-04 09:54:20,994 [Worker-1: ビルド] INFO  o.a.m.s.f.DefaultMavenResourcesFiltering - Copying 1 resource from src\main\resources to target\classes
2026-03-04 09:54:20,999 [Worker-1: ビルド] INFO  o.a.m.s.f.DefaultMavenResourcesFiltering - skip non existing resourceDirectory C:\springDemo\demo\src\test\resources
2026-03-04 10:03:25,108 [Worker-1: ビルド] INFO  o.a.m.s.f.DefaultMavenResourcesFiltering - Copying 0 resource from src\main\resources to target\classes
2026-03-04 10:03:25,113 [Worker-1: ビルド] INFO  o.a.m.s.f.DefaultMavenResourcesFiltering - Copying 1 resource from src\main\resources to target\classes
2026-03-04 10:03:25,118 [Worker-1: ビルド] INFO  o.a.m.s.f.DefaultMavenResourcesFiltering - skip non existing resourceDirectory C:\springDemo\demo\src\test\resources
2026-03-04 10:08:01,523 [Worker-6: ビルド] INFO  o.a.m.s.f.DefaultMavenResourcesFiltering - Copying 0 resource from src\main\resources to target\classes
2026-03-04 10:08:01,525 [Worker-6: ビルド] INFO  o.a.m.s.f.DefaultMavenResourcesFiltering - Copying 1 resource from src\main\resources to target\classes
2026-03-04 10:08:01,530 [Worker-6: ビルド] INFO  o.a.m.s.f.DefaultMavenResourcesFiltering - skip non existing resourceDirectory C:\springDemo\demo\src\test\resources
2026-03-04 10:15:10,576 [Worker-15: ビルド] INFO  o.a.m.s.f.DefaultMavenResourcesFiltering - Copying 0 resource from src\main\resources to target\classes
2026-03-04 10:15:10,581 [Worker-15: ビルド] INFO  o.a.m.s.f.DefaultMavenResourcesFiltering - Copying 1 resource from src\main\resources to target\classes
2026-03-04 10:15:10,586 [Worker-15: ビルド] INFO  o.a.m.s.f.DefaultMavenResourcesFiltering - skip non existing resourceDirectory C:\springDemo\demo\src\test\resources
2026-03-04 10:16:33,185 [Worker-19: ビルド] INFO  o.a.m.s.f.DefaultMavenResourcesFiltering - Copying 0 resource from src\main\resources to target\classes
2026-03-04 10:16:33,187 [Worker-19: ビルド] INFO  o.a.m.s.f.DefaultMavenResourcesFiltering - Copying 1 resource from src\main\resources to target\classes
2026-03-04 10:16:33,193 [Worker-19: ビルド] INFO  o.a.m.s.f.DefaultMavenResourcesFiltering - skip non existing resourceDirectory C:\springDemo\demo\src\test\resources
